{"environment":"development","error":"getaddrinfo ENOTFOUND sqs.us-east-1.amazonaws.com","instanceId":"Abdullah-pc","level":"error","message":"Error receiving messages","service":"notification-worker-service","timestamp":"I9O8601","version":"1.0.0"}
{"environment":"development","error":{"$metadata":{"attempts":3,"totalRetryDelay":143},"code":"ENOTFOUND","errno":-3008,"hostname":"sqs.us-east-1.amazonaws.com","syscall":"getaddrinfo"},"instanceId":"Abdullah-pc","level":"error","message":"Full error","service":"notification-worker-service","timestamp":"I9O8601","version":"1.0.0"}
{"environment":"development","error":"getaddrinfo ENOTFOUND sqs.us-east-1.amazonaws.com","instanceId":"Abdullah-pc","level":"error","message":"Error receiving messages","service":"notification-worker-service","timestamp":"I1O8601","version":"1.0.0"}
{"environment":"development","error":{"$metadata":{"attempts":3,"totalRetryDelay":126},"code":"ENOTFOUND","errno":-3008,"hostname":"sqs.us-east-1.amazonaws.com","syscall":"getaddrinfo"},"instanceId":"Abdullah-pc","level":"error","message":"Full error","service":"notification-worker-service","timestamp":"I1O8601","version":"1.0.0"}
{"environment":"development","error":"getaddrinfo ENOTFOUND sqs.us-east-1.amazonaws.com","instanceId":"Abdullah-pc","level":"error","message":"Error receiving messages","service":"notification-worker-service","timestamp":"I2O8601","version":"1.0.0"}
{"environment":"development","error":{"$metadata":{"attempts":3,"totalRetryDelay":96},"code":"ENOTFOUND","errno":-3008,"hostname":"sqs.us-east-1.amazonaws.com","syscall":"getaddrinfo"},"instanceId":"Abdullah-pc","level":"error","message":"Full error","service":"notification-worker-service","timestamp":"I2O8601","version":"1.0.0"}
{"environment":"development","error":"getaddrinfo ENOTFOUND sqs.us-east-1.amazonaws.com","instanceId":"Abdullah-pc","level":"error","message":"Error receiving messages","service":"notification-worker-service","timestamp":"I3O8601","version":"1.0.0"}
{"environment":"development","error":{"$metadata":{"attempts":3,"totalRetryDelay":85},"code":"ENOTFOUND","errno":-3008,"hostname":"sqs.us-east-1.amazonaws.com","syscall":"getaddrinfo"},"instanceId":"Abdullah-pc","level":"error","message":"Full error","service":"notification-worker-service","timestamp":"I3O8601","version":"1.0.0"}
{"environment":"development","error":"getaddrinfo ENOTFOUND sqs.us-east-1.amazonaws.com","instanceId":"Abdullah-pc","level":"error","message":"Error receiving messages","service":"notification-worker-service","timestamp":"I5O8601","version":"1.0.0"}
{"environment":"development","error":{"$metadata":{"attempts":3,"totalRetryDelay":148},"code":"ENOTFOUND","errno":-3008,"hostname":"sqs.us-east-1.amazonaws.com","syscall":"getaddrinfo"},"instanceId":"Abdullah-pc","level":"error","message":"Full error","service":"notification-worker-service","timestamp":"I5O8601","version":"1.0.0"}
{"environment":"development","error":"getaddrinfo ENOTFOUND sqs.us-east-1.amazonaws.com","instanceId":"Abdullah-pc","level":"error","message":"Error receiving messages","service":"worker-service","timestamp":"I7O8601","version":"1.0.0"}
{"environment":"development","error":{"$metadata":{"attempts":3,"totalRetryDelay":192},"code":"ENOTFOUND","errno":-3008,"hostname":"sqs.us-east-1.amazonaws.com","syscall":"getaddrinfo"},"instanceId":"Abdullah-pc","level":"error","message":"Full error","service":"worker-service","timestamp":"I7O8601","version":"1.0.0"}
{"environment":"development","error":"getaddrinfo ENOTFOUND sqs.us-east-1.amazonaws.com","instanceId":"Abdullah-pc","level":"error","message":"Error receiving messages","service":"notification-worker-service","timestamp":"I8O8601","version":"1.0.0"}
{"environment":"development","error":{"$metadata":{"attempts":3,"totalRetryDelay":232},"code":"ENOTFOUND","errno":-3008,"hostname":"sqs.us-east-1.amazonaws.com","syscall":"getaddrinfo"},"instanceId":"Abdullah-pc","level":"error","message":"Full error","service":"notification-worker-service","timestamp":"I8O8601","version":"1.0.0"}
{"environment":"development","error":"getaddrinfo ENOTFOUND sqs.us-east-1.amazonaws.com","instanceId":"Abdullah-pc","level":"error","message":"Error receiving messages","service":"worker-service","timestamp":"I9O8601","version":"1.0.0"}
{"environment":"development","error":{"$metadata":{"attempts":3,"totalRetryDelay":153},"code":"ENOTFOUND","errno":-3008,"hostname":"sqs.us-east-1.amazonaws.com","syscall":"getaddrinfo"},"instanceId":"Abdullah-pc","level":"error","message":"Full error","service":"worker-service","timestamp":"I9O8601","version":"1.0.0"}
{"environment":"development","error":"getaddrinfo ENOTFOUND sqs.us-east-1.amazonaws.com","instanceId":"Abdullah-pc","level":"error","message":"Error receiving messages","service":"worker-service","timestamp":"I10O8601","version":"1.0.0"}
{"environment":"development","error":{"$metadata":{"attempts":3,"totalRetryDelay":110},"code":"ENOTFOUND","errno":-3008,"hostname":"sqs.us-east-1.amazonaws.com","syscall":"getaddrinfo"},"instanceId":"Abdullah-pc","level":"error","message":"Full error","service":"worker-service","timestamp":"I10O8601","version":"1.0.0"}
{"environment":"development","error":"getaddrinfo ENOTFOUND sqs.us-east-1.amazonaws.com","instanceId":"Abdullah-pc","level":"error","message":"Error receiving messages","service":"notification-worker-service","timestamp":"I1O8601","version":"1.0.0"}
{"environment":"development","error":{"$metadata":{"attempts":3,"totalRetryDelay":272},"code":"ENOTFOUND","errno":-3008,"hostname":"sqs.us-east-1.amazonaws.com","syscall":"getaddrinfo"},"instanceId":"Abdullah-pc","level":"error","message":"Full error","service":"notification-worker-service","timestamp":"I1O8601","version":"1.0.0"}
{"environment":"development","error":"getaddrinfo ENOTFOUND sqs.us-east-1.amazonaws.com","instanceId":"Abdullah-pc","level":"error","message":"Error receiving messages","service":"worker-service","timestamp":"I2O8601","version":"1.0.0"}
{"environment":"development","error":{"$metadata":{"attempts":3,"totalRetryDelay":194},"code":"ENOTFOUND","errno":-3008,"hostname":"sqs.us-east-1.amazonaws.com","syscall":"getaddrinfo"},"instanceId":"Abdullah-pc","level":"error","message":"Full error","service":"worker-service","timestamp":"I2O8601","version":"1.0.0"}
{"environment":"development","error":"getaddrinfo ENOTFOUND sqs.us-east-1.amazonaws.com","instanceId":"Abdullah-pc","level":"error","message":"Error receiving messages","service":"notification-worker-service","timestamp":"I3O8601","version":"1.0.0"}
{"environment":"development","error":{"$metadata":{"attempts":3,"totalRetryDelay":200},"code":"ENOTFOUND","errno":-3008,"hostname":"sqs.us-east-1.amazonaws.com","syscall":"getaddrinfo"},"instanceId":"Abdullah-pc","level":"error","message":"Full error","service":"notification-worker-service","timestamp":"I3O8601","version":"1.0.0"}
{"environment":"development","error":"getaddrinfo ENOTFOUND sqs.us-east-1.amazonaws.com","instanceId":"Abdullah-pc","level":"error","message":"Error receiving messages","service":"worker-service","timestamp":"I4O8601","version":"1.0.0"}
{"environment":"development","error":{"$metadata":{"attempts":3,"totalRetryDelay":143},"code":"ENOTFOUND","errno":-3008,"hostname":"sqs.us-east-1.amazonaws.com","syscall":"getaddrinfo"},"instanceId":"Abdullah-pc","level":"error","message":"Full error","service":"worker-service","timestamp":"I4O8601","version":"1.0.0"}
{"environment":"development","error":"getaddrinfo ENOTFOUND sqs.us-east-1.amazonaws.com","instanceId":"Abdullah-pc","level":"error","message":"Error receiving messages","service":"notification-worker-service","timestamp":"I4O8601","version":"1.0.0"}
{"environment":"development","error":{"$metadata":{"attempts":3,"totalRetryDelay":73},"code":"ENOTFOUND","errno":-3008,"hostname":"sqs.us-east-1.amazonaws.com","syscall":"getaddrinfo"},"instanceId":"Abdullah-pc","level":"error","message":"Full error","service":"notification-worker-service","timestamp":"I4O8601","version":"1.0.0"}
{"environment":"development","error":"getaddrinfo ENOTFOUND sqs.us-east-1.amazonaws.com","instanceId":"Abdullah-pc","level":"error","message":"Error receiving messages","service":"worker-service","timestamp":"I6O8601","version":"1.0.0"}
{"environment":"development","error":{"$metadata":{"attempts":3,"totalRetryDelay":150},"code":"ENOTFOUND","errno":-3008,"hostname":"sqs.us-east-1.amazonaws.com","syscall":"getaddrinfo"},"instanceId":"Abdullah-pc","level":"error","message":"Full error","service":"worker-service","timestamp":"I6O8601","version":"1.0.0"}
{"environment":"development","error":"getaddrinfo ENOTFOUND sqs.us-east-1.amazonaws.com","instanceId":"Abdullah-pc","level":"error","message":"Error receiving messages","service":"notification-worker-service","timestamp":"I6O8601","version":"1.0.0"}
{"environment":"development","error":{"$metadata":{"attempts":3,"totalRetryDelay":140},"code":"ENOTFOUND","errno":-3008,"hostname":"sqs.us-east-1.amazonaws.com","syscall":"getaddrinfo"},"instanceId":"Abdullah-pc","level":"error","message":"Full error","service":"notification-worker-service","timestamp":"I6O8601","version":"1.0.0"}
{"environment":"development","error":"getaddrinfo ENOTFOUND sqs.us-east-1.amazonaws.com","instanceId":"Abdullah-pc","level":"error","message":"Error receiving messages","service":"notification-worker-service","timestamp":"I8O8601","version":"1.0.0"}
{"environment":"development","error":{"$metadata":{"attempts":3,"totalRetryDelay":142},"code":"ENOTFOUND","errno":-3008,"hostname":"sqs.us-east-1.amazonaws.com","syscall":"getaddrinfo"},"instanceId":"Abdullah-pc","level":"error","message":"Full error","service":"notification-worker-service","timestamp":"I8O8601","version":"1.0.0"}
{"environment":"development","error":"getaddrinfo ENOTFOUND sqs.us-east-1.amazonaws.com","instanceId":"Abdullah-pc","level":"error","message":"Error receiving messages","service":"worker-service","timestamp":"I8O8601","version":"1.0.0"}
{"environment":"development","error":{"$metadata":{"attempts":3,"totalRetryDelay":207},"code":"ENOTFOUND","errno":-3008,"hostname":"sqs.us-east-1.amazonaws.com","syscall":"getaddrinfo"},"instanceId":"Abdullah-pc","level":"error","message":"Full error","service":"worker-service","timestamp":"I8O8601","version":"1.0.0"}
{"environment":"development","error":"getaddrinfo ENOTFOUND sqs.us-east-1.amazonaws.com","instanceId":"Abdullah-pc","level":"error","message":"Error receiving messages","service":"notification-worker-service","timestamp":"I10O8601","version":"1.0.0"}
{"environment":"development","error":{"$metadata":{"attempts":3,"totalRetryDelay":121},"code":"ENOTFOUND","errno":-3008,"hostname":"sqs.us-east-1.amazonaws.com","syscall":"getaddrinfo"},"instanceId":"Abdullah-pc","level":"error","message":"Full error","service":"notification-worker-service","timestamp":"I10O8601","version":"1.0.0"}
{"environment":"development","error":"getaddrinfo ENOTFOUND sqs.us-east-1.amazonaws.com","instanceId":"Abdullah-pc","level":"error","message":"Error receiving messages","service":"worker-service","timestamp":"I1O8601","version":"1.0.0"}
{"environment":"development","error":{"$metadata":{"attempts":3,"totalRetryDelay":222},"code":"ENOTFOUND","errno":-3008,"hostname":"sqs.us-east-1.amazonaws.com","syscall":"getaddrinfo"},"instanceId":"Abdullah-pc","level":"error","message":"Full error","service":"worker-service","timestamp":"I1O8601","version":"1.0.0"}
{"environment":"development","error":"getaddrinfo ENOTFOUND sqs.us-east-1.amazonaws.com","instanceId":"Abdullah-pc","level":"error","message":"Error receiving messages","service":"notification-worker-service","timestamp":"I2O8601","version":"1.0.0"}
{"environment":"development","error":{"$metadata":{"attempts":3,"totalRetryDelay":149},"code":"ENOTFOUND","errno":-3008,"hostname":"sqs.us-east-1.amazonaws.com","syscall":"getaddrinfo"},"instanceId":"Abdullah-pc","level":"error","message":"Full error","service":"notification-worker-service","timestamp":"I2O8601","version":"1.0.0"}
{"environment":"development","error":"getaddrinfo ENOTFOUND sqs.us-east-1.amazonaws.com","instanceId":"Abdullah-pc","level":"error","message":"Error receiving messages","service":"worker-service","timestamp":"I4O8601","version":"1.0.0"}
{"environment":"development","error":{"$metadata":{"attempts":3,"totalRetryDelay":217},"code":"ENOTFOUND","errno":-3008,"hostname":"sqs.us-east-1.amazonaws.com","syscall":"getaddrinfo"},"instanceId":"Abdullah-pc","level":"error","message":"Full error","service":"worker-service","timestamp":"I4O8601","version":"1.0.0"}
{"environment":"development","error":"getaddrinfo ENOTFOUND sqs.us-east-1.amazonaws.com","instanceId":"Abdullah-pc","level":"error","message":"Error receiving messages","service":"notification-worker-service","timestamp":"I4O8601","version":"1.0.0"}
{"environment":"development","error":{"$metadata":{"attempts":3,"totalRetryDelay":176},"code":"ENOTFOUND","errno":-3008,"hostname":"sqs.us-east-1.amazonaws.com","syscall":"getaddrinfo"},"instanceId":"Abdullah-pc","level":"error","message":"Full error","service":"notification-worker-service","timestamp":"I4O8601","version":"1.0.0"}
{"environment":"development","error":"getaddrinfo ENOTFOUND sqs.us-east-1.amazonaws.com","instanceId":"Abdullah-pc","level":"error","message":"Error receiving messages","service":"notification-worker-service","timestamp":"I5O8601","version":"1.0.0"}
{"environment":"development","error":{"$metadata":{"attempts":3,"totalRetryDelay":103},"code":"ENOTFOUND","errno":-3008,"hostname":"sqs.us-east-1.amazonaws.com","syscall":"getaddrinfo"},"instanceId":"Abdullah-pc","level":"error","message":"Full error","service":"notification-worker-service","timestamp":"I5O8601","version":"1.0.0"}
{"environment":"development","error":"getaddrinfo ENOTFOUND sqs.us-east-1.amazonaws.com","instanceId":"Abdullah-pc","level":"error","message":"Error receiving messages","service":"worker-service","timestamp":"I6O8601","version":"1.0.0"}
{"environment":"development","error":{"$metadata":{"attempts":3,"totalRetryDelay":212},"code":"ENOTFOUND","errno":-3008,"hostname":"sqs.us-east-1.amazonaws.com","syscall":"getaddrinfo"},"instanceId":"Abdullah-pc","level":"error","message":"Full error","service":"worker-service","timestamp":"I6O8601","version":"1.0.0"}
{"environment":"development","error":"getaddrinfo ENOTFOUND sqs.us-east-1.amazonaws.com","instanceId":"Abdullah-pc","level":"error","message":"Error receiving messages","service":"notification-worker-service","timestamp":"I6O8601","version":"1.0.0"}
{"environment":"development","error":{"$metadata":{"attempts":3,"totalRetryDelay":90},"code":"ENOTFOUND","errno":-3008,"hostname":"sqs.us-east-1.amazonaws.com","syscall":"getaddrinfo"},"instanceId":"Abdullah-pc","level":"error","message":"Full error","service":"notification-worker-service","timestamp":"I6O8601","version":"1.0.0"}
{"environment":"development","error":"getaddrinfo ENOTFOUND sqs.us-east-1.amazonaws.com","instanceId":"Abdullah-pc","level":"error","message":"Error receiving messages","service":"worker-service","timestamp":"I7O8601","version":"1.0.0"}
{"environment":"development","error":{"$metadata":{"attempts":3,"totalRetryDelay":114},"code":"ENOTFOUND","errno":-3008,"hostname":"sqs.us-east-1.amazonaws.com","syscall":"getaddrinfo"},"instanceId":"Abdullah-pc","level":"error","message":"Full error","service":"worker-service","timestamp":"I7O8601","version":"1.0.0"}
{"environment":"development","error":"getaddrinfo ENOTFOUND sqs.us-east-1.amazonaws.com","instanceId":"Abdullah-pc","level":"error","message":"Error receiving messages","service":"notification-worker-service","timestamp":"I9O8601","version":"1.0.0"}
{"environment":"development","error":{"$metadata":{"attempts":3,"totalRetryDelay":190},"code":"ENOTFOUND","errno":-3008,"hostname":"sqs.us-east-1.amazonaws.com","syscall":"getaddrinfo"},"instanceId":"Abdullah-pc","level":"error","message":"Full error","service":"notification-worker-service","timestamp":"I9O8601","version":"1.0.0"}
{"environment":"development","error":"getaddrinfo ENOTFOUND sqs.us-east-1.amazonaws.com","instanceId":"Abdullah-pc","level":"error","message":"Error receiving messages","service":"worker-service","timestamp":"I9O8601","version":"1.0.0"}
{"environment":"development","error":{"$metadata":{"attempts":3,"totalRetryDelay":139},"code":"ENOTFOUND","errno":-3008,"hostname":"sqs.us-east-1.amazonaws.com","syscall":"getaddrinfo"},"instanceId":"Abdullah-pc","level":"error","message":"Full error","service":"worker-service","timestamp":"I9O8601","version":"1.0.0"}
{"environment":"development","error":"getaddrinfo ENOTFOUND sqs.us-east-1.amazonaws.com","instanceId":"Abdullah-pc","level":"error","message":"Error receiving messages","service":"notification-worker-service","timestamp":"I0O8601","version":"1.0.0"}
{"environment":"development","error":{"$metadata":{"attempts":3,"totalRetryDelay":129},"code":"ENOTFOUND","errno":-3008,"hostname":"sqs.us-east-1.amazonaws.com","syscall":"getaddrinfo"},"instanceId":"Abdullah-pc","level":"error","message":"Full error","service":"notification-worker-service","timestamp":"I0O8601","version":"1.0.0"}
{"environment":"development","error":"getaddrinfo ENOTFOUND sqs.us-east-1.amazonaws.com","instanceId":"Abdullah-pc","level":"error","message":"Error receiving messages","service":"worker-service","timestamp":"I1O8601","version":"1.0.0"}
{"environment":"development","error":{"$metadata":{"attempts":3,"totalRetryDelay":179},"code":"ENOTFOUND","errno":-3008,"hostname":"sqs.us-east-1.amazonaws.com","syscall":"getaddrinfo"},"instanceId":"Abdullah-pc","level":"error","message":"Full error","service":"worker-service","timestamp":"I1O8601","version":"1.0.0"}
{"environment":"development","error":"getaddrinfo ENOTFOUND sqs.us-east-1.amazonaws.com","instanceId":"Abdullah-pc","level":"error","message":"Error receiving messages","service":"notification-worker-service","timestamp":"I2O8601","version":"1.0.0"}
{"environment":"development","error":{"$metadata":{"attempts":3,"totalRetryDelay":114},"code":"ENOTFOUND","errno":-3008,"hostname":"sqs.us-east-1.amazonaws.com","syscall":"getaddrinfo"},"instanceId":"Abdullah-pc","level":"error","message":"Full error","service":"notification-worker-service","timestamp":"I2O8601","version":"1.0.0"}
{"environment":"development","error":"getaddrinfo ENOTFOUND sqs.us-east-1.amazonaws.com","instanceId":"Abdullah-pc","level":"error","message":"Error receiving messages","service":"notification-worker-service","timestamp":"I3O8601","version":"1.0.0"}
{"environment":"development","error":{"$metadata":{"attempts":3,"totalRetryDelay":63},"code":"ENOTFOUND","errno":-3008,"hostname":"sqs.us-east-1.amazonaws.com","syscall":"getaddrinfo"},"instanceId":"Abdullah-pc","level":"error","message":"Full error","service":"notification-worker-service","timestamp":"I3O8601","version":"1.0.0"}
{"environment":"development","error":"getaddrinfo ENOTFOUND sqs.us-east-1.amazonaws.com","instanceId":"Abdullah-pc","level":"error","message":"Error receiving messages","service":"worker-service","timestamp":"I3O8601","version":"1.0.0"}
{"environment":"development","error":{"$metadata":{"attempts":3,"totalRetryDelay":138},"code":"ENOTFOUND","errno":-3008,"hostname":"sqs.us-east-1.amazonaws.com","syscall":"getaddrinfo"},"instanceId":"Abdullah-pc","level":"error","message":"Full error","service":"worker-service","timestamp":"I3O8601","version":"1.0.0"}
{"environment":"development","error":"getaddrinfo ENOTFOUND sqs.us-east-1.amazonaws.com","instanceId":"Abdullah-pc","level":"error","message":"Error receiving messages","service":"notification-worker-service","timestamp":"I3O8601","version":"1.0.0"}
{"environment":"development","error":{"$metadata":{"attempts":3,"totalRetryDelay":62},"code":"ENOTFOUND","errno":-3008,"hostname":"sqs.us-east-1.amazonaws.com","syscall":"getaddrinfo"},"instanceId":"Abdullah-pc","level":"error","message":"Full error","service":"notification-worker-service","timestamp":"I3O8601","version":"1.0.0"}
{"environment":"development","error":"getaddrinfo ENOTFOUND sqs.us-east-1.amazonaws.com","instanceId":"Abdullah-pc","level":"error","message":"Error receiving messages","service":"worker-service","timestamp":"I4O8601","version":"1.0.0"}
{"environment":"development","error":{"$metadata":{"attempts":3,"totalRetryDelay":49},"code":"ENOTFOUND","errno":-3008,"hostname":"sqs.us-east-1.amazonaws.com","syscall":"getaddrinfo"},"instanceId":"Abdullah-pc","level":"error","message":"Full error","service":"worker-service","timestamp":"I4O8601","version":"1.0.0"}
{"environment":"development","error":"getaddrinfo ENOTFOUND sqs.us-east-1.amazonaws.com","instanceId":"Abdullah-pc","level":"error","message":"Error receiving messages","service":"notification-worker-service","timestamp":"I5O8601","version":"1.0.0"}
{"environment":"development","error":{"$metadata":{"attempts":3,"totalRetryDelay":105},"code":"ENOTFOUND","errno":-3008,"hostname":"sqs.us-east-1.amazonaws.com","syscall":"getaddrinfo"},"instanceId":"Abdullah-pc","level":"error","message":"Full error","service":"notification-worker-service","timestamp":"I5O8601","version":"1.0.0"}
{"environment":"development","error":"getaddrinfo ENOTFOUND sqs.us-east-1.amazonaws.com","instanceId":"Abdullah-pc","level":"error","message":"Error receiving messages","service":"worker-service","timestamp":"I6O8601","version":"1.0.0"}
{"environment":"development","error":{"$metadata":{"attempts":3,"totalRetryDelay":179},"code":"ENOTFOUND","errno":-3008,"hostname":"sqs.us-east-1.amazonaws.com","syscall":"getaddrinfo"},"instanceId":"Abdullah-pc","level":"error","message":"Full error","service":"worker-service","timestamp":"I6O8601","version":"1.0.0"}
{"environment":"development","error":"getaddrinfo ENOTFOUND sqs.us-east-1.amazonaws.com","instanceId":"Abdullah-pc","level":"error","message":"Error receiving messages","service":"notification-worker-service","timestamp":"I7O8601","version":"1.0.0"}
{"environment":"development","error":"getaddrinfo ENOTFOUND sqs.us-east-1.amazonaws.com","instanceId":"Abdullah-pc","level":"error","message":"Error receiving messages","service":"worker-service","timestamp":"I7O8601","version":"1.0.0"}
{"environment":"development","error":{"$metadata":{"attempts":3,"totalRetryDelay":200},"code":"ENOTFOUND","errno":-3008,"hostname":"sqs.us-east-1.amazonaws.com","syscall":"getaddrinfo"},"instanceId":"Abdullah-pc","level":"error","message":"Full error","service":"notification-worker-service","timestamp":"I7O8601","version":"1.0.0"}
{"environment":"development","error":{"$metadata":{"attempts":3,"totalRetryDelay":60},"code":"ENOTFOUND","errno":-3008,"hostname":"sqs.us-east-1.amazonaws.com","syscall":"getaddrinfo"},"instanceId":"Abdullah-pc","level":"error","message":"Full error","service":"worker-service","timestamp":"I7O8601","version":"1.0.0"}
{"environment":"development","error":"getaddrinfo ENOTFOUND sqs.us-east-1.amazonaws.com","instanceId":"Abdullah-pc","level":"error","message":"Error receiving messages","service":"notification-worker-service","timestamp":"I9O8601","version":"1.0.0"}
{"environment":"development","error":{"$metadata":{"attempts":3,"totalRetryDelay":193},"code":"ENOTFOUND","errno":-3008,"hostname":"sqs.us-east-1.amazonaws.com","syscall":"getaddrinfo"},"instanceId":"Abdullah-pc","level":"error","message":"Full error","service":"notification-worker-service","timestamp":"I9O8601","version":"1.0.0"}
{"environment":"development","error":"getaddrinfo ENOTFOUND sqs.us-east-1.amazonaws.com","instanceId":"Abdullah-pc","level":"error","message":"Error receiving messages","service":"worker-service","timestamp":"I10O8601","version":"1.0.0"}
{"environment":"development","error":{"$metadata":{"attempts":3,"totalRetryDelay":221},"code":"ENOTFOUND","errno":-3008,"hostname":"sqs.us-east-1.amazonaws.com","syscall":"getaddrinfo"},"instanceId":"Abdullah-pc","level":"error","message":"Full error","service":"worker-service","timestamp":"I10O8601","version":"1.0.0"}
{"environment":"development","error":"getaddrinfo ENOTFOUND sqs.us-east-1.amazonaws.com","instanceId":"Abdullah-pc","level":"error","message":"Error receiving messages","service":"notification-worker-service","timestamp":"I1O8601","version":"1.0.0"}
{"environment":"development","error":{"$metadata":{"attempts":3,"totalRetryDelay":91},"code":"ENOTFOUND","errno":-3008,"hostname":"sqs.us-east-1.amazonaws.com","syscall":"getaddrinfo"},"instanceId":"Abdullah-pc","level":"error","message":"Full error","service":"notification-worker-service","timestamp":"I1O8601","version":"1.0.0"}
{"environment":"development","error":"getaddrinfo ENOTFOUND sqs.us-east-1.amazonaws.com","instanceId":"Abdullah-pc","level":"error","message":"Error receiving messages","service":"worker-service","timestamp":"I1O8601","version":"1.0.0"}
{"environment":"development","error":{"$metadata":{"attempts":3,"totalRetryDelay":104},"code":"ENOTFOUND","errno":-3008,"hostname":"sqs.us-east-1.amazonaws.com","syscall":"getaddrinfo"},"instanceId":"Abdullah-pc","level":"error","message":"Full error","service":"worker-service","timestamp":"I1O8601","version":"1.0.0"}
{"environment":"development","error":"getaddrinfo ENOTFOUND sqs.us-east-1.amazonaws.com","instanceId":"Abdullah-pc","level":"error","message":"Error receiving messages","service":"worker-service","timestamp":"I2O8601","version":"1.0.0"}
{"environment":"development","error":{"$metadata":{"attempts":3,"totalRetryDelay":8},"code":"ENOTFOUND","errno":-3008,"hostname":"sqs.us-east-1.amazonaws.com","syscall":"getaddrinfo"},"instanceId":"Abdullah-pc","level":"error","message":"Full error","service":"worker-service","timestamp":"I2O8601","version":"1.0.0"}
{"environment":"development","error":"getaddrinfo ENOTFOUND sqs.us-east-1.amazonaws.com","instanceId":"Abdullah-pc","level":"error","message":"Error receiving messages","service":"notification-worker-service","timestamp":"I3O8601","version":"1.0.0"}
{"environment":"development","error":{"$metadata":{"attempts":3,"totalRetryDelay":188},"code":"ENOTFOUND","errno":-3008,"hostname":"sqs.us-east-1.amazonaws.com","syscall":"getaddrinfo"},"instanceId":"Abdullah-pc","level":"error","message":"Full error","service":"notification-worker-service","timestamp":"I3O8601","version":"1.0.0"}
{"environment":"development","error":"getaddrinfo ENOTFOUND sqs.us-east-1.amazonaws.com","instanceId":"Abdullah-pc","level":"error","message":"Error receiving messages","service":"worker-service","timestamp":"I4O8601","version":"1.0.0"}
{"environment":"development","error":{"$metadata":{"attempts":3,"totalRetryDelay":176},"code":"ENOTFOUND","errno":-3008,"hostname":"sqs.us-east-1.amazonaws.com","syscall":"getaddrinfo"},"instanceId":"Abdullah-pc","level":"error","message":"Full error","service":"worker-service","timestamp":"I4O8601","version":"1.0.0"}
{"environment":"development","error":"getaddrinfo ENOTFOUND sqs.us-east-1.amazonaws.com","instanceId":"Abdullah-pc","level":"error","message":"Error receiving messages","service":"notification-worker-service","timestamp":"I5O8601","version":"1.0.0"}
{"environment":"development","error":{"$metadata":{"attempts":3,"totalRetryDelay":207},"code":"ENOTFOUND","errno":-3008,"hostname":"sqs.us-east-1.amazonaws.com","syscall":"getaddrinfo"},"instanceId":"Abdullah-pc","level":"error","message":"Full error","service":"notification-worker-service","timestamp":"I5O8601","version":"1.0.0"}
{"environment":"development","error":"getaddrinfo ENOTFOUND sqs.us-east-1.amazonaws.com","instanceId":"Abdullah-pc","level":"error","message":"Error receiving messages","service":"worker-service","timestamp":"I6O8601","version":"1.0.0"}
{"environment":"development","error":{"$metadata":{"attempts":3,"totalRetryDelay":123},"code":"ENOTFOUND","errno":-3008,"hostname":"sqs.us-east-1.amazonaws.com","syscall":"getaddrinfo"},"instanceId":"Abdullah-pc","level":"error","message":"Full error","service":"worker-service","timestamp":"I6O8601","version":"1.0.0"}
{"environment":"development","error":"getaddrinfo ENOTFOUND sqs.us-east-1.amazonaws.com","instanceId":"Abdullah-pc","level":"error","message":"Error receiving messages","service":"worker-service","timestamp":"I7O8601","version":"1.0.0"}
{"environment":"development","error":{"$metadata":{"attempts":3,"totalRetryDelay":63},"code":"ENOTFOUND","errno":-3008,"hostname":"sqs.us-east-1.amazonaws.com","syscall":"getaddrinfo"},"instanceId":"Abdullah-pc","level":"error","message":"Full error","service":"worker-service","timestamp":"I7O8601","version":"1.0.0"}
{"environment":"development","error":"getaddrinfo ENOTFOUND sqs.us-east-1.amazonaws.com","instanceId":"Abdullah-pc","level":"error","message":"Error receiving messages","service":"notification-worker-service","timestamp":"I8O8601","version":"1.0.0"}
{"environment":"development","error":{"$metadata":{"attempts":3,"totalRetryDelay":209},"code":"ENOTFOUND","errno":-3008,"hostname":"sqs.us-east-1.amazonaws.com","syscall":"getaddrinfo"},"instanceId":"Abdullah-pc","level":"error","message":"Full error","service":"notification-worker-service","timestamp":"I8O8601","version":"1.0.0"}
{"environment":"development","error":"getaddrinfo ENOTFOUND sqs.us-east-1.amazonaws.com","instanceId":"Abdullah-pc","level":"error","message":"Error receiving messages","service":"worker-service","timestamp":"I9O8601","version":"1.0.0"}
{"environment":"development","error":"getaddrinfo ENOTFOUND sqs.us-east-1.amazonaws.com","instanceId":"Abdullah-pc","level":"error","message":"Error receiving messages","service":"notification-worker-service","timestamp":"I9O8601","version":"1.0.0"}
{"environment":"development","error":{"$metadata":{"attempts":3,"totalRetryDelay":62},"code":"ENOTFOUND","errno":-3008,"hostname":"sqs.us-east-1.amazonaws.com","syscall":"getaddrinfo"},"instanceId":"Abdullah-pc","level":"error","message":"Full error","service":"notification-worker-service","timestamp":"I9O8601","version":"1.0.0"}
{"environment":"development","error":{"$metadata":{"attempts":3,"totalRetryDelay":144},"code":"ENOTFOUND","errno":-3008,"hostname":"sqs.us-east-1.amazonaws.com","syscall":"getaddrinfo"},"instanceId":"Abdullah-pc","level":"error","message":"Full error","service":"worker-service","timestamp":"I9O8601","version":"1.0.0"}
{"environment":"development","error":"getaddrinfo ENOTFOUND sqs.us-east-1.amazonaws.com","instanceId":"Abdullah-pc","level":"error","message":"Error receiving messages","service":"worker-service","timestamp":"I1O8601","version":"1.0.0"}
{"environment":"development","error":{"$metadata":{"attempts":3,"totalRetryDelay":187},"code":"ENOTFOUND","errno":-3008,"hostname":"sqs.us-east-1.amazonaws.com","syscall":"getaddrinfo"},"instanceId":"Abdullah-pc","level":"error","message":"Full error","service":"worker-service","timestamp":"I1O8601","version":"1.0.0"}
{"environment":"development","error":"getaddrinfo ENOTFOUND sqs.us-east-1.amazonaws.com","instanceId":"Abdullah-pc","level":"error","message":"Error receiving messages","service":"notification-worker-service","timestamp":"I1O8601","version":"1.0.0"}
{"environment":"development","error":{"$metadata":{"attempts":3,"totalRetryDelay":244},"code":"ENOTFOUND","errno":-3008,"hostname":"sqs.us-east-1.amazonaws.com","syscall":"getaddrinfo"},"instanceId":"Abdullah-pc","level":"error","message":"Full error","service":"notification-worker-service","timestamp":"I1O8601","version":"1.0.0"}
{"environment":"development","error":"getaddrinfo ENOTFOUND sqs.us-east-1.amazonaws.com","instanceId":"Abdullah-pc","level":"error","message":"Error receiving messages","service":"worker-service","timestamp":"I2O8601","version":"1.0.0"}
{"environment":"development","error":{"$metadata":{"attempts":3,"totalRetryDelay":121},"code":"ENOTFOUND","errno":-3008,"hostname":"sqs.us-east-1.amazonaws.com","syscall":"getaddrinfo"},"instanceId":"Abdullah-pc","level":"error","message":"Full error","service":"worker-service","timestamp":"I2O8601","version":"1.0.0"}
{"environment":"development","error":"getaddrinfo ENOTFOUND sqs.us-east-1.amazonaws.com","instanceId":"Abdullah-pc","level":"error","message":"Error receiving messages","service":"worker-service","timestamp":"I3O8601","version":"1.0.0"}
{"environment":"development","error":{"$metadata":{"attempts":3,"totalRetryDelay":70},"code":"ENOTFOUND","errno":-3008,"hostname":"sqs.us-east-1.amazonaws.com","syscall":"getaddrinfo"},"instanceId":"Abdullah-pc","level":"error","message":"Full error","service":"worker-service","timestamp":"I3O8601","version":"1.0.0"}
{"environment":"development","error":"getaddrinfo ENOTFOUND sqs.us-east-1.amazonaws.com","instanceId":"Abdullah-pc","level":"error","message":"Error receiving messages","service":"worker-service","timestamp":"I4O8601","version":"1.0.0"}
{"environment":"development","error":{"$metadata":{"attempts":3,"totalRetryDelay":45},"code":"ENOTFOUND","errno":-3008,"hostname":"sqs.us-east-1.amazonaws.com","syscall":"getaddrinfo"},"instanceId":"Abdullah-pc","level":"error","message":"Full error","service":"worker-service","timestamp":"I4O8601","version":"1.0.0"}
{"environment":"development","error":"getaddrinfo ENOTFOUND sqs.us-east-1.amazonaws.com","instanceId":"Abdullah-pc","level":"error","message":"Error receiving messages","service":"notification-worker-service","timestamp":"I4O8601","version":"1.0.0"}
{"environment":"development","error":{"$metadata":{"attempts":3,"totalRetryDelay":254},"code":"ENOTFOUND","errno":-3008,"hostname":"sqs.us-east-1.amazonaws.com","syscall":"getaddrinfo"},"instanceId":"Abdullah-pc","level":"error","message":"Full error","service":"notification-worker-service","timestamp":"I4O8601","version":"1.0.0"}
{"environment":"development","error":"getaddrinfo ENOTFOUND sqs.us-east-1.amazonaws.com","instanceId":"Abdullah-pc","level":"error","message":"Error receiving messages","service":"worker-service","timestamp":"I5O8601","version":"1.0.0"}
{"environment":"development","error":{"$metadata":{"attempts":3,"totalRetryDelay":52},"code":"ENOTFOUND","errno":-3008,"hostname":"sqs.us-east-1.amazonaws.com","syscall":"getaddrinfo"},"instanceId":"Abdullah-pc","level":"error","message":"Full error","service":"worker-service","timestamp":"I5O8601","version":"1.0.0"}
{"environment":"development","error":"getaddrinfo ENOTFOUND sqs.us-east-1.amazonaws.com","instanceId":"Abdullah-pc","level":"error","message":"Error receiving messages","service":"notification-worker-service","timestamp":"I5O8601","version":"1.0.0"}
{"environment":"development","error":{"$metadata":{"attempts":3,"totalRetryDelay":35},"code":"ENOTFOUND","errno":-3008,"hostname":"sqs.us-east-1.amazonaws.com","syscall":"getaddrinfo"},"instanceId":"Abdullah-pc","level":"error","message":"Full error","service":"notification-worker-service","timestamp":"I5O8601","version":"1.0.0"}
{"environment":"development","error":"getaddrinfo ENOTFOUND sqs.us-east-1.amazonaws.com","instanceId":"Abdullah-pc","level":"error","message":"Error receiving messages","service":"worker-service","timestamp":"I6O8601","version":"1.0.0"}
{"environment":"development","error":{"$metadata":{"attempts":3,"totalRetryDelay":61},"code":"ENOTFOUND","errno":-3008,"hostname":"sqs.us-east-1.amazonaws.com","syscall":"getaddrinfo"},"instanceId":"Abdullah-pc","level":"error","message":"Full error","service":"worker-service","timestamp":"I6O8601","version":"1.0.0"}
{"environment":"development","error":"getaddrinfo ENOTFOUND sqs.us-east-1.amazonaws.com","instanceId":"Abdullah-pc","level":"error","message":"Error receiving messages","service":"worker-service","timestamp":"I7O8601","version":"1.0.0"}
{"environment":"development","error":"getaddrinfo ENOTFOUND sqs.us-east-1.amazonaws.com","instanceId":"Abdullah-pc","level":"error","message":"Error receiving messages","service":"notification-worker-service","timestamp":"I7O8601","version":"1.0.0"}
{"environment":"development","error":{"$metadata":{"attempts":3,"totalRetryDelay":166},"code":"ENOTFOUND","errno":-3008,"hostname":"sqs.us-east-1.amazonaws.com","syscall":"getaddrinfo"},"instanceId":"Abdullah-pc","level":"error","message":"Full error","service":"notification-worker-service","timestamp":"I7O8601","version":"1.0.0"}
{"environment":"development","error":{"$metadata":{"attempts":3,"totalRetryDelay":72},"code":"ENOTFOUND","errno":-3008,"hostname":"sqs.us-east-1.amazonaws.com","syscall":"getaddrinfo"},"instanceId":"Abdullah-pc","level":"error","message":"Full error","service":"worker-service","timestamp":"I7O8601","version":"1.0.0"}
{"environment":"development","error":"getaddrinfo ENOTFOUND sqs.us-east-1.amazonaws.com","instanceId":"Abdullah-pc","level":"error","message":"Error receiving messages","service":"worker-service","timestamp":"I9O8601","version":"1.0.0"}
{"environment":"development","error":{"$metadata":{"attempts":3,"totalRetryDelay":134},"code":"ENOTFOUND","errno":-3008,"hostname":"sqs.us-east-1.amazonaws.com","syscall":"getaddrinfo"},"instanceId":"Abdullah-pc","level":"error","message":"Full error","service":"worker-service","timestamp":"I9O8601","version":"1.0.0"}
{"environment":"development","error":"getaddrinfo ENOTFOUND sqs.us-east-1.amazonaws.com","instanceId":"Abdullah-pc","level":"error","message":"Error receiving messages","service":"notification-worker-service","timestamp":"I10O8601","version":"1.0.0"}
{"environment":"development","error":{"$metadata":{"attempts":3,"totalRetryDelay":199},"code":"ENOTFOUND","errno":-3008,"hostname":"sqs.us-east-1.amazonaws.com","syscall":"getaddrinfo"},"instanceId":"Abdullah-pc","level":"error","message":"Full error","service":"notification-worker-service","timestamp":"I10O8601","version":"1.0.0"}
{"environment":"development","error":"getaddrinfo ENOTFOUND sqs.us-east-1.amazonaws.com","instanceId":"Abdullah-pc","level":"error","message":"Error receiving messages","service":"worker-service","timestamp":"I1O8601","version":"1.0.0"}
{"environment":"development","error":{"$metadata":{"attempts":3,"totalRetryDelay":139},"code":"ENOTFOUND","errno":-3008,"hostname":"sqs.us-east-1.amazonaws.com","syscall":"getaddrinfo"},"instanceId":"Abdullah-pc","level":"error","message":"Full error","service":"worker-service","timestamp":"I1O8601","version":"1.0.0"}
{"environment":"development","error":"getaddrinfo ENOTFOUND sqs.us-east-1.amazonaws.com","instanceId":"Abdullah-pc","level":"error","message":"Error receiving messages","service":"notification-worker-service","timestamp":"I2O8601","version":"1.0.0"}
{"environment":"development","error":{"$metadata":{"attempts":3,"totalRetryDelay":217},"code":"ENOTFOUND","errno":-3008,"hostname":"sqs.us-east-1.amazonaws.com","syscall":"getaddrinfo"},"instanceId":"Abdullah-pc","level":"error","message":"Full error","service":"notification-worker-service","timestamp":"I2O8601","version":"1.0.0"}
{"environment":"development","error":"getaddrinfo ENOTFOUND sqs.us-east-1.amazonaws.com","instanceId":"Abdullah-pc","level":"error","message":"Error receiving messages","service":"worker-service","timestamp":"I2O8601","version":"1.0.0"}
{"environment":"development","error":{"$metadata":{"attempts":3,"totalRetryDelay":124},"code":"ENOTFOUND","errno":-3008,"hostname":"sqs.us-east-1.amazonaws.com","syscall":"getaddrinfo"},"instanceId":"Abdullah-pc","level":"error","message":"Full error","service":"worker-service","timestamp":"I2O8601","version":"1.0.0"}
{"environment":"development","error":"getaddrinfo ENOTFOUND sqs.us-east-1.amazonaws.com","instanceId":"Abdullah-pc","level":"error","message":"Error receiving messages","service":"notification-worker-service","timestamp":"I3O8601","version":"1.0.0"}
{"environment":"development","error":{"$metadata":{"attempts":3,"totalRetryDelay":56},"code":"ENOTFOUND","errno":-3008,"hostname":"sqs.us-east-1.amazonaws.com","syscall":"getaddrinfo"},"instanceId":"Abdullah-pc","level":"error","message":"Full error","service":"notification-worker-service","timestamp":"I3O8601","version":"1.0.0"}
{"environment":"development","error":"getaddrinfo ENOTFOUND sqs.us-east-1.amazonaws.com","instanceId":"Abdullah-pc","level":"error","message":"Error receiving messages","service":"notification-worker-service","timestamp":"I4O8601","version":"1.0.0"}
{"environment":"development","error":{"$metadata":{"attempts":3,"totalRetryDelay":106},"code":"ENOTFOUND","errno":-3008,"hostname":"sqs.us-east-1.amazonaws.com","syscall":"getaddrinfo"},"instanceId":"Abdullah-pc","level":"error","message":"Full error","service":"notification-worker-service","timestamp":"I4O8601","version":"1.0.0"}
{"environment":"development","error":"getaddrinfo ENOTFOUND sqs.us-east-1.amazonaws.com","instanceId":"Abdullah-pc","level":"error","message":"Error receiving messages","service":"worker-service","timestamp":"I5O8601","version":"1.0.0"}
{"environment":"development","error":{"$metadata":{"attempts":3,"totalRetryDelay":196},"code":"ENOTFOUND","errno":-3008,"hostname":"sqs.us-east-1.amazonaws.com","syscall":"getaddrinfo"},"instanceId":"Abdullah-pc","level":"error","message":"Full error","service":"worker-service","timestamp":"I5O8601","version":"1.0.0"}
{"environment":"development","error":"getaddrinfo ENOTFOUND sqs.us-east-1.amazonaws.com","instanceId":"Abdullah-pc","level":"error","message":"Error receiving messages","service":"notification-worker-service","timestamp":"I5O8601","version":"1.0.0"}
{"environment":"development","error":{"$metadata":{"attempts":3,"totalRetryDelay":45},"code":"ENOTFOUND","errno":-3008,"hostname":"sqs.us-east-1.amazonaws.com","syscall":"getaddrinfo"},"instanceId":"Abdullah-pc","level":"error","message":"Full error","service":"notification-worker-service","timestamp":"I5O8601","version":"1.0.0"}
{"environment":"development","error":"getaddrinfo ENOTFOUND sqs.us-east-1.amazonaws.com","instanceId":"Abdullah-pc","level":"error","message":"Error receiving messages","service":"worker-service","timestamp":"I6O8601","version":"1.0.0"}
{"environment":"development","error":{"$metadata":{"attempts":3,"totalRetryDelay":139},"code":"ENOTFOUND","errno":-3008,"hostname":"sqs.us-east-1.amazonaws.com","syscall":"getaddrinfo"},"instanceId":"Abdullah-pc","level":"error","message":"Full error","service":"worker-service","timestamp":"I6O8601","version":"1.0.0"}
{"environment":"development","error":"getaddrinfo ENOTFOUND sqs.us-east-1.amazonaws.com","instanceId":"Abdullah-pc","level":"error","message":"Error receiving messages","service":"notification-worker-service","timestamp":"I7O8601","version":"1.0.0"}
{"environment":"development","error":{"$metadata":{"attempts":3,"totalRetryDelay":125},"code":"ENOTFOUND","errno":-3008,"hostname":"sqs.us-east-1.amazonaws.com","syscall":"getaddrinfo"},"instanceId":"Abdullah-pc","level":"error","message":"Full error","service":"notification-worker-service","timestamp":"I7O8601","version":"1.0.0"}
{"environment":"development","error":"getaddrinfo ENOTFOUND sqs.us-east-1.amazonaws.com","instanceId":"Abdullah-pc","level":"error","message":"Error receiving messages","service":"worker-service","timestamp":"I8O8601","version":"1.0.0"}
{"environment":"development","error":{"$metadata":{"attempts":3,"totalRetryDelay":127},"code":"ENOTFOUND","errno":-3008,"hostname":"sqs.us-east-1.amazonaws.com","syscall":"getaddrinfo"},"instanceId":"Abdullah-pc","level":"error","message":"Full error","service":"worker-service","timestamp":"I8O8601","version":"1.0.0"}
{"environment":"development","error":"getaddrinfo ENOTFOUND sqs.us-east-1.amazonaws.com","instanceId":"Abdullah-pc","level":"error","message":"Error receiving messages","service":"notification-worker-service","timestamp":"I8O8601","version":"1.0.0"}
{"environment":"development","error":{"$metadata":{"attempts":3,"totalRetryDelay":85},"code":"ENOTFOUND","errno":-3008,"hostname":"sqs.us-east-1.amazonaws.com","syscall":"getaddrinfo"},"instanceId":"Abdullah-pc","level":"error","message":"Full error","service":"notification-worker-service","timestamp":"I8O8601","version":"1.0.0"}
{"environment":"development","error":"getaddrinfo ENOTFOUND sqs.us-east-1.amazonaws.com","instanceId":"Abdullah-pc","level":"error","message":"Error receiving messages","service":"notification-worker-service","timestamp":"I10O8601","version":"1.0.0"}
{"environment":"development","error":{"$metadata":{"attempts":3,"totalRetryDelay":136},"code":"ENOTFOUND","errno":-3008,"hostname":"sqs.us-east-1.amazonaws.com","syscall":"getaddrinfo"},"instanceId":"Abdullah-pc","level":"error","message":"Full error","service":"notification-worker-service","timestamp":"I10O8601","version":"1.0.0"}
{"environment":"development","error":"getaddrinfo ENOTFOUND sqs.us-east-1.amazonaws.com","instanceId":"Abdullah-pc","level":"error","message":"Error receiving messages","service":"worker-service","timestamp":"I0O8601","version":"1.0.0"}
{"environment":"development","error":{"$metadata":{"attempts":3,"totalRetryDelay":216},"code":"ENOTFOUND","errno":-3008,"hostname":"sqs.us-east-1.amazonaws.com","syscall":"getaddrinfo"},"instanceId":"Abdullah-pc","level":"error","message":"Full error","service":"worker-service","timestamp":"I0O8601","version":"1.0.0"}
{"environment":"development","error":"getaddrinfo ENOTFOUND sqs.us-east-1.amazonaws.com","instanceId":"Abdullah-pc","level":"error","message":"Error receiving messages","service":"notification-worker-service","timestamp":"I1O8601","version":"1.0.0"}
{"environment":"development","error":{"$metadata":{"attempts":3,"totalRetryDelay":69},"code":"ENOTFOUND","errno":-3008,"hostname":"sqs.us-east-1.amazonaws.com","syscall":"getaddrinfo"},"instanceId":"Abdullah-pc","level":"error","message":"Full error","service":"notification-worker-service","timestamp":"I1O8601","version":"1.0.0"}
{"environment":"development","error":"getaddrinfo ENOTFOUND sqs.us-east-1.amazonaws.com","instanceId":"Abdullah-pc","level":"error","message":"Error receiving messages","service":"worker-service","timestamp":"I1O8601","version":"1.0.0"}
{"environment":"development","error":{"$metadata":{"attempts":3,"totalRetryDelay":20},"code":"ENOTFOUND","errno":-3008,"hostname":"sqs.us-east-1.amazonaws.com","syscall":"getaddrinfo"},"instanceId":"Abdullah-pc","level":"error","message":"Full error","service":"worker-service","timestamp":"I1O8601","version":"1.0.0"}
{"environment":"development","error":"getaddrinfo ENOTFOUND sqs.us-east-1.amazonaws.com","instanceId":"Abdullah-pc","level":"error","message":"Error receiving messages","service":"worker-service","timestamp":"I2O8601","version":"1.0.0"}
{"environment":"development","error":{"$metadata":{"attempts":3,"totalRetryDelay":59},"code":"ENOTFOUND","errno":-3008,"hostname":"sqs.us-east-1.amazonaws.com","syscall":"getaddrinfo"},"instanceId":"Abdullah-pc","level":"error","message":"Full error","service":"worker-service","timestamp":"I2O8601","version":"1.0.0"}
{"environment":"development","error":"getaddrinfo ENOTFOUND sqs.us-east-1.amazonaws.com","instanceId":"Abdullah-pc","level":"error","message":"Error receiving messages","service":"notification-worker-service","timestamp":"I2O8601","version":"1.0.0"}
{"environment":"development","error":{"$metadata":{"attempts":3,"totalRetryDelay":121},"code":"ENOTFOUND","errno":-3008,"hostname":"sqs.us-east-1.amazonaws.com","syscall":"getaddrinfo"},"instanceId":"Abdullah-pc","level":"error","message":"Full error","service":"notification-worker-service","timestamp":"I2O8601","version":"1.0.0"}
{"environment":"development","error":"getaddrinfo ENOTFOUND sqs.us-east-1.amazonaws.com","instanceId":"Abdullah-pc","level":"error","message":"Error receiving messages","service":"worker-service","timestamp":"I2O8601","version":"1.0.0"}
{"environment":"development","error":{"$metadata":{"attempts":3,"totalRetryDelay":37},"code":"ENOTFOUND","errno":-3008,"hostname":"sqs.us-east-1.amazonaws.com","syscall":"getaddrinfo"},"instanceId":"Abdullah-pc","level":"error","message":"Full error","service":"worker-service","timestamp":"I2O8601","version":"1.0.0"}
{"environment":"development","error":"getaddrinfo ENOTFOUND sqs.us-east-1.amazonaws.com","instanceId":"Abdullah-pc","level":"error","message":"Error receiving messages","service":"worker-service","timestamp":"I4O8601","version":"1.0.0"}
{"environment":"development","error":{"$metadata":{"attempts":3,"totalRetryDelay":104},"code":"ENOTFOUND","errno":-3008,"hostname":"sqs.us-east-1.amazonaws.com","syscall":"getaddrinfo"},"instanceId":"Abdullah-pc","level":"error","message":"Full error","service":"worker-service","timestamp":"I4O8601","version":"1.0.0"}
{"environment":"development","error":"getaddrinfo ENOTFOUND sqs.us-east-1.amazonaws.com","instanceId":"Abdullah-pc","level":"error","message":"Error receiving messages","service":"worker-service","timestamp":"I5O8601","version":"1.0.0"}
{"environment":"development","error":{"$metadata":{"attempts":3,"totalRetryDelay":88},"code":"ENOTFOUND","errno":-3008,"hostname":"sqs.us-east-1.amazonaws.com","syscall":"getaddrinfo"},"instanceId":"Abdullah-pc","level":"error","message":"Full error","service":"worker-service","timestamp":"I5O8601","version":"1.0.0"}
{"environment":"development","error":"getaddrinfo ENOTFOUND sqs.us-east-1.amazonaws.com","instanceId":"Abdullah-pc","level":"error","message":"Error receiving messages","service":"notification-worker-service","timestamp":"I5O8601","version":"1.0.0"}
{"environment":"development","error":{"$metadata":{"attempts":3,"totalRetryDelay":266},"code":"ENOTFOUND","errno":-3008,"hostname":"sqs.us-east-1.amazonaws.com","syscall":"getaddrinfo"},"instanceId":"Abdullah-pc","level":"error","message":"Full error","service":"notification-worker-service","timestamp":"I5O8601","version":"1.0.0"}
{"environment":"development","error":"getaddrinfo ENOTFOUND sqs.us-east-1.amazonaws.com","instanceId":"Abdullah-pc","level":"error","message":"Error receiving messages","service":"worker-service","timestamp":"I7O8601","version":"1.0.0"}
{"environment":"development","error":{"$metadata":{"attempts":3,"totalRetryDelay":186},"code":"ENOTFOUND","errno":-3008,"hostname":"sqs.us-east-1.amazonaws.com","syscall":"getaddrinfo"},"instanceId":"Abdullah-pc","level":"error","message":"Full error","service":"worker-service","timestamp":"I7O8601","version":"1.0.0"}
{"environment":"development","error":"getaddrinfo ENOTFOUND sqs.us-east-1.amazonaws.com","instanceId":"Abdullah-pc","level":"error","message":"Error receiving messages","service":"notification-worker-service","timestamp":"I7O8601","version":"1.0.0"}
{"environment":"development","error":{"$metadata":{"attempts":3,"totalRetryDelay":171},"code":"ENOTFOUND","errno":-3008,"hostname":"sqs.us-east-1.amazonaws.com","syscall":"getaddrinfo"},"instanceId":"Abdullah-pc","level":"error","message":"Full error","service":"notification-worker-service","timestamp":"I7O8601","version":"1.0.0"}
{"environment":"development","error":"getaddrinfo ENOTFOUND sqs.us-east-1.amazonaws.com","instanceId":"Abdullah-pc","level":"error","message":"Error receiving messages","service":"notification-worker-service","timestamp":"I8O8601","version":"1.0.0"}
{"environment":"development","error":{"$metadata":{"attempts":3,"totalRetryDelay":34},"code":"ENOTFOUND","errno":-3008,"hostname":"sqs.us-east-1.amazonaws.com","syscall":"getaddrinfo"},"instanceId":"Abdullah-pc","level":"error","message":"Full error","service":"notification-worker-service","timestamp":"I8O8601","version":"1.0.0"}
{"environment":"development","error":"getaddrinfo ENOTFOUND sqs.us-east-1.amazonaws.com","instanceId":"Abdullah-pc","level":"error","message":"Error receiving messages","service":"worker-service","timestamp":"I9O8601","version":"1.0.0"}
{"environment":"development","error":{"$metadata":{"attempts":3,"totalRetryDelay":150},"code":"ENOTFOUND","errno":-3008,"hostname":"sqs.us-east-1.amazonaws.com","syscall":"getaddrinfo"},"instanceId":"Abdullah-pc","level":"error","message":"Full error","service":"worker-service","timestamp":"I9O8601","version":"1.0.0"}
{"environment":"development","error":"getaddrinfo ENOTFOUND sqs.us-east-1.amazonaws.com","instanceId":"Abdullah-pc","level":"error","message":"Error receiving messages","service":"notification-worker-service","timestamp":"I10O8601","version":"1.0.0"}
{"environment":"development","error":{"$metadata":{"attempts":3,"totalRetryDelay":146},"code":"ENOTFOUND","errno":-3008,"hostname":"sqs.us-east-1.amazonaws.com","syscall":"getaddrinfo"},"instanceId":"Abdullah-pc","level":"error","message":"Full error","service":"notification-worker-service","timestamp":"I10O8601","version":"1.0.0"}
{"environment":"development","error":"getaddrinfo ENOTFOUND sqs.us-east-1.amazonaws.com","instanceId":"Abdullah-pc","level":"error","message":"Error receiving messages","service":"worker-service","timestamp":"I0O8601","version":"1.0.0"}
{"environment":"development","error":{"$metadata":{"attempts":3,"totalRetryDelay":69},"code":"ENOTFOUND","errno":-3008,"hostname":"sqs.us-east-1.amazonaws.com","syscall":"getaddrinfo"},"instanceId":"Abdullah-pc","level":"error","message":"Full error","service":"worker-service","timestamp":"I0O8601","version":"1.0.0"}
{"environment":"development","error":"getaddrinfo ENOTFOUND sqs.us-east-1.amazonaws.com","instanceId":"Abdullah-pc","level":"error","message":"Error receiving messages","service":"worker-service","timestamp":"I1O8601","version":"1.0.0"}
{"environment":"development","error":"getaddrinfo ENOTFOUND sqs.us-east-1.amazonaws.com","instanceId":"Abdullah-pc","level":"error","message":"Error receiving messages","service":"notification-worker-service","timestamp":"I1O8601","version":"1.0.0"}
{"environment":"development","error":{"$metadata":{"attempts":3,"totalRetryDelay":22},"code":"ENOTFOUND","errno":-3008,"hostname":"sqs.us-east-1.amazonaws.com","syscall":"getaddrinfo"},"instanceId":"Abdullah-pc","level":"error","message":"Full error","service":"worker-service","timestamp":"I1O8601","version":"1.0.0"}
{"environment":"development","error":{"$metadata":{"attempts":3,"totalRetryDelay":45},"code":"ENOTFOUND","errno":-3008,"hostname":"sqs.us-east-1.amazonaws.com","syscall":"getaddrinfo"},"instanceId":"Abdullah-pc","level":"error","message":"Full error","service":"notification-worker-service","timestamp":"I1O8601","version":"1.0.0"}
{"environment":"development","error":"getaddrinfo ENOTFOUND sqs.us-east-1.amazonaws.com","instanceId":"Abdullah-pc","level":"error","message":"Error receiving messages","service":"worker-service","timestamp":"I2O8601","version":"1.0.0"}
{"environment":"development","error":{"$metadata":{"attempts":3,"totalRetryDelay":128},"code":"ENOTFOUND","errno":-3008,"hostname":"sqs.us-east-1.amazonaws.com","syscall":"getaddrinfo"},"instanceId":"Abdullah-pc","level":"error","message":"Full error","service":"worker-service","timestamp":"I2O8601","version":"1.0.0"}
{"environment":"development","error":"getaddrinfo ENOTFOUND sqs.us-east-1.amazonaws.com","instanceId":"Abdullah-pc","level":"error","message":"Error receiving messages","service":"notification-worker-service","timestamp":"I4O8601","version":"1.0.0"}
{"environment":"development","error":{"$metadata":{"attempts":3,"totalRetryDelay":277},"code":"ENOTFOUND","errno":-3008,"hostname":"sqs.us-east-1.amazonaws.com","syscall":"getaddrinfo"},"instanceId":"Abdullah-pc","level":"error","message":"Full error","service":"notification-worker-service","timestamp":"I4O8601","version":"1.0.0"}
{"environment":"development","error":"getaddrinfo ENOTFOUND sqs.us-east-1.amazonaws.com","instanceId":"Abdullah-pc","level":"error","message":"Error receiving messages","service":"worker-service","timestamp":"I4O8601","version":"1.0.0"}
{"environment":"development","error":{"$metadata":{"attempts":3,"totalRetryDelay":183},"code":"ENOTFOUND","errno":-3008,"hostname":"sqs.us-east-1.amazonaws.com","syscall":"getaddrinfo"},"instanceId":"Abdullah-pc","level":"error","message":"Full error","service":"worker-service","timestamp":"I4O8601","version":"1.0.0"}
{"environment":"development","error":"getaddrinfo ENOTFOUND sqs.us-east-1.amazonaws.com","instanceId":"Abdullah-pc","level":"error","message":"Error receiving messages","service":"notification-worker-service","timestamp":"I5O8601","version":"1.0.0"}
{"environment":"development","error":{"$metadata":{"attempts":3,"totalRetryDelay":125},"code":"ENOTFOUND","errno":-3008,"hostname":"sqs.us-east-1.amazonaws.com","syscall":"getaddrinfo"},"instanceId":"Abdullah-pc","level":"error","message":"Full error","service":"notification-worker-service","timestamp":"I5O8601","version":"1.0.0"}
{"environment":"development","error":"getaddrinfo ENOTFOUND sqs.us-east-1.amazonaws.com","instanceId":"Abdullah-pc","level":"error","message":"Error receiving messages","service":"worker-service","timestamp":"I6O8601","version":"1.0.0"}
{"environment":"development","error":{"$metadata":{"attempts":3,"totalRetryDelay":148},"code":"ENOTFOUND","errno":-3008,"hostname":"sqs.us-east-1.amazonaws.com","syscall":"getaddrinfo"},"instanceId":"Abdullah-pc","level":"error","message":"Full error","service":"worker-service","timestamp":"I6O8601","version":"1.0.0"}
{"environment":"development","error":"getaddrinfo ENOTFOUND sqs.us-east-1.amazonaws.com","instanceId":"Abdullah-pc","level":"error","message":"Error receiving messages","service":"notification-worker-service","timestamp":"I7O8601","version":"1.0.0"}
{"environment":"development","error":{"$metadata":{"attempts":3,"totalRetryDelay":96},"code":"ENOTFOUND","errno":-3008,"hostname":"sqs.us-east-1.amazonaws.com","syscall":"getaddrinfo"},"instanceId":"Abdullah-pc","level":"error","message":"Full error","service":"notification-worker-service","timestamp":"I7O8601","version":"1.0.0"}
{"environment":"development","error":"getaddrinfo ENOTFOUND sqs.us-east-1.amazonaws.com","instanceId":"Abdullah-pc","level":"error","message":"Error receiving messages","service":"worker-service","timestamp":"I7O8601","version":"1.0.0"}
{"environment":"development","error":{"$metadata":{"attempts":3,"totalRetryDelay":75},"code":"ENOTFOUND","errno":-3008,"hostname":"sqs.us-east-1.amazonaws.com","syscall":"getaddrinfo"},"instanceId":"Abdullah-pc","level":"error","message":"Full error","service":"worker-service","timestamp":"I8O8601","version":"1.0.0"}
{"environment":"development","error":"getaddrinfo ENOTFOUND sqs.us-east-1.amazonaws.com","instanceId":"Abdullah-pc","level":"error","message":"Error receiving messages","service":"notification-worker-service","timestamp":"I9O8601","version":"1.0.0"}
{"environment":"development","error":{"$metadata":{"attempts":3,"totalRetryDelay":175},"code":"ENOTFOUND","errno":-3008,"hostname":"sqs.us-east-1.amazonaws.com","syscall":"getaddrinfo"},"instanceId":"Abdullah-pc","level":"error","message":"Full error","service":"notification-worker-service","timestamp":"I9O8601","version":"1.0.0"}
{"environment":"development","error":"getaddrinfo ENOTFOUND sqs.us-east-1.amazonaws.com","instanceId":"Abdullah-pc","level":"error","message":"Error receiving messages","service":"worker-service","timestamp":"I9O8601","version":"1.0.0"}
{"environment":"development","error":{"$metadata":{"attempts":3,"totalRetryDelay":152},"code":"ENOTFOUND","errno":-3008,"hostname":"sqs.us-east-1.amazonaws.com","syscall":"getaddrinfo"},"instanceId":"Abdullah-pc","level":"error","message":"Full error","service":"worker-service","timestamp":"I9O8601","version":"1.0.0"}
{"environment":"development","error":"getaddrinfo ENOTFOUND sqs.us-east-1.amazonaws.com","instanceId":"Abdullah-pc","level":"error","message":"Error receiving messages","service":"notification-worker-service","timestamp":"I2O8601","version":"1.0.0"}
{"environment":"development","error":{"$metadata":{"attempts":3,"totalRetryDelay":237},"code":"ENOTFOUND","errno":-3008,"hostname":"sqs.us-east-1.amazonaws.com","syscall":"getaddrinfo"},"instanceId":"Abdullah-pc","level":"error","message":"Full error","service":"notification-worker-service","timestamp":"I2O8601","version":"1.0.0"}
{"environment":"development","error":"getaddrinfo ENOTFOUND sqs.us-east-1.amazonaws.com","instanceId":"Abdullah-pc","level":"error","message":"Error receiving messages","service":"worker-service","timestamp":"I3O8601","version":"1.0.0"}
{"environment":"development","error":{"$metadata":{"attempts":3,"totalRetryDelay":290},"code":"ENOTFOUND","errno":-3008,"hostname":"sqs.us-east-1.amazonaws.com","syscall":"getaddrinfo"},"instanceId":"Abdullah-pc","level":"error","message":"Full error","service":"worker-service","timestamp":"I3O8601","version":"1.0.0"}
{"environment":"development","error":"getaddrinfo ENOTFOUND sqs.us-east-1.amazonaws.com","instanceId":"Abdullah-pc","level":"error","message":"Error receiving messages","service":"notification-worker-service","timestamp":"I3O8601","version":"1.0.0"}
{"environment":"development","error":{"$metadata":{"attempts":3,"totalRetryDelay":98},"code":"ENOTFOUND","errno":-3008,"hostname":"sqs.us-east-1.amazonaws.com","syscall":"getaddrinfo"},"instanceId":"Abdullah-pc","level":"error","message":"Full error","service":"notification-worker-service","timestamp":"I3O8601","version":"1.0.0"}
{"environment":"development","error":"getaddrinfo ENOTFOUND sqs.us-east-1.amazonaws.com","instanceId":"Abdullah-pc","level":"error","message":"Error receiving messages","service":"worker-service","timestamp":"I4O8601","version":"1.0.0"}
{"environment":"development","error":{"$metadata":{"attempts":3,"totalRetryDelay":116},"code":"ENOTFOUND","errno":-3008,"hostname":"sqs.us-east-1.amazonaws.com","syscall":"getaddrinfo"},"instanceId":"Abdullah-pc","level":"error","message":"Full error","service":"worker-service","timestamp":"I4O8601","version":"1.0.0"}
{"environment":"development","error":"getaddrinfo ENOTFOUND sqs.us-east-1.amazonaws.com","instanceId":"Abdullah-pc","level":"error","message":"Error receiving messages","service":"worker-service","timestamp":"I5O8601","version":"1.0.0"}
{"environment":"development","error":{"$metadata":{"attempts":3,"totalRetryDelay":59},"code":"ENOTFOUND","errno":-3008,"hostname":"sqs.us-east-1.amazonaws.com","syscall":"getaddrinfo"},"instanceId":"Abdullah-pc","level":"error","message":"Full error","service":"worker-service","timestamp":"I5O8601","version":"1.0.0"}
{"environment":"development","error":"getaddrinfo ENOTFOUND sqs.us-east-1.amazonaws.com","instanceId":"Abdullah-pc","level":"error","message":"Error receiving messages","service":"notification-worker-service","timestamp":"I5O8601","version":"1.0.0"}
{"environment":"development","error":{"$metadata":{"attempts":3,"totalRetryDelay":211},"code":"ENOTFOUND","errno":-3008,"hostname":"sqs.us-east-1.amazonaws.com","syscall":"getaddrinfo"},"instanceId":"Abdullah-pc","level":"error","message":"Full error","service":"notification-worker-service","timestamp":"I5O8601","version":"1.0.0"}
{"environment":"development","error":"getaddrinfo ENOTFOUND sqs.us-east-1.amazonaws.com","instanceId":"Abdullah-pc","level":"error","message":"Error receiving messages","service":"worker-service","timestamp":"I6O8601","version":"1.0.0"}
{"environment":"development","error":{"$metadata":{"attempts":3,"totalRetryDelay":118},"code":"ENOTFOUND","errno":-3008,"hostname":"sqs.us-east-1.amazonaws.com","syscall":"getaddrinfo"},"instanceId":"Abdullah-pc","level":"error","message":"Full error","service":"worker-service","timestamp":"I6O8601","version":"1.0.0"}
{"environment":"development","error":"getaddrinfo ENOTFOUND sqs.us-east-1.amazonaws.com","instanceId":"Abdullah-pc","level":"error","message":"Error receiving messages","service":"notification-worker-service","timestamp":"I8O8601","version":"1.0.0"}
{"environment":"development","error":{"$metadata":{"attempts":3,"totalRetryDelay":170},"code":"ENOTFOUND","errno":-3008,"hostname":"sqs.us-east-1.amazonaws.com","syscall":"getaddrinfo"},"instanceId":"Abdullah-pc","level":"error","message":"Full error","service":"notification-worker-service","timestamp":"I8O8601","version":"1.0.0"}
{"environment":"development","error":"getaddrinfo ENOTFOUND sqs.us-east-1.amazonaws.com","instanceId":"Abdullah-pc","level":"error","message":"Error receiving messages","service":"worker-service","timestamp":"I8O8601","version":"1.0.0"}
{"environment":"development","error":{"$metadata":{"attempts":3,"totalRetryDelay":97},"code":"ENOTFOUND","errno":-3008,"hostname":"sqs.us-east-1.amazonaws.com","syscall":"getaddrinfo"},"instanceId":"Abdullah-pc","level":"error","message":"Full error","service":"worker-service","timestamp":"I8O8601","version":"1.0.0"}
{"environment":"development","error":"getaddrinfo ENOTFOUND sqs.us-east-1.amazonaws.com","instanceId":"Abdullah-pc","level":"error","message":"Error receiving messages","service":"worker-service","timestamp":"I8O8601","version":"1.0.0"}
{"environment":"development","error":{"$metadata":{"attempts":3,"totalRetryDelay":39},"code":"ENOTFOUND","errno":-3008,"hostname":"sqs.us-east-1.amazonaws.com","syscall":"getaddrinfo"},"instanceId":"Abdullah-pc","level":"error","message":"Full error","service":"worker-service","timestamp":"I8O8601","version":"1.0.0"}
{"environment":"development","error":"getaddrinfo ENOTFOUND sqs.us-east-1.amazonaws.com","instanceId":"Abdullah-pc","level":"error","message":"Error receiving messages","service":"worker-service","timestamp":"I9O8601","version":"1.0.0"}
{"environment":"development","error":{"$metadata":{"attempts":3,"totalRetryDelay":10},"code":"ENOTFOUND","errno":-3008,"hostname":"sqs.us-east-1.amazonaws.com","syscall":"getaddrinfo"},"instanceId":"Abdullah-pc","level":"error","message":"Full error","service":"worker-service","timestamp":"I9O8601","version":"1.0.0"}
{"environment":"development","error":"getaddrinfo ENOTFOUND sqs.us-east-1.amazonaws.com","instanceId":"Abdullah-pc","level":"error","message":"Error receiving messages","service":"notification-worker-service","timestamp":"I10O8601","version":"1.0.0"}
{"environment":"development","error":{"$metadata":{"attempts":3,"totalRetryDelay":169},"code":"ENOTFOUND","errno":-3008,"hostname":"sqs.us-east-1.amazonaws.com","syscall":"getaddrinfo"},"instanceId":"Abdullah-pc","level":"error","message":"Full error","service":"notification-worker-service","timestamp":"I10O8601","version":"1.0.0"}
{"environment":"development","error":"getaddrinfo ENOTFOUND sqs.us-east-1.amazonaws.com","instanceId":"Abdullah-pc","level":"error","message":"Error receiving messages","service":"worker-service","timestamp":"I0O8601","version":"1.0.0"}
{"environment":"development","error":{"$metadata":{"attempts":3,"totalRetryDelay":94},"code":"ENOTFOUND","errno":-3008,"hostname":"sqs.us-east-1.amazonaws.com","syscall":"getaddrinfo"},"instanceId":"Abdullah-pc","level":"error","message":"Full error","service":"worker-service","timestamp":"I0O8601","version":"1.0.0"}
{"environment":"development","error":"getaddrinfo ENOTFOUND sqs.us-east-1.amazonaws.com","instanceId":"Abdullah-pc","level":"error","message":"Error receiving messages","service":"worker-service","timestamp":"I1O8601","version":"1.0.0"}
{"environment":"development","error":{"$metadata":{"attempts":3,"totalRetryDelay":26},"code":"ENOTFOUND","errno":-3008,"hostname":"sqs.us-east-1.amazonaws.com","syscall":"getaddrinfo"},"instanceId":"Abdullah-pc","level":"error","message":"Full error","service":"worker-service","timestamp":"I1O8601","version":"1.0.0"}
{"environment":"development","error":"getaddrinfo ENOTFOUND sqs.us-east-1.amazonaws.com","instanceId":"Abdullah-pc","level":"error","message":"Error receiving messages","service":"notification-worker-service","timestamp":"I1O8601","version":"1.0.0"}
{"environment":"development","error":{"$metadata":{"attempts":3,"totalRetryDelay":110},"code":"ENOTFOUND","errno":-3008,"hostname":"sqs.us-east-1.amazonaws.com","syscall":"getaddrinfo"},"instanceId":"Abdullah-pc","level":"error","message":"Full error","service":"notification-worker-service","timestamp":"I1O8601","version":"1.0.0"}
{"environment":"development","error":"getaddrinfo ENOTFOUND sqs.us-east-1.amazonaws.com","instanceId":"Abdullah-pc","level":"error","message":"Error receiving messages","service":"worker-service","timestamp":"I2O8601","version":"1.0.0"}
{"environment":"development","error":{"$metadata":{"attempts":3,"totalRetryDelay":60},"code":"ENOTFOUND","errno":-3008,"hostname":"sqs.us-east-1.amazonaws.com","syscall":"getaddrinfo"},"instanceId":"Abdullah-pc","level":"error","message":"Full error","service":"worker-service","timestamp":"I2O8601","version":"1.0.0"}
{"environment":"development","error":"getaddrinfo ENOTFOUND sqs.us-east-1.amazonaws.com","instanceId":"Abdullah-pc","level":"error","message":"Error receiving messages","service":"notification-worker-service","timestamp":"I3O8601","version":"1.0.0"}
{"environment":"development","error":{"$metadata":{"attempts":3,"totalRetryDelay":116},"code":"ENOTFOUND","errno":-3008,"hostname":"sqs.us-east-1.amazonaws.com","syscall":"getaddrinfo"},"instanceId":"Abdullah-pc","level":"error","message":"Full error","service":"notification-worker-service","timestamp":"I3O8601","version":"1.0.0"}
{"environment":"development","error":"getaddrinfo ENOTFOUND sqs.us-east-1.amazonaws.com","instanceId":"Abdullah-pc","level":"error","message":"Error receiving messages","service":"worker-service","timestamp":"I3O8601","version":"1.0.0"}
{"environment":"development","error":{"$metadata":{"attempts":3,"totalRetryDelay":92},"code":"ENOTFOUND","errno":-3008,"hostname":"sqs.us-east-1.amazonaws.com","syscall":"getaddrinfo"},"instanceId":"Abdullah-pc","level":"error","message":"Full error","service":"worker-service","timestamp":"I3O8601","version":"1.0.0"}
{"environment":"development","error":"getaddrinfo ENOTFOUND sqs.us-east-1.amazonaws.com","instanceId":"Abdullah-pc","level":"error","message":"Error receiving messages","service":"notification-worker-service","timestamp":"I3O8601","version":"1.0.0"}
{"environment":"development","error":{"$metadata":{"attempts":3,"totalRetryDelay":8},"code":"ENOTFOUND","errno":-3008,"hostname":"sqs.us-east-1.amazonaws.com","syscall":"getaddrinfo"},"instanceId":"Abdullah-pc","level":"error","message":"Full error","service":"notification-worker-service","timestamp":"I3O8601","version":"1.0.0"}
{"environment":"development","error":"getaddrinfo ENOTFOUND sqs.us-east-1.amazonaws.com","instanceId":"Abdullah-pc","level":"error","message":"Error receiving messages","service":"worker-service","timestamp":"I4O8601","version":"1.0.0"}
{"environment":"development","error":{"$metadata":{"attempts":3,"totalRetryDelay":85},"code":"ENOTFOUND","errno":-3008,"hostname":"sqs.us-east-1.amazonaws.com","syscall":"getaddrinfo"},"instanceId":"Abdullah-pc","level":"error","message":"Full error","service":"worker-service","timestamp":"I4O8601","version":"1.0.0"}
{"environment":"development","error":"getaddrinfo ENOTFOUND sqs.us-east-1.amazonaws.com","instanceId":"Abdullah-pc","level":"error","message":"Error receiving messages","service":"notification-worker-service","timestamp":"I6O8601","version":"1.0.0"}
{"environment":"development","error":"getaddrinfo ENOTFOUND sqs.us-east-1.amazonaws.com","instanceId":"Abdullah-pc","level":"error","message":"Error receiving messages","service":"worker-service","timestamp":"I6O8601","version":"1.0.0"}
{"environment":"development","error":{"$metadata":{"attempts":3,"totalRetryDelay":168},"code":"ENOTFOUND","errno":-3008,"hostname":"sqs.us-east-1.amazonaws.com","syscall":"getaddrinfo"},"instanceId":"Abdullah-pc","level":"error","message":"Full error","service":"worker-service","timestamp":"I6O8601","version":"1.0.0"}
{"environment":"development","error":{"$metadata":{"attempts":3,"totalRetryDelay":261},"code":"ENOTFOUND","errno":-3008,"hostname":"sqs.us-east-1.amazonaws.com","syscall":"getaddrinfo"},"instanceId":"Abdullah-pc","level":"error","message":"Full error","service":"notification-worker-service","timestamp":"I6O8601","version":"1.0.0"}
{"environment":"development","error":"getaddrinfo ENOTFOUND sqs.us-east-1.amazonaws.com","instanceId":"Abdullah-pc","level":"error","message":"Error receiving messages","service":"notification-worker-service","timestamp":"I7O8601","version":"1.0.0"}
{"environment":"development","error":{"$metadata":{"attempts":3,"totalRetryDelay":77},"code":"ENOTFOUND","errno":-3008,"hostname":"sqs.us-east-1.amazonaws.com","syscall":"getaddrinfo"},"instanceId":"Abdullah-pc","level":"error","message":"Full error","service":"notification-worker-service","timestamp":"I7O8601","version":"1.0.0"}
{"environment":"development","error":"getaddrinfo ENOTFOUND sqs.us-east-1.amazonaws.com","instanceId":"Abdullah-pc","level":"error","message":"Error receiving messages","service":"worker-service","timestamp":"I8O8601","version":"1.0.0"}
{"environment":"development","error":{"$metadata":{"attempts":3,"totalRetryDelay":146},"code":"ENOTFOUND","errno":-3008,"hostname":"sqs.us-east-1.amazonaws.com","syscall":"getaddrinfo"},"instanceId":"Abdullah-pc","level":"error","message":"Full error","service":"worker-service","timestamp":"I8O8601","version":"1.0.0"}
{"environment":"development","error":"getaddrinfo ENOTFOUND sqs.us-east-1.amazonaws.com","instanceId":"Abdullah-pc","level":"error","message":"Error receiving messages","service":"notification-worker-service","timestamp":"I9O8601","version":"1.0.0"}
{"environment":"development","error":{"$metadata":{"attempts":3,"totalRetryDelay":129},"code":"ENOTFOUND","errno":-3008,"hostname":"sqs.us-east-1.amazonaws.com","syscall":"getaddrinfo"},"instanceId":"Abdullah-pc","level":"error","message":"Full error","service":"notification-worker-service","timestamp":"I9O8601","version":"1.0.0"}
{"environment":"development","error":"getaddrinfo ENOTFOUND sqs.us-east-1.amazonaws.com","instanceId":"Abdullah-pc","level":"error","message":"Error receiving messages","service":"worker-service","timestamp":"I0O8601","version":"1.0.0"}
{"environment":"development","error":{"$metadata":{"attempts":3,"totalRetryDelay":200},"code":"ENOTFOUND","errno":-3008,"hostname":"sqs.us-east-1.amazonaws.com","syscall":"getaddrinfo"},"instanceId":"Abdullah-pc","level":"error","message":"Full error","service":"worker-service","timestamp":"I0O8601","version":"1.0.0"}
{"environment":"development","error":"getaddrinfo ENOTFOUND sqs.us-east-1.amazonaws.com","instanceId":"Abdullah-pc","level":"error","message":"Error receiving messages","service":"notification-worker-service","timestamp":"I1O8601","version":"1.0.0"}
{"environment":"development","error":"getaddrinfo ENOTFOUND sqs.us-east-1.amazonaws.com","instanceId":"Abdullah-pc","level":"error","message":"Error receiving messages","service":"worker-service","timestamp":"I1O8601","version":"1.0.0"}
{"environment":"development","error":{"$metadata":{"attempts":3,"totalRetryDelay":77},"code":"ENOTFOUND","errno":-3008,"hostname":"sqs.us-east-1.amazonaws.com","syscall":"getaddrinfo"},"instanceId":"Abdullah-pc","level":"error","message":"Full error","service":"worker-service","timestamp":"I2O8601","version":"1.0.0"}
{"environment":"development","error":{"$metadata":{"attempts":3,"totalRetryDelay":198},"code":"ENOTFOUND","errno":-3008,"hostname":"sqs.us-east-1.amazonaws.com","syscall":"getaddrinfo"},"instanceId":"Abdullah-pc","level":"error","message":"Full error","service":"notification-worker-service","timestamp":"I2O8601","version":"1.0.0"}
{"environment":"development","error":"getaddrinfo ENOTFOUND sqs.us-east-1.amazonaws.com","instanceId":"Abdullah-pc","level":"error","message":"Error receiving messages","service":"notification-worker-service","timestamp":"I4O8601","version":"1.0.0"}
{"environment":"development","error":{"$metadata":{"attempts":3,"totalRetryDelay":163},"code":"ENOTFOUND","errno":-3008,"hostname":"sqs.us-east-1.amazonaws.com","syscall":"getaddrinfo"},"instanceId":"Abdullah-pc","level":"error","message":"Full error","service":"notification-worker-service","timestamp":"I4O8601","version":"1.0.0"}
{"environment":"development","error":"getaddrinfo ENOTFOUND sqs.us-east-1.amazonaws.com","instanceId":"Abdullah-pc","level":"error","message":"Error receiving messages","service":"worker-service","timestamp":"I5O8601","version":"1.0.0"}
{"environment":"development","error":{"$metadata":{"attempts":3,"totalRetryDelay":271},"code":"ENOTFOUND","errno":-3008,"hostname":"sqs.us-east-1.amazonaws.com","syscall":"getaddrinfo"},"instanceId":"Abdullah-pc","level":"error","message":"Full error","service":"worker-service","timestamp":"I5O8601","version":"1.0.0"}
{"environment":"development","error":"getaddrinfo ENOTFOUND sqs.us-east-1.amazonaws.com","instanceId":"Abdullah-pc","level":"error","message":"Error receiving messages","service":"notification-worker-service","timestamp":"I5O8601","version":"1.0.0"}
{"environment":"development","error":{"$metadata":{"attempts":3,"totalRetryDelay":96},"code":"ENOTFOUND","errno":-3008,"hostname":"sqs.us-east-1.amazonaws.com","syscall":"getaddrinfo"},"instanceId":"Abdullah-pc","level":"error","message":"Full error","service":"notification-worker-service","timestamp":"I5O8601","version":"1.0.0"}
{"environment":"development","error":"getaddrinfo ENOTFOUND sqs.us-east-1.amazonaws.com","instanceId":"Abdullah-pc","level":"error","message":"Error receiving messages","service":"worker-service","timestamp":"I8O8601","version":"1.0.0"}
{"environment":"development","error":{"$metadata":{"attempts":3,"totalRetryDelay":245},"code":"ENOTFOUND","errno":-3008,"hostname":"sqs.us-east-1.amazonaws.com","syscall":"getaddrinfo"},"instanceId":"Abdullah-pc","level":"error","message":"Full error","service":"worker-service","timestamp":"I8O8601","version":"1.0.0"}
{"environment":"development","error":"getaddrinfo ENOTFOUND sqs.us-east-1.amazonaws.com","instanceId":"Abdullah-pc","level":"error","message":"Error receiving messages","service":"notification-worker-service","timestamp":"I8O8601","version":"1.0.0"}
{"environment":"development","error":{"$metadata":{"attempts":3,"totalRetryDelay":209},"code":"ENOTFOUND","errno":-3008,"hostname":"sqs.us-east-1.amazonaws.com","syscall":"getaddrinfo"},"instanceId":"Abdullah-pc","level":"error","message":"Full error","service":"notification-worker-service","timestamp":"I8O8601","version":"1.0.0"}
{"environment":"development","error":"getaddrinfo ENOTFOUND sqs.us-east-1.amazonaws.com","instanceId":"Abdullah-pc","level":"error","message":"Error receiving messages","service":"notification-worker-service","timestamp":"I9O8601","version":"1.0.0"}
{"environment":"development","error":{"$metadata":{"attempts":3,"totalRetryDelay":68},"code":"ENOTFOUND","errno":-3008,"hostname":"sqs.us-east-1.amazonaws.com","syscall":"getaddrinfo"},"instanceId":"Abdullah-pc","level":"error","message":"Full error","service":"notification-worker-service","timestamp":"I9O8601","version":"1.0.0"}
{"environment":"development","error":"getaddrinfo ENOTFOUND sqs.us-east-1.amazonaws.com","instanceId":"Abdullah-pc","level":"error","message":"Error receiving messages","service":"worker-service","timestamp":"I9O8601","version":"1.0.0"}
{"environment":"development","error":{"$metadata":{"attempts":3,"totalRetryDelay":142},"code":"ENOTFOUND","errno":-3008,"hostname":"sqs.us-east-1.amazonaws.com","syscall":"getaddrinfo"},"instanceId":"Abdullah-pc","level":"error","message":"Full error","service":"worker-service","timestamp":"I9O8601","version":"1.0.0"}
{"environment":"development","error":"getaddrinfo ENOTFOUND sqs.us-east-1.amazonaws.com","instanceId":"Abdullah-pc","level":"error","message":"Error receiving messages","service":"notification-worker-service","timestamp":"I1O8601","version":"1.0.0"}
{"environment":"development","error":{"$metadata":{"attempts":3,"totalRetryDelay":203},"code":"ENOTFOUND","errno":-3008,"hostname":"sqs.us-east-1.amazonaws.com","syscall":"getaddrinfo"},"instanceId":"Abdullah-pc","level":"error","message":"Full error","service":"notification-worker-service","timestamp":"I1O8601","version":"1.0.0"}
{"environment":"development","error":"getaddrinfo ENOTFOUND sqs.us-east-1.amazonaws.com","instanceId":"Abdullah-pc","level":"error","message":"Error receiving messages","service":"worker-service","timestamp":"I2O8601","version":"1.0.0"}
{"environment":"development","error":{"$metadata":{"attempts":3,"totalRetryDelay":210},"code":"ENOTFOUND","errno":-3008,"hostname":"sqs.us-east-1.amazonaws.com","syscall":"getaddrinfo"},"instanceId":"Abdullah-pc","level":"error","message":"Full error","service":"worker-service","timestamp":"I2O8601","version":"1.0.0"}
{"environment":"development","error":"getaddrinfo ENOTFOUND sqs.us-east-1.amazonaws.com","instanceId":"Abdullah-pc","level":"error","message":"Error receiving messages","service":"notification-worker-service","timestamp":"I2O8601","version":"1.0.0"}
{"environment":"development","error":{"$metadata":{"attempts":3,"totalRetryDelay":70},"code":"ENOTFOUND","errno":-3008,"hostname":"sqs.us-east-1.amazonaws.com","syscall":"getaddrinfo"},"instanceId":"Abdullah-pc","level":"error","message":"Full error","service":"notification-worker-service","timestamp":"I2O8601","version":"1.0.0"}
{"environment":"development","error":"getaddrinfo ENOTFOUND sqs.us-east-1.amazonaws.com","instanceId":"Abdullah-pc","level":"error","message":"Error receiving messages","service":"worker-service","timestamp":"I2O8601","version":"1.0.0"}
{"environment":"development","error":{"$metadata":{"attempts":3,"totalRetryDelay":24},"code":"ENOTFOUND","errno":-3008,"hostname":"sqs.us-east-1.amazonaws.com","syscall":"getaddrinfo"},"instanceId":"Abdullah-pc","level":"error","message":"Full error","service":"worker-service","timestamp":"I2O8601","version":"1.0.0"}
{"environment":"development","error":"getaddrinfo ENOTFOUND sqs.us-east-1.amazonaws.com","instanceId":"Abdullah-pc","level":"error","message":"Error receiving messages","service":"worker-service","timestamp":"I5O8601","version":"1.0.0"}
{"environment":"development","error":"getaddrinfo ENOTFOUND sqs.us-east-1.amazonaws.com","instanceId":"Abdullah-pc","level":"error","message":"Error receiving messages","service":"notification-worker-service","timestamp":"I5O8601","version":"1.0.0"}
{"environment":"development","error":{"$metadata":{"attempts":3,"totalRetryDelay":187},"code":"ENOTFOUND","errno":-3008,"hostname":"sqs.us-east-1.amazonaws.com","syscall":"getaddrinfo"},"instanceId":"Abdullah-pc","level":"error","message":"Full error","service":"worker-service","timestamp":"I5O8601","version":"1.0.0"}
{"environment":"development","error":{"$metadata":{"attempts":3,"totalRetryDelay":202},"code":"ENOTFOUND","errno":-3008,"hostname":"sqs.us-east-1.amazonaws.com","syscall":"getaddrinfo"},"instanceId":"Abdullah-pc","level":"error","message":"Full error","service":"notification-worker-service","timestamp":"I5O8601","version":"1.0.0"}
{"environment":"development","error":"getaddrinfo ENOTFOUND sqs.us-east-1.amazonaws.com","instanceId":"Abdullah-pc","level":"error","message":"Error receiving messages","service":"worker-service","timestamp":"I5O8601","version":"1.0.0"}
{"environment":"development","error":{"$metadata":{"attempts":3,"totalRetryDelay":25},"code":"ENOTFOUND","errno":-3008,"hostname":"sqs.us-east-1.amazonaws.com","syscall":"getaddrinfo"},"instanceId":"Abdullah-pc","level":"error","message":"Full error","service":"worker-service","timestamp":"I5O8601","version":"1.0.0"}
{"environment":"development","error":"getaddrinfo ENOTFOUND sqs.us-east-1.amazonaws.com","instanceId":"Abdullah-pc","level":"error","message":"Error receiving messages","service":"notification-worker-service","timestamp":"I6O8601","version":"1.0.0"}
{"environment":"development","error":{"$metadata":{"attempts":3,"totalRetryDelay":71},"code":"ENOTFOUND","errno":-3008,"hostname":"sqs.us-east-1.amazonaws.com","syscall":"getaddrinfo"},"instanceId":"Abdullah-pc","level":"error","message":"Full error","service":"notification-worker-service","timestamp":"I6O8601","version":"1.0.0"}
{"environment":"development","error":"getaddrinfo ENOTFOUND sqs.us-east-1.amazonaws.com","instanceId":"Abdullah-pc","level":"error","message":"Error receiving messages","service":"notification-worker-service","timestamp":"I7O8601","version":"1.0.0"}
{"environment":"development","error":{"$metadata":{"attempts":3,"totalRetryDelay":54},"code":"ENOTFOUND","errno":-3008,"hostname":"sqs.us-east-1.amazonaws.com","syscall":"getaddrinfo"},"instanceId":"Abdullah-pc","level":"error","message":"Full error","service":"notification-worker-service","timestamp":"I7O8601","version":"1.0.0"}
{"environment":"development","error":"getaddrinfo ENOTFOUND sqs.us-east-1.amazonaws.com","instanceId":"Abdullah-pc","level":"error","message":"Error receiving messages","service":"worker-service","timestamp":"I7O8601","version":"1.0.0"}
{"environment":"development","error":{"$metadata":{"attempts":3,"totalRetryDelay":143},"code":"ENOTFOUND","errno":-3008,"hostname":"sqs.us-east-1.amazonaws.com","syscall":"getaddrinfo"},"instanceId":"Abdullah-pc","level":"error","message":"Full error","service":"worker-service","timestamp":"I7O8601","version":"1.0.0"}
{"environment":"development","error":"getaddrinfo ENOTFOUND sqs.us-east-1.amazonaws.com","instanceId":"Abdullah-pc","level":"error","message":"Error receiving messages","service":"notification-worker-service","timestamp":"I9O8601","version":"1.0.0"}
{"environment":"development","error":{"$metadata":{"attempts":3,"totalRetryDelay":207},"code":"ENOTFOUND","errno":-3008,"hostname":"sqs.us-east-1.amazonaws.com","syscall":"getaddrinfo"},"instanceId":"Abdullah-pc","level":"error","message":"Full error","service":"notification-worker-service","timestamp":"I9O8601","version":"1.0.0"}
{"environment":"development","error":"getaddrinfo ENOTFOUND sqs.us-east-1.amazonaws.com","instanceId":"Abdullah-pc","level":"error","message":"Error receiving messages","service":"worker-service","timestamp":"I9O8601","version":"1.0.0"}
{"environment":"development","error":{"$metadata":{"attempts":3,"totalRetryDelay":217},"code":"ENOTFOUND","errno":-3008,"hostname":"sqs.us-east-1.amazonaws.com","syscall":"getaddrinfo"},"instanceId":"Abdullah-pc","level":"error","message":"Full error","service":"worker-service","timestamp":"I9O8601","version":"1.0.0"}
{"environment":"development","error":"getaddrinfo ENOTFOUND sqs.us-east-1.amazonaws.com","instanceId":"Abdullah-pc","level":"error","message":"Error receiving messages","service":"notification-worker-service","timestamp":"I10O8601","version":"1.0.0"}
{"environment":"development","error":{"$metadata":{"attempts":3,"totalRetryDelay":70},"code":"ENOTFOUND","errno":-3008,"hostname":"sqs.us-east-1.amazonaws.com","syscall":"getaddrinfo"},"instanceId":"Abdullah-pc","level":"error","message":"Full error","service":"notification-worker-service","timestamp":"I10O8601","version":"1.0.0"}
{"environment":"development","error":"getaddrinfo ENOTFOUND sqs.us-east-1.amazonaws.com","instanceId":"Abdullah-pc","level":"error","message":"Error receiving messages","service":"worker-service","timestamp":"I1O8601","version":"1.0.0"}
{"environment":"development","error":{"$metadata":{"attempts":3,"totalRetryDelay":92},"code":"ENOTFOUND","errno":-3008,"hostname":"sqs.us-east-1.amazonaws.com","syscall":"getaddrinfo"},"instanceId":"Abdullah-pc","level":"error","message":"Full error","service":"worker-service","timestamp":"I1O8601","version":"1.0.0"}
{"environment":"development","error":"getaddrinfo ENOTFOUND sqs.us-east-1.amazonaws.com","instanceId":"Abdullah-pc","level":"error","message":"Error receiving messages","service":"notification-worker-service","timestamp":"I2O8601","version":"1.0.0"}
{"environment":"development","error":{"$metadata":{"attempts":3,"totalRetryDelay":143},"code":"ENOTFOUND","errno":-3008,"hostname":"sqs.us-east-1.amazonaws.com","syscall":"getaddrinfo"},"instanceId":"Abdullah-pc","level":"error","message":"Full error","service":"notification-worker-service","timestamp":"I2O8601","version":"1.0.0"}
{"environment":"development","error":"getaddrinfo ENOTFOUND sqs.us-east-1.amazonaws.com","instanceId":"Abdullah-pc","level":"error","message":"Error receiving messages","service":"worker-service","timestamp":"I2O8601","version":"1.0.0"}
{"environment":"development","error":{"$metadata":{"attempts":3,"totalRetryDelay":108},"code":"ENOTFOUND","errno":-3008,"hostname":"sqs.us-east-1.amazonaws.com","syscall":"getaddrinfo"},"instanceId":"Abdullah-pc","level":"error","message":"Full error","service":"worker-service","timestamp":"I2O8601","version":"1.0.0"}
{"environment":"development","error":"getaddrinfo ENOTFOUND sqs.us-east-1.amazonaws.com","instanceId":"Abdullah-pc","level":"error","message":"Error receiving messages","service":"worker-service","timestamp":"I4O8601","version":"1.0.0"}
{"environment":"development","error":{"$metadata":{"attempts":3,"totalRetryDelay":172},"code":"ENOTFOUND","errno":-3008,"hostname":"sqs.us-east-1.amazonaws.com","syscall":"getaddrinfo"},"instanceId":"Abdullah-pc","level":"error","message":"Full error","service":"worker-service","timestamp":"I4O8601","version":"1.0.0"}
{"environment":"development","error":"getaddrinfo ENOTFOUND sqs.us-east-1.amazonaws.com","instanceId":"Abdullah-pc","level":"error","message":"Error receiving messages","service":"notification-worker-service","timestamp":"I5O8601","version":"1.0.0"}
{"environment":"development","error":{"$metadata":{"attempts":3,"totalRetryDelay":268},"code":"ENOTFOUND","errno":-3008,"hostname":"sqs.us-east-1.amazonaws.com","syscall":"getaddrinfo"},"instanceId":"Abdullah-pc","level":"error","message":"Full error","service":"notification-worker-service","timestamp":"I5O8601","version":"1.0.0"}
{"environment":"development","error":"getaddrinfo ENOTFOUND sqs.us-east-1.amazonaws.com","instanceId":"Abdullah-pc","level":"error","message":"Error receiving messages","service":"worker-service","timestamp":"I7O8601","version":"1.0.0"}
{"environment":"development","error":{"$metadata":{"attempts":3,"totalRetryDelay":227},"code":"ENOTFOUND","errno":-3008,"hostname":"sqs.us-east-1.amazonaws.com","syscall":"getaddrinfo"},"instanceId":"Abdullah-pc","level":"error","message":"Full error","service":"worker-service","timestamp":"I7O8601","version":"1.0.0"}
{"environment":"development","error":"getaddrinfo ENOTFOUND sqs.us-east-1.amazonaws.com","instanceId":"Abdullah-pc","level":"error","message":"Error receiving messages","service":"notification-worker-service","timestamp":"I7O8601","version":"1.0.0"}
{"environment":"development","error":{"$metadata":{"attempts":3,"totalRetryDelay":183},"code":"ENOTFOUND","errno":-3008,"hostname":"sqs.us-east-1.amazonaws.com","syscall":"getaddrinfo"},"instanceId":"Abdullah-pc","level":"error","message":"Full error","service":"notification-worker-service","timestamp":"I7O8601","version":"1.0.0"}
{"environment":"development","error":"getaddrinfo ENOTFOUND sqs.us-east-1.amazonaws.com","instanceId":"Abdullah-pc","level":"error","message":"Error receiving messages","service":"notification-worker-service","timestamp":"I8O8601","version":"1.0.0"}
{"environment":"development","error":{"$metadata":{"attempts":3,"totalRetryDelay":108},"code":"ENOTFOUND","errno":-3008,"hostname":"sqs.us-east-1.amazonaws.com","syscall":"getaddrinfo"},"instanceId":"Abdullah-pc","level":"error","message":"Full error","service":"notification-worker-service","timestamp":"I8O8601","version":"1.0.0"}
{"environment":"development","error":"getaddrinfo ENOTFOUND sqs.us-east-1.amazonaws.com","instanceId":"Abdullah-pc","level":"error","message":"Error receiving messages","service":"worker-service","timestamp":"I9O8601","version":"1.0.0"}
{"environment":"development","error":{"$metadata":{"attempts":3,"totalRetryDelay":225},"code":"ENOTFOUND","errno":-3008,"hostname":"sqs.us-east-1.amazonaws.com","syscall":"getaddrinfo"},"instanceId":"Abdullah-pc","level":"error","message":"Full error","service":"worker-service","timestamp":"I9O8601","version":"1.0.0"}
{"environment":"development","error":"getaddrinfo ENOTFOUND sqs.us-east-1.amazonaws.com","instanceId":"Abdullah-pc","level":"error","message":"Error receiving messages","service":"worker-service","timestamp":"I10O8601","version":"1.0.0"}
{"environment":"development","error":"getaddrinfo ENOTFOUND sqs.us-east-1.amazonaws.com","instanceId":"Abdullah-pc","level":"error","message":"Error receiving messages","service":"notification-worker-service","timestamp":"I10O8601","version":"1.0.0"}
{"environment":"development","error":{"$metadata":{"attempts":3,"totalRetryDelay":36},"code":"ENOTFOUND","errno":-3008,"hostname":"sqs.us-east-1.amazonaws.com","syscall":"getaddrinfo"},"instanceId":"Abdullah-pc","level":"error","message":"Full error","service":"worker-service","timestamp":"I10O8601","version":"1.0.0"}
{"environment":"development","error":{"$metadata":{"attempts":3,"totalRetryDelay":136},"code":"ENOTFOUND","errno":-3008,"hostname":"sqs.us-east-1.amazonaws.com","syscall":"getaddrinfo"},"instanceId":"Abdullah-pc","level":"error","message":"Full error","service":"notification-worker-service","timestamp":"I10O8601","version":"1.0.0"}
{"environment":"development","error":"getaddrinfo ENOTFOUND sqs.us-east-1.amazonaws.com","instanceId":"Abdullah-pc","level":"error","message":"Error receiving messages","service":"notification-worker-service","timestamp":"I1O8601","version":"1.0.0"}
{"environment":"development","error":{"$metadata":{"attempts":3,"totalRetryDelay":39},"code":"ENOTFOUND","errno":-3008,"hostname":"sqs.us-east-1.amazonaws.com","syscall":"getaddrinfo"},"instanceId":"Abdullah-pc","level":"error","message":"Full error","service":"notification-worker-service","timestamp":"I1O8601","version":"1.0.0"}
{"environment":"development","error":"getaddrinfo ENOTFOUND sqs.us-east-1.amazonaws.com","instanceId":"Abdullah-pc","level":"error","message":"Error receiving messages","service":"notification-worker-service","timestamp":"I2O8601","version":"1.0.0"}
{"environment":"development","error":{"$metadata":{"attempts":3,"totalRetryDelay":52},"code":"ENOTFOUND","errno":-3008,"hostname":"sqs.us-east-1.amazonaws.com","syscall":"getaddrinfo"},"instanceId":"Abdullah-pc","level":"error","message":"Full error","service":"notification-worker-service","timestamp":"I2O8601","version":"1.0.0"}
{"environment":"development","error":"getaddrinfo ENOTFOUND sqs.us-east-1.amazonaws.com","instanceId":"Abdullah-pc","level":"error","message":"Error receiving messages","service":"worker-service","timestamp":"I2O8601","version":"1.0.0"}
{"environment":"development","error":{"$metadata":{"attempts":3,"totalRetryDelay":148},"code":"ENOTFOUND","errno":-3008,"hostname":"sqs.us-east-1.amazonaws.com","syscall":"getaddrinfo"},"instanceId":"Abdullah-pc","level":"error","message":"Full error","service":"worker-service","timestamp":"I2O8601","version":"1.0.0"}
{"environment":"development","error":"getaddrinfo ENOTFOUND sqs.us-east-1.amazonaws.com","instanceId":"Abdullah-pc","level":"error","message":"Error receiving messages","service":"notification-worker-service","timestamp":"I3O8601","version":"1.0.0"}
{"environment":"development","error":{"$metadata":{"attempts":3,"totalRetryDelay":84},"code":"ENOTFOUND","errno":-3008,"hostname":"sqs.us-east-1.amazonaws.com","syscall":"getaddrinfo"},"instanceId":"Abdullah-pc","level":"error","message":"Full error","service":"notification-worker-service","timestamp":"I3O8601","version":"1.0.0"}
{"environment":"development","error":"getaddrinfo ENOTFOUND sqs.us-east-1.amazonaws.com","instanceId":"Abdullah-pc","level":"error","message":"Error receiving messages","service":"worker-service","timestamp":"I4O8601","version":"1.0.0"}
{"environment":"development","error":{"$metadata":{"attempts":3,"totalRetryDelay":166},"code":"ENOTFOUND","errno":-3008,"hostname":"sqs.us-east-1.amazonaws.com","syscall":"getaddrinfo"},"instanceId":"Abdullah-pc","level":"error","message":"Full error","service":"worker-service","timestamp":"I4O8601","version":"1.0.0"}
{"environment":"development","error":"getaddrinfo ENOTFOUND sqs.us-east-1.amazonaws.com","instanceId":"Abdullah-pc","level":"error","message":"Error receiving messages","service":"notification-worker-service","timestamp":"I5O8601","version":"1.0.0"}
{"environment":"development","error":{"$metadata":{"attempts":3,"totalRetryDelay":230},"code":"ENOTFOUND","errno":-3008,"hostname":"sqs.us-east-1.amazonaws.com","syscall":"getaddrinfo"},"instanceId":"Abdullah-pc","level":"error","message":"Full error","service":"notification-worker-service","timestamp":"I5O8601","version":"1.0.0"}
{"environment":"development","error":"getaddrinfo ENOTFOUND sqs.us-east-1.amazonaws.com","instanceId":"Abdullah-pc","level":"error","message":"Error receiving messages","service":"worker-service","timestamp":"I6O8601","version":"1.0.0"}
{"environment":"development","error":{"$metadata":{"attempts":3,"totalRetryDelay":156},"code":"ENOTFOUND","errno":-3008,"hostname":"sqs.us-east-1.amazonaws.com","syscall":"getaddrinfo"},"instanceId":"Abdullah-pc","level":"error","message":"Full error","service":"worker-service","timestamp":"I6O8601","version":"1.0.0"}
{"environment":"development","error":"getaddrinfo ENOTFOUND sqs.us-east-1.amazonaws.com","instanceId":"Abdullah-pc","level":"error","message":"Error receiving messages","service":"notification-worker-service","timestamp":"I7O8601","version":"1.0.0"}
{"environment":"development","error":{"$metadata":{"attempts":3,"totalRetryDelay":117},"code":"ENOTFOUND","errno":-3008,"hostname":"sqs.us-east-1.amazonaws.com","syscall":"getaddrinfo"},"instanceId":"Abdullah-pc","level":"error","message":"Full error","service":"notification-worker-service","timestamp":"I7O8601","version":"1.0.0"}
{"environment":"development","error":"getaddrinfo ENOTFOUND sqs.us-east-1.amazonaws.com","instanceId":"Abdullah-pc","level":"error","message":"Error receiving messages","service":"worker-service","timestamp":"I7O8601","version":"1.0.0"}
{"environment":"development","error":{"$metadata":{"attempts":3,"totalRetryDelay":122},"code":"ENOTFOUND","errno":-3008,"hostname":"sqs.us-east-1.amazonaws.com","syscall":"getaddrinfo"},"instanceId":"Abdullah-pc","level":"error","message":"Full error","service":"worker-service","timestamp":"I7O8601","version":"1.0.0"}
{"environment":"development","error":"getaddrinfo ENOTFOUND sqs.us-east-1.amazonaws.com","instanceId":"Abdullah-pc","level":"error","message":"Error receiving messages","service":"notification-worker-service","timestamp":"I8O8601","version":"1.0.0"}
{"environment":"development","error":{"$metadata":{"attempts":3,"totalRetryDelay":93},"code":"ENOTFOUND","errno":-3008,"hostname":"sqs.us-east-1.amazonaws.com","syscall":"getaddrinfo"},"instanceId":"Abdullah-pc","level":"error","message":"Full error","service":"notification-worker-service","timestamp":"I8O8601","version":"1.0.0"}
{"environment":"development","error":"getaddrinfo ENOTFOUND sqs.us-east-1.amazonaws.com","instanceId":"Abdullah-pc","level":"error","message":"Error receiving messages","service":"worker-service","timestamp":"I9O8601","version":"1.0.0"}
{"environment":"development","error":{"$metadata":{"attempts":3,"totalRetryDelay":147},"code":"ENOTFOUND","errno":-3008,"hostname":"sqs.us-east-1.amazonaws.com","syscall":"getaddrinfo"},"instanceId":"Abdullah-pc","level":"error","message":"Full error","service":"worker-service","timestamp":"I9O8601","version":"1.0.0"}
{"environment":"development","error":"getaddrinfo ENOTFOUND sqs.us-east-1.amazonaws.com","instanceId":"Abdullah-pc","level":"error","message":"Error receiving messages","service":"notification-worker-service","timestamp":"I9O8601","version":"1.0.0"}
{"environment":"development","error":{"$metadata":{"attempts":3,"totalRetryDelay":77},"code":"ENOTFOUND","errno":-3008,"hostname":"sqs.us-east-1.amazonaws.com","syscall":"getaddrinfo"},"instanceId":"Abdullah-pc","level":"error","message":"Full error","service":"notification-worker-service","timestamp":"I9O8601","version":"1.0.0"}
{"environment":"development","error":"getaddrinfo ENOTFOUND sqs.us-east-1.amazonaws.com","instanceId":"Abdullah-pc","level":"error","message":"Error receiving messages","service":"notification-worker-service","timestamp":"I0O8601","version":"1.0.0"}
{"environment":"development","error":{"$metadata":{"attempts":3,"totalRetryDelay":78},"code":"ENOTFOUND","errno":-3008,"hostname":"sqs.us-east-1.amazonaws.com","syscall":"getaddrinfo"},"instanceId":"Abdullah-pc","level":"error","message":"Full error","service":"notification-worker-service","timestamp":"I0O8601","version":"1.0.0"}
{"environment":"development","error":"getaddrinfo ENOTFOUND sqs.us-east-1.amazonaws.com","instanceId":"Abdullah-pc","level":"error","message":"Error receiving messages","service":"worker-service","timestamp":"I1O8601","version":"1.0.0"}
{"environment":"development","error":{"$metadata":{"attempts":3,"totalRetryDelay":177},"code":"ENOTFOUND","errno":-3008,"hostname":"sqs.us-east-1.amazonaws.com","syscall":"getaddrinfo"},"instanceId":"Abdullah-pc","level":"error","message":"Full error","service":"worker-service","timestamp":"I1O8601","version":"1.0.0"}
{"environment":"development","error":"getaddrinfo ENOTFOUND sqs.us-east-1.amazonaws.com","instanceId":"Abdullah-pc","level":"error","message":"Error receiving messages","service":"notification-worker-service","timestamp":"I3O8601","version":"1.0.0"}
{"environment":"development","error":{"$metadata":{"attempts":3,"totalRetryDelay":266},"code":"ENOTFOUND","errno":-3008,"hostname":"sqs.us-east-1.amazonaws.com","syscall":"getaddrinfo"},"instanceId":"Abdullah-pc","level":"error","message":"Full error","service":"notification-worker-service","timestamp":"I3O8601","version":"1.0.0"}
{"environment":"development","error":"getaddrinfo ENOTFOUND sqs.us-east-1.amazonaws.com","instanceId":"Abdullah-pc","level":"error","message":"Error receiving messages","service":"worker-service","timestamp":"I4O8601","version":"1.0.0"}
{"environment":"development","error":{"$metadata":{"attempts":3,"totalRetryDelay":271},"code":"ENOTFOUND","errno":-3008,"hostname":"sqs.us-east-1.amazonaws.com","syscall":"getaddrinfo"},"instanceId":"Abdullah-pc","level":"error","message":"Full error","service":"worker-service","timestamp":"I4O8601","version":"1.0.0"}
{"environment":"development","error":"getaddrinfo ENOTFOUND sqs.us-east-1.amazonaws.com","instanceId":"Abdullah-pc","level":"error","message":"Error receiving messages","service":"notification-worker-service","timestamp":"I5O8601","version":"1.0.0"}
{"environment":"development","error":{"$metadata":{"attempts":3,"totalRetryDelay":144},"code":"ENOTFOUND","errno":-3008,"hostname":"sqs.us-east-1.amazonaws.com","syscall":"getaddrinfo"},"instanceId":"Abdullah-pc","level":"error","message":"Full error","service":"notification-worker-service","timestamp":"I5O8601","version":"1.0.0"}
{"environment":"development","error":"getaddrinfo ENOTFOUND sqs.us-east-1.amazonaws.com","instanceId":"Abdullah-pc","level":"error","message":"Error receiving messages","service":"worker-service","timestamp":"I6O8601","version":"1.0.0"}
{"environment":"development","error":{"$metadata":{"attempts":3,"totalRetryDelay":190},"code":"ENOTFOUND","errno":-3008,"hostname":"sqs.us-east-1.amazonaws.com","syscall":"getaddrinfo"},"instanceId":"Abdullah-pc","level":"error","message":"Full error","service":"worker-service","timestamp":"I6O8601","version":"1.0.0"}
{"environment":"development","error":"getaddrinfo ENOTFOUND sqs.us-east-1.amazonaws.com","instanceId":"Abdullah-pc","level":"error","message":"Error receiving messages","service":"worker-service","timestamp":"I7O8601","version":"1.0.0"}
{"environment":"development","error":{"$metadata":{"attempts":3,"totalRetryDelay":102},"code":"ENOTFOUND","errno":-3008,"hostname":"sqs.us-east-1.amazonaws.com","syscall":"getaddrinfo"},"instanceId":"Abdullah-pc","level":"error","message":"Full error","service":"worker-service","timestamp":"I7O8601","version":"1.0.0"}
{"environment":"development","error":"getaddrinfo ENOTFOUND sqs.us-east-1.amazonaws.com","instanceId":"Abdullah-pc","level":"error","message":"Error receiving messages","service":"notification-worker-service","timestamp":"I8O8601","version":"1.0.0"}
{"environment":"development","error":{"$metadata":{"attempts":3,"totalRetryDelay":240},"code":"ENOTFOUND","errno":-3008,"hostname":"sqs.us-east-1.amazonaws.com","syscall":"getaddrinfo"},"instanceId":"Abdullah-pc","level":"error","message":"Full error","service":"notification-worker-service","timestamp":"I8O8601","version":"1.0.0"}
{"environment":"development","error":"getaddrinfo ENOTFOUND sqs.us-east-1.amazonaws.com","instanceId":"Abdullah-pc","level":"error","message":"Error receiving messages","service":"notification-worker-service","timestamp":"I9O8601","version":"1.0.0"}
{"environment":"development","error":{"$metadata":{"attempts":3,"totalRetryDelay":103},"code":"ENOTFOUND","errno":-3008,"hostname":"sqs.us-east-1.amazonaws.com","syscall":"getaddrinfo"},"instanceId":"Abdullah-pc","level":"error","message":"Full error","service":"notification-worker-service","timestamp":"I9O8601","version":"1.0.0"}
{"environment":"development","error":"getaddrinfo ENOTFOUND sqs.us-east-1.amazonaws.com","instanceId":"Abdullah-pc","level":"error","message":"Error receiving messages","service":"worker-service","timestamp":"I1O8601","version":"1.0.0"}
{"environment":"development","error":{"$metadata":{"attempts":3,"totalRetryDelay":291},"code":"ENOTFOUND","errno":-3008,"hostname":"sqs.us-east-1.amazonaws.com","syscall":"getaddrinfo"},"instanceId":"Abdullah-pc","level":"error","message":"Full error","service":"worker-service","timestamp":"I1O8601","version":"1.0.0"}
{"environment":"development","error":"getaddrinfo ENOTFOUND sqs.us-east-1.amazonaws.com","instanceId":"Abdullah-pc","level":"error","message":"Error receiving messages","service":"notification-worker-service","timestamp":"I1O8601","version":"1.0.0"}
{"environment":"development","error":{"$metadata":{"attempts":3,"totalRetryDelay":145},"code":"ENOTFOUND","errno":-3008,"hostname":"sqs.us-east-1.amazonaws.com","syscall":"getaddrinfo"},"instanceId":"Abdullah-pc","level":"error","message":"Full error","service":"notification-worker-service","timestamp":"I1O8601","version":"1.0.0"}
{"environment":"development","error":"getaddrinfo ENOTFOUND sqs.us-east-1.amazonaws.com","instanceId":"Abdullah-pc","level":"error","message":"Error receiving messages","service":"worker-service","timestamp":"I1O8601","version":"1.0.0"}
{"environment":"development","error":{"$metadata":{"attempts":3,"totalRetryDelay":42},"code":"ENOTFOUND","errno":-3008,"hostname":"sqs.us-east-1.amazonaws.com","syscall":"getaddrinfo"},"instanceId":"Abdullah-pc","level":"error","message":"Full error","service":"worker-service","timestamp":"I1O8601","version":"1.0.0"}
{"environment":"development","error":"getaddrinfo ENOTFOUND sqs.us-east-1.amazonaws.com","instanceId":"Abdullah-pc","level":"error","message":"Error receiving messages","service":"notification-worker-service","timestamp":"I3O8601","version":"1.0.0"}
{"environment":"development","error":{"$metadata":{"attempts":3,"totalRetryDelay":215},"code":"ENOTFOUND","errno":-3008,"hostname":"sqs.us-east-1.amazonaws.com","syscall":"getaddrinfo"},"instanceId":"Abdullah-pc","level":"error","message":"Full error","service":"notification-worker-service","timestamp":"I3O8601","version":"1.0.0"}
{"environment":"development","error":"getaddrinfo ENOTFOUND sqs.us-east-1.amazonaws.com","instanceId":"Abdullah-pc","level":"error","message":"Error receiving messages","service":"worker-service","timestamp":"I4O8601","version":"1.0.0"}
{"environment":"development","error":{"$metadata":{"attempts":3,"totalRetryDelay":273},"code":"ENOTFOUND","errno":-3008,"hostname":"sqs.us-east-1.amazonaws.com","syscall":"getaddrinfo"},"instanceId":"Abdullah-pc","level":"error","message":"Full error","service":"worker-service","timestamp":"I4O8601","version":"1.0.0"}
{"environment":"development","error":"getaddrinfo ENOTFOUND sqs.us-east-1.amazonaws.com","instanceId":"Abdullah-pc","level":"error","message":"Error receiving messages","service":"notification-worker-service","timestamp":"I6O8601","version":"1.0.0"}
{"environment":"development","error":{"$metadata":{"attempts":3,"totalRetryDelay":206},"code":"ENOTFOUND","errno":-3008,"hostname":"sqs.us-east-1.amazonaws.com","syscall":"getaddrinfo"},"instanceId":"Abdullah-pc","level":"error","message":"Full error","service":"notification-worker-service","timestamp":"I6O8601","version":"1.0.0"}
{"environment":"development","error":"getaddrinfo ENOTFOUND sqs.us-east-1.amazonaws.com","instanceId":"Abdullah-pc","level":"error","message":"Error receiving messages","service":"worker-service","timestamp":"I6O8601","version":"1.0.0"}
{"environment":"development","error":{"$metadata":{"attempts":3,"totalRetryDelay":140},"code":"ENOTFOUND","errno":-3008,"hostname":"sqs.us-east-1.amazonaws.com","syscall":"getaddrinfo"},"instanceId":"Abdullah-pc","level":"error","message":"Full error","service":"worker-service","timestamp":"I6O8601","version":"1.0.0"}
{"environment":"development","error":"getaddrinfo ENOTFOUND sqs.us-east-1.amazonaws.com","instanceId":"Abdullah-pc","level":"error","message":"Error receiving messages","service":"notification-worker-service","timestamp":"I7O8601","version":"1.0.0"}
{"environment":"development","error":{"$metadata":{"attempts":3,"totalRetryDelay":100},"code":"ENOTFOUND","errno":-3008,"hostname":"sqs.us-east-1.amazonaws.com","syscall":"getaddrinfo"},"instanceId":"Abdullah-pc","level":"error","message":"Full error","service":"notification-worker-service","timestamp":"I7O8601","version":"1.0.0"}
{"environment":"development","error":"getaddrinfo ENOTFOUND sqs.us-east-1.amazonaws.com","instanceId":"Abdullah-pc","level":"error","message":"Error receiving messages","service":"worker-service","timestamp":"I8O8601","version":"1.0.0"}
{"environment":"development","error":{"$metadata":{"attempts":3,"totalRetryDelay":141},"code":"ENOTFOUND","errno":-3008,"hostname":"sqs.us-east-1.amazonaws.com","syscall":"getaddrinfo"},"instanceId":"Abdullah-pc","level":"error","message":"Full error","service":"worker-service","timestamp":"I8O8601","version":"1.0.0"}
{"environment":"development","error":"getaddrinfo ENOTFOUND sqs.us-east-1.amazonaws.com","instanceId":"Abdullah-pc","level":"error","message":"Error receiving messages","service":"notification-worker-service","timestamp":"I9O8601","version":"1.0.0"}
{"environment":"development","error":{"$metadata":{"attempts":3,"totalRetryDelay":159},"code":"ENOTFOUND","errno":-3008,"hostname":"sqs.us-east-1.amazonaws.com","syscall":"getaddrinfo"},"instanceId":"Abdullah-pc","level":"error","message":"Full error","service":"notification-worker-service","timestamp":"I9O8601","version":"1.0.0"}
{"environment":"development","error":"getaddrinfo ENOTFOUND sqs.us-east-1.amazonaws.com","instanceId":"Abdullah-pc","level":"error","message":"Error receiving messages","service":"worker-service","timestamp":"I10O8601","version":"1.0.0"}
{"environment":"development","error":{"$metadata":{"attempts":3,"totalRetryDelay":150},"code":"ENOTFOUND","errno":-3008,"hostname":"sqs.us-east-1.amazonaws.com","syscall":"getaddrinfo"},"instanceId":"Abdullah-pc","level":"error","message":"Full error","service":"worker-service","timestamp":"I10O8601","version":"1.0.0"}
{"environment":"development","error":"getaddrinfo ENOTFOUND sqs.us-east-1.amazonaws.com","instanceId":"Abdullah-pc","level":"error","message":"Error receiving messages","service":"notification-worker-service","timestamp":"I10O8601","version":"1.0.0"}
{"environment":"development","error":{"$metadata":{"attempts":3,"totalRetryDelay":67},"code":"ENOTFOUND","errno":-3008,"hostname":"sqs.us-east-1.amazonaws.com","syscall":"getaddrinfo"},"instanceId":"Abdullah-pc","level":"error","message":"Full error","service":"notification-worker-service","timestamp":"I10O8601","version":"1.0.0"}
{"environment":"development","error":"getaddrinfo ENOTFOUND sqs.us-east-1.amazonaws.com","instanceId":"Abdullah-pc","level":"error","message":"Error receiving messages","service":"worker-service","timestamp":"I2O8601","version":"1.0.0"}
{"environment":"development","error":{"$metadata":{"attempts":3,"totalRetryDelay":170},"code":"ENOTFOUND","errno":-3008,"hostname":"sqs.us-east-1.amazonaws.com","syscall":"getaddrinfo"},"instanceId":"Abdullah-pc","level":"error","message":"Full error","service":"worker-service","timestamp":"I2O8601","version":"1.0.0"}
{"environment":"development","error":"getaddrinfo ENOTFOUND sqs.us-east-1.amazonaws.com","instanceId":"Abdullah-pc","level":"error","message":"Error receiving messages","service":"notification-worker-service","timestamp":"I2O8601","version":"1.0.0"}
{"environment":"development","error":{"$metadata":{"attempts":3,"totalRetryDelay":185},"code":"ENOTFOUND","errno":-3008,"hostname":"sqs.us-east-1.amazonaws.com","syscall":"getaddrinfo"},"instanceId":"Abdullah-pc","level":"error","message":"Full error","service":"notification-worker-service","timestamp":"I2O8601","version":"1.0.0"}
{"environment":"development","error":"getaddrinfo ENOTFOUND sqs.us-east-1.amazonaws.com","instanceId":"Abdullah-pc","level":"error","message":"Error receiving messages","service":"notification-worker-service","timestamp":"I5O8601","version":"1.0.0"}
{"environment":"development","error":"getaddrinfo ENOTFOUND sqs.us-east-1.amazonaws.com","instanceId":"Abdullah-pc","level":"error","message":"Error receiving messages","service":"worker-service","timestamp":"I5O8601","version":"1.0.0"}
{"environment":"development","error":{"$metadata":{"attempts":3,"totalRetryDelay":216},"code":"ENOTFOUND","errno":-3008,"hostname":"sqs.us-east-1.amazonaws.com","syscall":"getaddrinfo"},"instanceId":"Abdullah-pc","level":"error","message":"Full error","service":"notification-worker-service","timestamp":"I5O8601","version":"1.0.0"}
{"environment":"development","error":{"$metadata":{"attempts":3,"totalRetryDelay":256},"code":"ENOTFOUND","errno":-3008,"hostname":"sqs.us-east-1.amazonaws.com","syscall":"getaddrinfo"},"instanceId":"Abdullah-pc","level":"error","message":"Full error","service":"worker-service","timestamp":"I5O8601","version":"1.0.0"}
{"environment":"development","error":"getaddrinfo ENOTFOUND sqs.us-east-1.amazonaws.com","instanceId":"Abdullah-pc","level":"error","message":"Error receiving messages","service":"worker-service","timestamp":"I6O8601","version":"1.0.0"}
{"environment":"development","error":"getaddrinfo ENOTFOUND sqs.us-east-1.amazonaws.com","instanceId":"Abdullah-pc","level":"error","message":"Error receiving messages","service":"notification-worker-service","timestamp":"I6O8601","version":"1.0.0"}
{"environment":"development","error":{"$metadata":{"attempts":3,"totalRetryDelay":157},"code":"ENOTFOUND","errno":-3008,"hostname":"sqs.us-east-1.amazonaws.com","syscall":"getaddrinfo"},"instanceId":"Abdullah-pc","level":"error","message":"Full error","service":"worker-service","timestamp":"I6O8601","version":"1.0.0"}
{"environment":"development","error":{"$metadata":{"attempts":3,"totalRetryDelay":155},"code":"ENOTFOUND","errno":-3008,"hostname":"sqs.us-east-1.amazonaws.com","syscall":"getaddrinfo"},"instanceId":"Abdullah-pc","level":"error","message":"Full error","service":"notification-worker-service","timestamp":"I6O8601","version":"1.0.0"}
{"environment":"development","error":"getaddrinfo ENOTFOUND sqs.us-east-1.amazonaws.com","instanceId":"Abdullah-pc","level":"error","message":"Error receiving messages","service":"worker-service","timestamp":"I8O8601","version":"1.0.0"}
{"environment":"development","error":{"$metadata":{"attempts":3,"totalRetryDelay":153},"code":"ENOTFOUND","errno":-3008,"hostname":"sqs.us-east-1.amazonaws.com","syscall":"getaddrinfo"},"instanceId":"Abdullah-pc","level":"error","message":"Full error","service":"worker-service","timestamp":"I8O8601","version":"1.0.0"}
{"environment":"development","error":"getaddrinfo ENOTFOUND sqs.us-east-1.amazonaws.com","instanceId":"Abdullah-pc","level":"error","message":"Error receiving messages","service":"notification-worker-service","timestamp":"I9O8601","version":"1.0.0"}
{"environment":"development","error":{"$metadata":{"attempts":3,"totalRetryDelay":247},"code":"ENOTFOUND","errno":-3008,"hostname":"sqs.us-east-1.amazonaws.com","syscall":"getaddrinfo"},"instanceId":"Abdullah-pc","level":"error","message":"Full error","service":"notification-worker-service","timestamp":"I9O8601","version":"1.0.0"}
{"environment":"development","error":"getaddrinfo ENOTFOUND sqs.us-east-1.amazonaws.com","instanceId":"Abdullah-pc","level":"error","message":"Error receiving messages","service":"worker-service","timestamp":"I0O8601","version":"1.0.0"}
{"environment":"development","error":{"$metadata":{"attempts":3,"totalRetryDelay":193},"code":"ENOTFOUND","errno":-3008,"hostname":"sqs.us-east-1.amazonaws.com","syscall":"getaddrinfo"},"instanceId":"Abdullah-pc","level":"error","message":"Full error","service":"worker-service","timestamp":"I0O8601","version":"1.0.0"}
{"environment":"development","error":"getaddrinfo ENOTFOUND sqs.us-east-1.amazonaws.com","instanceId":"Abdullah-pc","level":"error","message":"Error receiving messages","service":"notification-worker-service","timestamp":"I1O8601","version":"1.0.0"}
{"environment":"development","error":{"$metadata":{"attempts":3,"totalRetryDelay":153},"code":"ENOTFOUND","errno":-3008,"hostname":"sqs.us-east-1.amazonaws.com","syscall":"getaddrinfo"},"instanceId":"Abdullah-pc","level":"error","message":"Full error","service":"notification-worker-service","timestamp":"I1O8601","version":"1.0.0"}
{"environment":"development","error":"getaddrinfo ENOTFOUND sqs.us-east-1.amazonaws.com","instanceId":"Abdullah-pc","level":"error","message":"Error receiving messages","service":"notification-worker-service","timestamp":"I2O8601","version":"1.0.0"}
{"environment":"development","error":{"$metadata":{"attempts":3,"totalRetryDelay":78},"code":"ENOTFOUND","errno":-3008,"hostname":"sqs.us-east-1.amazonaws.com","syscall":"getaddrinfo"},"instanceId":"Abdullah-pc","level":"error","message":"Full error","service":"notification-worker-service","timestamp":"I2O8601","version":"1.0.0"}
{"environment":"development","error":"getaddrinfo ENOTFOUND sqs.us-east-1.amazonaws.com","instanceId":"Abdullah-pc","level":"error","message":"Error receiving messages","service":"worker-service","timestamp":"I3O8601","version":"1.0.0"}
{"environment":"development","error":{"$metadata":{"attempts":3,"totalRetryDelay":197},"code":"ENOTFOUND","errno":-3008,"hostname":"sqs.us-east-1.amazonaws.com","syscall":"getaddrinfo"},"instanceId":"Abdullah-pc","level":"error","message":"Full error","service":"worker-service","timestamp":"I3O8601","version":"1.0.0"}
{"environment":"development","error":"getaddrinfo ENOTFOUND sqs.us-east-1.amazonaws.com","instanceId":"Abdullah-pc","level":"error","message":"Error receiving messages","service":"notification-worker-service","timestamp":"I4O8601","version":"1.0.0"}
{"environment":"development","error":{"$metadata":{"attempts":3,"totalRetryDelay":185},"code":"ENOTFOUND","errno":-3008,"hostname":"sqs.us-east-1.amazonaws.com","syscall":"getaddrinfo"},"instanceId":"Abdullah-pc","level":"error","message":"Full error","service":"notification-worker-service","timestamp":"I4O8601","version":"1.0.0"}
{"environment":"development","error":"getaddrinfo ENOTFOUND sqs.us-east-1.amazonaws.com","instanceId":"Abdullah-pc","level":"error","message":"Error receiving messages","service":"worker-service","timestamp":"I5O8601","version":"1.0.0"}
{"environment":"development","error":{"$metadata":{"attempts":3,"totalRetryDelay":174},"code":"ENOTFOUND","errno":-3008,"hostname":"sqs.us-east-1.amazonaws.com","syscall":"getaddrinfo"},"instanceId":"Abdullah-pc","level":"error","message":"Full error","service":"worker-service","timestamp":"I5O8601","version":"1.0.0"}
{"environment":"development","error":"getaddrinfo ENOTFOUND sqs.us-east-1.amazonaws.com","instanceId":"Abdullah-pc","level":"error","message":"Error receiving messages","service":"notification-worker-service","timestamp":"I6O8601","version":"1.0.0"}
{"environment":"development","error":"getaddrinfo ENOTFOUND sqs.us-east-1.amazonaws.com","instanceId":"Abdullah-pc","level":"error","message":"Error receiving messages","service":"worker-service","timestamp":"I6O8601","version":"1.0.0"}
{"environment":"development","error":{"$metadata":{"attempts":3,"totalRetryDelay":137},"code":"ENOTFOUND","errno":-3008,"hostname":"sqs.us-east-1.amazonaws.com","syscall":"getaddrinfo"},"instanceId":"Abdullah-pc","level":"error","message":"Full error","service":"notification-worker-service","timestamp":"I6O8601","version":"1.0.0"}
{"environment":"development","error":{"$metadata":{"attempts":3,"totalRetryDelay":64},"code":"ENOTFOUND","errno":-3008,"hostname":"sqs.us-east-1.amazonaws.com","syscall":"getaddrinfo"},"instanceId":"Abdullah-pc","level":"error","message":"Full error","service":"worker-service","timestamp":"I6O8601","version":"1.0.0"}
{"environment":"development","error":"getaddrinfo ENOTFOUND sqs.us-east-1.amazonaws.com","instanceId":"Abdullah-pc","level":"error","message":"Error receiving messages","service":"worker-service","timestamp":"I7O8601","version":"1.0.0"}
{"environment":"development","error":{"$metadata":{"attempts":3,"totalRetryDelay":74},"code":"ENOTFOUND","errno":-3008,"hostname":"sqs.us-east-1.amazonaws.com","syscall":"getaddrinfo"},"instanceId":"Abdullah-pc","level":"error","message":"Full error","service":"worker-service","timestamp":"I7O8601","version":"1.0.0"}
{"environment":"development","error":"getaddrinfo ENOTFOUND sqs.us-east-1.amazonaws.com","instanceId":"Abdullah-pc","level":"error","message":"Error receiving messages","service":"notification-worker-service","timestamp":"I7O8601","version":"1.0.0"}
{"environment":"development","error":{"$metadata":{"attempts":3,"totalRetryDelay":112},"code":"ENOTFOUND","errno":-3008,"hostname":"sqs.us-east-1.amazonaws.com","syscall":"getaddrinfo"},"instanceId":"Abdullah-pc","level":"error","message":"Full error","service":"notification-worker-service","timestamp":"I7O8601","version":"1.0.0"}
{"environment":"development","error":"getaddrinfo ENOTFOUND sqs.us-east-1.amazonaws.com","instanceId":"Abdullah-pc","level":"error","message":"Error receiving messages","service":"worker-service","timestamp":"I9O8601","version":"1.0.0"}
{"environment":"development","error":{"$metadata":{"attempts":3,"totalRetryDelay":169},"code":"ENOTFOUND","errno":-3008,"hostname":"sqs.us-east-1.amazonaws.com","syscall":"getaddrinfo"},"instanceId":"Abdullah-pc","level":"error","message":"Full error","service":"worker-service","timestamp":"I9O8601","version":"1.0.0"}
{"environment":"development","error":"getaddrinfo ENOTFOUND sqs.us-east-1.amazonaws.com","instanceId":"Abdullah-pc","level":"error","message":"Error receiving messages","service":"notification-worker-service","timestamp":"I10O8601","version":"1.0.0"}
{"environment":"development","error":{"$metadata":{"attempts":3,"totalRetryDelay":173},"code":"ENOTFOUND","errno":-3008,"hostname":"sqs.us-east-1.amazonaws.com","syscall":"getaddrinfo"},"instanceId":"Abdullah-pc","level":"error","message":"Full error","service":"notification-worker-service","timestamp":"I10O8601","version":"1.0.0"}
{"environment":"development","error":"getaddrinfo ENOTFOUND sqs.us-east-1.amazonaws.com","instanceId":"Abdullah-pc","level":"error","message":"Error receiving messages","service":"worker-service","timestamp":"I1O8601","version":"1.0.0"}
{"environment":"development","error":{"$metadata":{"attempts":3,"totalRetryDelay":99},"code":"ENOTFOUND","errno":-3008,"hostname":"sqs.us-east-1.amazonaws.com","syscall":"getaddrinfo"},"instanceId":"Abdullah-pc","level":"error","message":"Full error","service":"worker-service","timestamp":"I1O8601","version":"1.0.0"}
{"environment":"development","error":"getaddrinfo ENOTFOUND sqs.us-east-1.amazonaws.com","instanceId":"Abdullah-pc","level":"error","message":"Error receiving messages","service":"worker-service","timestamp":"I2O8601","version":"1.0.0"}
{"environment":"development","error":"getaddrinfo ENOTFOUND sqs.us-east-1.amazonaws.com","instanceId":"Abdullah-pc","level":"error","message":"Error receiving messages","service":"notification-worker-service","timestamp":"I2O8601","version":"1.0.0"}
{"environment":"development","error":{"$metadata":{"attempts":3,"totalRetryDelay":225},"code":"ENOTFOUND","errno":-3008,"hostname":"sqs.us-east-1.amazonaws.com","syscall":"getaddrinfo"},"instanceId":"Abdullah-pc","level":"error","message":"Full error","service":"notification-worker-service","timestamp":"I2O8601","version":"1.0.0"}
{"environment":"development","error":{"$metadata":{"attempts":3,"totalRetryDelay":151},"code":"ENOTFOUND","errno":-3008,"hostname":"sqs.us-east-1.amazonaws.com","syscall":"getaddrinfo"},"instanceId":"Abdullah-pc","level":"error","message":"Full error","service":"worker-service","timestamp":"I2O8601","version":"1.0.0"}
{"environment":"development","error":"getaddrinfo ENOTFOUND sqs.us-east-1.amazonaws.com","instanceId":"Abdullah-pc","level":"error","message":"Error receiving messages","service":"worker-service","timestamp":"I3O8601","version":"1.0.0"}
{"environment":"development","error":{"$metadata":{"attempts":3,"totalRetryDelay":58},"code":"ENOTFOUND","errno":-3008,"hostname":"sqs.us-east-1.amazonaws.com","syscall":"getaddrinfo"},"instanceId":"Abdullah-pc","level":"error","message":"Full error","service":"worker-service","timestamp":"I3O8601","version":"1.0.0"}
{"environment":"development","error":"getaddrinfo ENOTFOUND sqs.us-east-1.amazonaws.com","instanceId":"Abdullah-pc","level":"error","message":"Error receiving messages","service":"notification-worker-service","timestamp":"I3O8601","version":"1.0.0"}
{"environment":"development","error":{"$metadata":{"attempts":3,"totalRetryDelay":92},"code":"ENOTFOUND","errno":-3008,"hostname":"sqs.us-east-1.amazonaws.com","syscall":"getaddrinfo"},"instanceId":"Abdullah-pc","level":"error","message":"Full error","service":"notification-worker-service","timestamp":"I3O8601","version":"1.0.0"}
{"environment":"development","error":"getaddrinfo ENOTFOUND sqs.us-east-1.amazonaws.com","instanceId":"Abdullah-pc","level":"error","message":"Error receiving messages","service":"worker-service","timestamp":"I5O8601","version":"1.0.0"}
{"environment":"development","error":{"$metadata":{"attempts":3,"totalRetryDelay":175},"code":"ENOTFOUND","errno":-3008,"hostname":"sqs.us-east-1.amazonaws.com","syscall":"getaddrinfo"},"instanceId":"Abdullah-pc","level":"error","message":"Full error","service":"worker-service","timestamp":"I5O8601","version":"1.0.0"}
{"environment":"development","error":"getaddrinfo ENOTFOUND sqs.us-east-1.amazonaws.com","instanceId":"Abdullah-pc","level":"error","message":"Error receiving messages","service":"notification-worker-service","timestamp":"I6O8601","version":"1.0.0"}
{"environment":"development","error":{"$metadata":{"attempts":3,"totalRetryDelay":203},"code":"ENOTFOUND","errno":-3008,"hostname":"sqs.us-east-1.amazonaws.com","syscall":"getaddrinfo"},"instanceId":"Abdullah-pc","level":"error","message":"Full error","service":"notification-worker-service","timestamp":"I6O8601","version":"1.0.0"}
{"environment":"development","error":"getaddrinfo ENOTFOUND sqs.us-east-1.amazonaws.com","instanceId":"Abdullah-pc","level":"error","message":"Error receiving messages","service":"notification-worker-service","timestamp":"I7O8601","version":"1.0.0"}
{"environment":"development","error":{"$metadata":{"attempts":3,"totalRetryDelay":92},"code":"ENOTFOUND","errno":-3008,"hostname":"sqs.us-east-1.amazonaws.com","syscall":"getaddrinfo"},"instanceId":"Abdullah-pc","level":"error","message":"Full error","service":"notification-worker-service","timestamp":"I7O8601","version":"1.0.0"}
{"environment":"development","error":"getaddrinfo ENOTFOUND sqs.us-east-1.amazonaws.com","instanceId":"Abdullah-pc","level":"error","message":"Error receiving messages","service":"worker-service","timestamp":"I7O8601","version":"1.0.0"}
{"environment":"development","error":{"$metadata":{"attempts":3,"totalRetryDelay":184},"code":"ENOTFOUND","errno":-3008,"hostname":"sqs.us-east-1.amazonaws.com","syscall":"getaddrinfo"},"instanceId":"Abdullah-pc","level":"error","message":"Full error","service":"worker-service","timestamp":"I7O8601","version":"1.0.0"}
{"environment":"development","error":"getaddrinfo ENOTFOUND sqs.us-east-1.amazonaws.com","instanceId":"Abdullah-pc","level":"error","message":"Error receiving messages","service":"worker-service","timestamp":"I9O8601","version":"1.0.0"}
{"environment":"development","error":{"$metadata":{"attempts":3,"totalRetryDelay":178},"code":"ENOTFOUND","errno":-3008,"hostname":"sqs.us-east-1.amazonaws.com","syscall":"getaddrinfo"},"instanceId":"Abdullah-pc","level":"error","message":"Full error","service":"worker-service","timestamp":"I9O8601","version":"1.0.0"}
{"environment":"development","error":"getaddrinfo ENOTFOUND sqs.us-east-1.amazonaws.com","instanceId":"Abdullah-pc","level":"error","message":"Error receiving messages","service":"notification-worker-service","timestamp":"I10O8601","version":"1.0.0"}
{"environment":"development","error":{"$metadata":{"attempts":3,"totalRetryDelay":245},"code":"ENOTFOUND","errno":-3008,"hostname":"sqs.us-east-1.amazonaws.com","syscall":"getaddrinfo"},"instanceId":"Abdullah-pc","level":"error","message":"Full error","service":"notification-worker-service","timestamp":"I10O8601","version":"1.0.0"}
{"environment":"development","error":"getaddrinfo ENOTFOUND sqs.us-east-1.amazonaws.com","instanceId":"Abdullah-pc","level":"error","message":"Error receiving messages","service":"worker-service","timestamp":"I1O8601","version":"1.0.0"}
{"environment":"development","error":{"$metadata":{"attempts":3,"totalRetryDelay":90},"code":"ENOTFOUND","errno":-3008,"hostname":"sqs.us-east-1.amazonaws.com","syscall":"getaddrinfo"},"instanceId":"Abdullah-pc","level":"error","message":"Full error","service":"worker-service","timestamp":"I1O8601","version":"1.0.0"}
{"environment":"development","error":"getaddrinfo ENOTFOUND sqs.us-east-1.amazonaws.com","instanceId":"Abdullah-pc","level":"error","message":"Error receiving messages","service":"notification-worker-service","timestamp":"I2O8601","version":"1.0.0"}
{"environment":"development","error":{"$metadata":{"attempts":3,"totalRetryDelay":195},"code":"ENOTFOUND","errno":-3008,"hostname":"sqs.us-east-1.amazonaws.com","syscall":"getaddrinfo"},"instanceId":"Abdullah-pc","level":"error","message":"Full error","service":"notification-worker-service","timestamp":"I2O8601","version":"1.0.0"}
{"environment":"development","error":"getaddrinfo ENOTFOUND sqs.us-east-1.amazonaws.com","instanceId":"Abdullah-pc","level":"error","message":"Error receiving messages","service":"worker-service","timestamp":"I3O8601","version":"1.0.0"}
{"environment":"development","error":{"$metadata":{"attempts":3,"totalRetryDelay":208},"code":"ENOTFOUND","errno":-3008,"hostname":"sqs.us-east-1.amazonaws.com","syscall":"getaddrinfo"},"instanceId":"Abdullah-pc","level":"error","message":"Full error","service":"worker-service","timestamp":"I3O8601","version":"1.0.0"}
{"environment":"development","error":"getaddrinfo ENOTFOUND sqs.us-east-1.amazonaws.com","instanceId":"Abdullah-pc","level":"error","message":"Error receiving messages","service":"notification-worker-service","timestamp":"I4O8601","version":"1.0.0"}
{"environment":"development","error":{"$metadata":{"attempts":3,"totalRetryDelay":153},"code":"ENOTFOUND","errno":-3008,"hostname":"sqs.us-east-1.amazonaws.com","syscall":"getaddrinfo"},"instanceId":"Abdullah-pc","level":"error","message":"Full error","service":"notification-worker-service","timestamp":"I4O8601","version":"1.0.0"}
{"environment":"development","error":"getaddrinfo ENOTFOUND sqs.us-east-1.amazonaws.com","instanceId":"Abdullah-pc","level":"error","message":"Error receiving messages","service":"worker-service","timestamp":"I5O8601","version":"1.0.0"}
{"environment":"development","error":{"$metadata":{"attempts":3,"totalRetryDelay":123},"code":"ENOTFOUND","errno":-3008,"hostname":"sqs.us-east-1.amazonaws.com","syscall":"getaddrinfo"},"instanceId":"Abdullah-pc","level":"error","message":"Full error","service":"worker-service","timestamp":"I5O8601","version":"1.0.0"}
{"environment":"development","error":"getaddrinfo ENOTFOUND sqs.us-east-1.amazonaws.com","instanceId":"Abdullah-pc","level":"error","message":"Error receiving messages","service":"notification-worker-service","timestamp":"I6O8601","version":"1.0.0"}
{"environment":"development","error":{"$metadata":{"attempts":3,"totalRetryDelay":135},"code":"ENOTFOUND","errno":-3008,"hostname":"sqs.us-east-1.amazonaws.com","syscall":"getaddrinfo"},"instanceId":"Abdullah-pc","level":"error","message":"Full error","service":"notification-worker-service","timestamp":"I6O8601","version":"1.0.0"}
{"environment":"development","error":"getaddrinfo ENOTFOUND sqs.us-east-1.amazonaws.com","instanceId":"Abdullah-pc","level":"error","message":"Error receiving messages","service":"notification-worker-service","timestamp":"I7O8601","version":"1.0.0"}
{"environment":"development","error":{"$metadata":{"attempts":3,"totalRetryDelay":104},"code":"ENOTFOUND","errno":-3008,"hostname":"sqs.us-east-1.amazonaws.com","syscall":"getaddrinfo"},"instanceId":"Abdullah-pc","level":"error","message":"Full error","service":"notification-worker-service","timestamp":"I7O8601","version":"1.0.0"}
{"environment":"development","error":"getaddrinfo ENOTFOUND sqs.us-east-1.amazonaws.com","instanceId":"Abdullah-pc","level":"error","message":"Error receiving messages","service":"worker-service","timestamp":"I7O8601","version":"1.0.0"}
{"environment":"development","error":{"$metadata":{"attempts":3,"totalRetryDelay":280},"code":"ENOTFOUND","errno":-3008,"hostname":"sqs.us-east-1.amazonaws.com","syscall":"getaddrinfo"},"instanceId":"Abdullah-pc","level":"error","message":"Full error","service":"worker-service","timestamp":"I7O8601","version":"1.0.0"}
{"environment":"development","error":"getaddrinfo ENOTFOUND sqs.us-east-1.amazonaws.com","instanceId":"Abdullah-pc","level":"error","message":"Error receiving messages","service":"notification-worker-service","timestamp":"I9O8601","version":"1.0.0"}
{"environment":"development","error":{"$metadata":{"attempts":3,"totalRetryDelay":245},"code":"ENOTFOUND","errno":-3008,"hostname":"sqs.us-east-1.amazonaws.com","syscall":"getaddrinfo"},"instanceId":"Abdullah-pc","level":"error","message":"Full error","service":"notification-worker-service","timestamp":"I9O8601","version":"1.0.0"}
{"environment":"development","error":"getaddrinfo ENOTFOUND sqs.us-east-1.amazonaws.com","instanceId":"Abdullah-pc","level":"error","message":"Error receiving messages","service":"worker-service","timestamp":"I10O8601","version":"1.0.0"}
{"environment":"development","error":{"$metadata":{"attempts":3,"totalRetryDelay":202},"code":"ENOTFOUND","errno":-3008,"hostname":"sqs.us-east-1.amazonaws.com","syscall":"getaddrinfo"},"instanceId":"Abdullah-pc","level":"error","message":"Full error","service":"worker-service","timestamp":"I10O8601","version":"1.0.0"}
{"environment":"development","error":"getaddrinfo ENOTFOUND sqs.us-east-1.amazonaws.com","instanceId":"Abdullah-pc","level":"error","message":"Error receiving messages","service":"notification-worker-service","timestamp":"I2O8601","version":"1.0.0"}
{"environment":"development","error":{"$metadata":{"attempts":3,"totalRetryDelay":203},"code":"ENOTFOUND","errno":-3008,"hostname":"sqs.us-east-1.amazonaws.com","syscall":"getaddrinfo"},"instanceId":"Abdullah-pc","level":"error","message":"Full error","service":"notification-worker-service","timestamp":"I2O8601","version":"1.0.0"}
{"environment":"development","error":"getaddrinfo ENOTFOUND sqs.us-east-1.amazonaws.com","instanceId":"Abdullah-pc","level":"error","message":"Error receiving messages","service":"worker-service","timestamp":"I2O8601","version":"1.0.0"}
{"environment":"development","error":{"$metadata":{"attempts":3,"totalRetryDelay":207},"code":"ENOTFOUND","errno":-3008,"hostname":"sqs.us-east-1.amazonaws.com","syscall":"getaddrinfo"},"instanceId":"Abdullah-pc","level":"error","message":"Full error","service":"worker-service","timestamp":"I2O8601","version":"1.0.0"}
{"environment":"development","error":"getaddrinfo ENOTFOUND sqs.us-east-1.amazonaws.com","instanceId":"Abdullah-pc","level":"error","message":"Error receiving messages","service":"worker-service","timestamp":"I3O8601","version":"1.0.0"}
{"environment":"development","error":{"$metadata":{"attempts":3,"totalRetryDelay":45},"code":"ENOTFOUND","errno":-3008,"hostname":"sqs.us-east-1.amazonaws.com","syscall":"getaddrinfo"},"instanceId":"Abdullah-pc","level":"error","message":"Full error","service":"worker-service","timestamp":"I3O8601","version":"1.0.0"}
{"environment":"development","error":"getaddrinfo ENOTFOUND sqs.us-east-1.amazonaws.com","instanceId":"Abdullah-pc","level":"error","message":"Error receiving messages","service":"notification-worker-service","timestamp":"I4O8601","version":"1.0.0"}
{"environment":"development","error":{"$metadata":{"attempts":3,"totalRetryDelay":222},"code":"ENOTFOUND","errno":-3008,"hostname":"sqs.us-east-1.amazonaws.com","syscall":"getaddrinfo"},"instanceId":"Abdullah-pc","level":"error","message":"Full error","service":"notification-worker-service","timestamp":"I4O8601","version":"1.0.0"}
{"environment":"development","error":"getaddrinfo ENOTFOUND sqs.us-east-1.amazonaws.com","instanceId":"Abdullah-pc","level":"error","message":"Error receiving messages","service":"worker-service","timestamp":"I5O8601","version":"1.0.0"}
{"environment":"development","error":{"$metadata":{"attempts":3,"totalRetryDelay":129},"code":"ENOTFOUND","errno":-3008,"hostname":"sqs.us-east-1.amazonaws.com","syscall":"getaddrinfo"},"instanceId":"Abdullah-pc","level":"error","message":"Full error","service":"worker-service","timestamp":"I5O8601","version":"1.0.0"}
{"environment":"development","error":"getaddrinfo ENOTFOUND sqs.us-east-1.amazonaws.com","instanceId":"Abdullah-pc","level":"error","message":"Error receiving messages","service":"notification-worker-service","timestamp":"I5O8601","version":"1.0.0"}
{"environment":"development","error":{"$metadata":{"attempts":3,"totalRetryDelay":56},"code":"ENOTFOUND","errno":-3008,"hostname":"sqs.us-east-1.amazonaws.com","syscall":"getaddrinfo"},"instanceId":"Abdullah-pc","level":"error","message":"Full error","service":"notification-worker-service","timestamp":"I5O8601","version":"1.0.0"}
{"environment":"development","error":"getaddrinfo ENOTFOUND sqs.us-east-1.amazonaws.com","instanceId":"Abdullah-pc","level":"error","message":"Error receiving messages","service":"worker-service","timestamp":"I7O8601","version":"1.0.0"}
{"environment":"development","error":{"$metadata":{"attempts":3,"totalRetryDelay":146},"code":"ENOTFOUND","errno":-3008,"hostname":"sqs.us-east-1.amazonaws.com","syscall":"getaddrinfo"},"instanceId":"Abdullah-pc","level":"error","message":"Full error","service":"worker-service","timestamp":"I7O8601","version":"1.0.0"}
{"environment":"development","error":"getaddrinfo ENOTFOUND sqs.us-east-1.amazonaws.com","instanceId":"Abdullah-pc","level":"error","message":"Error receiving messages","service":"notification-worker-service","timestamp":"I7O8601","version":"1.0.0"}
{"environment":"development","error":{"$metadata":{"attempts":3,"totalRetryDelay":133},"code":"ENOTFOUND","errno":-3008,"hostname":"sqs.us-east-1.amazonaws.com","syscall":"getaddrinfo"},"instanceId":"Abdullah-pc","level":"error","message":"Full error","service":"notification-worker-service","timestamp":"I7O8601","version":"1.0.0"}
{"environment":"development","error":"getaddrinfo ENOTFOUND sqs.us-east-1.amazonaws.com","instanceId":"Abdullah-pc","level":"error","message":"Error receiving messages","service":"worker-service","timestamp":"I9O8601","version":"1.0.0"}
{"environment":"development","error":{"$metadata":{"attempts":3,"totalRetryDelay":147},"code":"ENOTFOUND","errno":-3008,"hostname":"sqs.us-east-1.amazonaws.com","syscall":"getaddrinfo"},"instanceId":"Abdullah-pc","level":"error","message":"Full error","service":"worker-service","timestamp":"I9O8601","version":"1.0.0"}
{"environment":"development","error":"getaddrinfo ENOTFOUND sqs.us-east-1.amazonaws.com","instanceId":"Abdullah-pc","level":"error","message":"Error receiving messages","service":"notification-worker-service","timestamp":"I9O8601","version":"1.0.0"}
{"environment":"development","error":{"$metadata":{"attempts":3,"totalRetryDelay":185},"code":"ENOTFOUND","errno":-3008,"hostname":"sqs.us-east-1.amazonaws.com","syscall":"getaddrinfo"},"instanceId":"Abdullah-pc","level":"error","message":"Full error","service":"notification-worker-service","timestamp":"I9O8601","version":"1.0.0"}
{"environment":"development","error":"getaddrinfo ENOTFOUND sqs.us-east-1.amazonaws.com","instanceId":"Abdullah-pc","level":"error","message":"Error receiving messages","service":"notification-worker-service","timestamp":"I10O8601","version":"1.0.0"}
{"environment":"development","error":{"$metadata":{"attempts":3,"totalRetryDelay":7},"code":"ENOTFOUND","errno":-3008,"hostname":"sqs.us-east-1.amazonaws.com","syscall":"getaddrinfo"},"instanceId":"Abdullah-pc","level":"error","message":"Full error","service":"notification-worker-service","timestamp":"I10O8601","version":"1.0.0"}
{"environment":"development","error":"getaddrinfo ENOTFOUND sqs.us-east-1.amazonaws.com","instanceId":"Abdullah-pc","level":"error","message":"Error receiving messages","service":"worker-service","timestamp":"I1O8601","version":"1.0.0"}
{"environment":"development","error":{"$metadata":{"attempts":3,"totalRetryDelay":155},"code":"ENOTFOUND","errno":-3008,"hostname":"sqs.us-east-1.amazonaws.com","syscall":"getaddrinfo"},"instanceId":"Abdullah-pc","level":"error","message":"Full error","service":"worker-service","timestamp":"I1O8601","version":"1.0.0"}
{"environment":"development","error":"getaddrinfo ENOTFOUND sqs.us-east-1.amazonaws.com","instanceId":"Abdullah-pc","level":"error","message":"Error receiving messages","service":"notification-worker-service","timestamp":"I2O8601","version":"1.0.0"}
{"environment":"development","error":"getaddrinfo ENOTFOUND sqs.us-east-1.amazonaws.com","instanceId":"Abdullah-pc","level":"error","message":"Error receiving messages","service":"worker-service","timestamp":"I2O8601","version":"1.0.0"}
{"environment":"development","error":{"$metadata":{"attempts":3,"totalRetryDelay":125},"code":"ENOTFOUND","errno":-3008,"hostname":"sqs.us-east-1.amazonaws.com","syscall":"getaddrinfo"},"instanceId":"Abdullah-pc","level":"error","message":"Full error","service":"worker-service","timestamp":"I2O8601","version":"1.0.0"}
{"environment":"development","error":{"$metadata":{"attempts":3,"totalRetryDelay":193},"code":"ENOTFOUND","errno":-3008,"hostname":"sqs.us-east-1.amazonaws.com","syscall":"getaddrinfo"},"instanceId":"Abdullah-pc","level":"error","message":"Full error","service":"notification-worker-service","timestamp":"I2O8601","version":"1.0.0"}
{"environment":"development","error":"getaddrinfo ENOTFOUND sqs.us-east-1.amazonaws.com","instanceId":"Abdullah-pc","level":"error","message":"Error receiving messages","service":"notification-worker-service","timestamp":"I4O8601","version":"1.0.0"}
{"environment":"development","error":{"$metadata":{"attempts":3,"totalRetryDelay":193},"code":"ENOTFOUND","errno":-3008,"hostname":"sqs.us-east-1.amazonaws.com","syscall":"getaddrinfo"},"instanceId":"Abdullah-pc","level":"error","message":"Full error","service":"notification-worker-service","timestamp":"I4O8601","version":"1.0.0"}
{"environment":"development","error":"getaddrinfo ENOTFOUND sqs.us-east-1.amazonaws.com","instanceId":"Abdullah-pc","level":"error","message":"Error receiving messages","service":"worker-service","timestamp":"I5O8601","version":"1.0.0"}
{"environment":"development","error":{"$metadata":{"attempts":3,"totalRetryDelay":231},"code":"ENOTFOUND","errno":-3008,"hostname":"sqs.us-east-1.amazonaws.com","syscall":"getaddrinfo"},"instanceId":"Abdullah-pc","level":"error","message":"Full error","service":"worker-service","timestamp":"I5O8601","version":"1.0.0"}
{"environment":"development","error":"getaddrinfo ENOTFOUND sqs.us-east-1.amazonaws.com","instanceId":"Abdullah-pc","level":"error","message":"Error receiving messages","service":"notification-worker-service","timestamp":"I6O8601","version":"1.0.0"}
{"environment":"development","error":{"$metadata":{"attempts":3,"totalRetryDelay":143},"code":"ENOTFOUND","errno":-3008,"hostname":"sqs.us-east-1.amazonaws.com","syscall":"getaddrinfo"},"instanceId":"Abdullah-pc","level":"error","message":"Full error","service":"notification-worker-service","timestamp":"I6O8601","version":"1.0.0"}
{"environment":"development","error":"getaddrinfo ENOTFOUND sqs.us-east-1.amazonaws.com","instanceId":"Abdullah-pc","level":"error","message":"Error receiving messages","service":"worker-service","timestamp":"I7O8601","version":"1.0.0"}
{"environment":"development","error":{"$metadata":{"attempts":3,"totalRetryDelay":181},"code":"ENOTFOUND","errno":-3008,"hostname":"sqs.us-east-1.amazonaws.com","syscall":"getaddrinfo"},"instanceId":"Abdullah-pc","level":"error","message":"Full error","service":"worker-service","timestamp":"I7O8601","version":"1.0.0"}
{"environment":"development","error":"getaddrinfo ENOTFOUND sqs.us-east-1.amazonaws.com","instanceId":"Abdullah-pc","level":"error","message":"Error receiving messages","service":"notification-worker-service","timestamp":"I8O8601","version":"1.0.0"}
{"environment":"development","error":{"$metadata":{"attempts":3,"totalRetryDelay":120},"code":"ENOTFOUND","errno":-3008,"hostname":"sqs.us-east-1.amazonaws.com","syscall":"getaddrinfo"},"instanceId":"Abdullah-pc","level":"error","message":"Full error","service":"notification-worker-service","timestamp":"I8O8601","version":"1.0.0"}
{"environment":"development","error":"getaddrinfo ENOTFOUND sqs.us-east-1.amazonaws.com","instanceId":"Abdullah-pc","level":"error","message":"Error receiving messages","service":"worker-service","timestamp":"I8O8601","version":"1.0.0"}
{"environment":"development","error":{"$metadata":{"attempts":3,"totalRetryDelay":116},"code":"ENOTFOUND","errno":-3008,"hostname":"sqs.us-east-1.amazonaws.com","syscall":"getaddrinfo"},"instanceId":"Abdullah-pc","level":"error","message":"Full error","service":"worker-service","timestamp":"I8O8601","version":"1.0.0"}
{"environment":"development","error":"getaddrinfo ENOTFOUND sqs.us-east-1.amazonaws.com","instanceId":"Abdullah-pc","level":"error","message":"Error receiving messages","service":"notification-worker-service","timestamp":"I9O8601","version":"1.0.0"}
{"environment":"development","error":{"$metadata":{"attempts":3,"totalRetryDelay":49},"code":"ENOTFOUND","errno":-3008,"hostname":"sqs.us-east-1.amazonaws.com","syscall":"getaddrinfo"},"instanceId":"Abdullah-pc","level":"error","message":"Full error","service":"notification-worker-service","timestamp":"I9O8601","version":"1.0.0"}
{"environment":"development","error":"getaddrinfo ENOTFOUND sqs.us-east-1.amazonaws.com","instanceId":"Abdullah-pc","level":"error","message":"Error receiving messages","service":"worker-service","timestamp":"I9O8601","version":"1.0.0"}
{"environment":"development","error":{"$metadata":{"attempts":3,"totalRetryDelay":33},"code":"ENOTFOUND","errno":-3008,"hostname":"sqs.us-east-1.amazonaws.com","syscall":"getaddrinfo"},"instanceId":"Abdullah-pc","level":"error","message":"Full error","service":"worker-service","timestamp":"I9O8601","version":"1.0.0"}
{"environment":"development","error":"getaddrinfo ENOTFOUND sqs.us-east-1.amazonaws.com","instanceId":"Abdullah-pc","level":"error","message":"Error receiving messages","service":"notification-worker-service","timestamp":"I10O8601","version":"1.0.0"}
{"environment":"development","error":{"$metadata":{"attempts":3,"totalRetryDelay":72},"code":"ENOTFOUND","errno":-3008,"hostname":"sqs.us-east-1.amazonaws.com","syscall":"getaddrinfo"},"instanceId":"Abdullah-pc","level":"error","message":"Full error","service":"notification-worker-service","timestamp":"I10O8601","version":"1.0.0"}
{"environment":"development","error":"getaddrinfo ENOTFOUND sqs.us-east-1.amazonaws.com","instanceId":"Abdullah-pc","level":"error","message":"Error receiving messages","service":"worker-service","timestamp":"I1O8601","version":"1.0.0"}
{"environment":"development","error":"getaddrinfo ENOTFOUND sqs.us-east-1.amazonaws.com","instanceId":"Abdullah-pc","level":"error","message":"Error receiving messages","service":"notification-worker-service","timestamp":"I1O8601","version":"1.0.0"}
{"environment":"development","error":{"$metadata":{"attempts":3,"totalRetryDelay":168},"code":"ENOTFOUND","errno":-3008,"hostname":"sqs.us-east-1.amazonaws.com","syscall":"getaddrinfo"},"instanceId":"Abdullah-pc","level":"error","message":"Full error","service":"worker-service","timestamp":"I1O8601","version":"1.0.0"}
{"environment":"development","error":{"$metadata":{"attempts":3,"totalRetryDelay":69},"code":"ENOTFOUND","errno":-3008,"hostname":"sqs.us-east-1.amazonaws.com","syscall":"getaddrinfo"},"instanceId":"Abdullah-pc","level":"error","message":"Full error","service":"notification-worker-service","timestamp":"I1O8601","version":"1.0.0"}
{"environment":"development","error":"getaddrinfo ENOTFOUND sqs.us-east-1.amazonaws.com","instanceId":"Abdullah-pc","level":"error","message":"Error receiving messages","service":"worker-service","timestamp":"I3O8601","version":"1.0.0"}
{"environment":"development","error":"getaddrinfo ENOTFOUND sqs.us-east-1.amazonaws.com","instanceId":"Abdullah-pc","level":"error","message":"Error receiving messages","service":"notification-worker-service","timestamp":"I3O8601","version":"1.0.0"}
{"environment":"development","error":{"$metadata":{"attempts":3,"totalRetryDelay":166},"code":"ENOTFOUND","errno":-3008,"hostname":"sqs.us-east-1.amazonaws.com","syscall":"getaddrinfo"},"instanceId":"Abdullah-pc","level":"error","message":"Full error","service":"worker-service","timestamp":"I3O8601","version":"1.0.0"}
{"environment":"development","error":{"$metadata":{"attempts":3,"totalRetryDelay":183},"code":"ENOTFOUND","errno":-3008,"hostname":"sqs.us-east-1.amazonaws.com","syscall":"getaddrinfo"},"instanceId":"Abdullah-pc","level":"error","message":"Full error","service":"notification-worker-service","timestamp":"I3O8601","version":"1.0.0"}
{"environment":"development","error":"getaddrinfo ENOTFOUND sqs.us-east-1.amazonaws.com","instanceId":"Abdullah-pc","level":"error","message":"Error receiving messages","service":"worker-service","timestamp":"I4O8601","version":"1.0.0"}
{"environment":"development","error":{"$metadata":{"attempts":3,"totalRetryDelay":87},"code":"ENOTFOUND","errno":-3008,"hostname":"sqs.us-east-1.amazonaws.com","syscall":"getaddrinfo"},"instanceId":"Abdullah-pc","level":"error","message":"Full error","service":"worker-service","timestamp":"I4O8601","version":"1.0.0"}
{"environment":"development","error":"getaddrinfo ENOTFOUND sqs.us-east-1.amazonaws.com","instanceId":"Abdullah-pc","level":"error","message":"Error receiving messages","service":"notification-worker-service","timestamp":"I5O8601","version":"1.0.0"}
{"environment":"development","error":{"$metadata":{"attempts":3,"totalRetryDelay":197},"code":"ENOTFOUND","errno":-3008,"hostname":"sqs.us-east-1.amazonaws.com","syscall":"getaddrinfo"},"instanceId":"Abdullah-pc","level":"error","message":"Full error","service":"notification-worker-service","timestamp":"I5O8601","version":"1.0.0"}
{"environment":"development","error":"getaddrinfo ENOTFOUND sqs.us-east-1.amazonaws.com","instanceId":"Abdullah-pc","level":"error","message":"Error receiving messages","service":"worker-service","timestamp":"I6O8601","version":"1.0.0"}
{"environment":"development","error":{"$metadata":{"attempts":3,"totalRetryDelay":139},"code":"ENOTFOUND","errno":-3008,"hostname":"sqs.us-east-1.amazonaws.com","syscall":"getaddrinfo"},"instanceId":"Abdullah-pc","level":"error","message":"Full error","service":"worker-service","timestamp":"I6O8601","version":"1.0.0"}
{"environment":"development","error":"getaddrinfo ENOTFOUND sqs.us-east-1.amazonaws.com","instanceId":"Abdullah-pc","level":"error","message":"Error receiving messages","service":"notification-worker-service","timestamp":"I7O8601","version":"1.0.0"}
{"environment":"development","error":"getaddrinfo ENOTFOUND sqs.us-east-1.amazonaws.com","instanceId":"Abdullah-pc","level":"error","message":"Error receiving messages","service":"worker-service","timestamp":"I7O8601","version":"1.0.0"}
{"environment":"development","error":{"$metadata":{"attempts":3,"totalRetryDelay":210},"code":"ENOTFOUND","errno":-3008,"hostname":"sqs.us-east-1.amazonaws.com","syscall":"getaddrinfo"},"instanceId":"Abdullah-pc","level":"error","message":"Full error","service":"notification-worker-service","timestamp":"I7O8601","version":"1.0.0"}
{"environment":"development","error":{"$metadata":{"attempts":3,"totalRetryDelay":164},"code":"ENOTFOUND","errno":-3008,"hostname":"sqs.us-east-1.amazonaws.com","syscall":"getaddrinfo"},"instanceId":"Abdullah-pc","level":"error","message":"Full error","service":"worker-service","timestamp":"I7O8601","version":"1.0.0"}
{"environment":"development","error":"getaddrinfo ENOTFOUND sqs.us-east-1.amazonaws.com","instanceId":"Abdullah-pc","level":"error","message":"Error receiving messages","service":"notification-worker-service","timestamp":"I9O8601","version":"1.0.0"}
{"environment":"development","error":{"$metadata":{"attempts":3,"totalRetryDelay":87},"code":"ENOTFOUND","errno":-3008,"hostname":"sqs.us-east-1.amazonaws.com","syscall":"getaddrinfo"},"instanceId":"Abdullah-pc","level":"error","message":"Full error","service":"notification-worker-service","timestamp":"I9O8601","version":"1.0.0"}
{"environment":"development","error":"getaddrinfo ENOTFOUND sqs.us-east-1.amazonaws.com","instanceId":"Abdullah-pc","level":"error","message":"Error receiving messages","service":"notification-worker-service","timestamp":"I10O8601","version":"1.0.0"}
{"environment":"development","error":{"$metadata":{"attempts":3,"totalRetryDelay":48},"code":"ENOTFOUND","errno":-3008,"hostname":"sqs.us-east-1.amazonaws.com","syscall":"getaddrinfo"},"instanceId":"Abdullah-pc","level":"error","message":"Full error","service":"notification-worker-service","timestamp":"I10O8601","version":"1.0.0"}
{"environment":"development","error":"getaddrinfo ENOTFOUND sqs.us-east-1.amazonaws.com","instanceId":"Abdullah-pc","level":"error","message":"Error receiving messages","service":"worker-service","timestamp":"I0O8601","version":"1.0.0"}
{"environment":"development","error":{"$metadata":{"attempts":3,"totalRetryDelay":246},"code":"ENOTFOUND","errno":-3008,"hostname":"sqs.us-east-1.amazonaws.com","syscall":"getaddrinfo"},"instanceId":"Abdullah-pc","level":"error","message":"Full error","service":"worker-service","timestamp":"I0O8601","version":"1.0.0"}
{"environment":"development","error":"getaddrinfo ENOTFOUND sqs.us-east-1.amazonaws.com","instanceId":"Abdullah-pc","level":"error","message":"Error receiving messages","service":"notification-worker-service","timestamp":"I1O8601","version":"1.0.0"}
{"environment":"development","error":{"$metadata":{"attempts":3,"totalRetryDelay":148},"code":"ENOTFOUND","errno":-3008,"hostname":"sqs.us-east-1.amazonaws.com","syscall":"getaddrinfo"},"instanceId":"Abdullah-pc","level":"error","message":"Full error","service":"notification-worker-service","timestamp":"I1O8601","version":"1.0.0"}
{"environment":"development","error":"getaddrinfo ENOTFOUND sqs.us-east-1.amazonaws.com","instanceId":"Abdullah-pc","level":"error","message":"Error receiving messages","service":"worker-service","timestamp":"I2O8601","version":"1.0.0"}
{"environment":"development","error":{"$metadata":{"attempts":3,"totalRetryDelay":179},"code":"ENOTFOUND","errno":-3008,"hostname":"sqs.us-east-1.amazonaws.com","syscall":"getaddrinfo"},"instanceId":"Abdullah-pc","level":"error","message":"Full error","service":"worker-service","timestamp":"I2O8601","version":"1.0.0"}
{"environment":"development","error":"getaddrinfo ENOTFOUND sqs.us-east-1.amazonaws.com","instanceId":"Abdullah-pc","level":"error","message":"Error receiving messages","service":"notification-worker-service","timestamp":"I3O8601","version":"1.0.0"}
{"environment":"development","error":{"$metadata":{"attempts":3,"totalRetryDelay":150},"code":"ENOTFOUND","errno":-3008,"hostname":"sqs.us-east-1.amazonaws.com","syscall":"getaddrinfo"},"instanceId":"Abdullah-pc","level":"error","message":"Full error","service":"notification-worker-service","timestamp":"I3O8601","version":"1.0.0"}
{"environment":"development","error":"getaddrinfo ENOTFOUND sqs.us-east-1.amazonaws.com","instanceId":"Abdullah-pc","level":"error","message":"Error receiving messages","service":"notification-worker-service","timestamp":"I4O8601","version":"1.0.0"}
{"environment":"development","error":{"$metadata":{"attempts":3,"totalRetryDelay":51},"code":"ENOTFOUND","errno":-3008,"hostname":"sqs.us-east-1.amazonaws.com","syscall":"getaddrinfo"},"instanceId":"Abdullah-pc","level":"error","message":"Full error","service":"notification-worker-service","timestamp":"I4O8601","version":"1.0.0"}
{"environment":"development","error":"getaddrinfo ENOTFOUND sqs.us-east-1.amazonaws.com","instanceId":"Abdullah-pc","level":"error","message":"Error receiving messages","service":"worker-service","timestamp":"I5O8601","version":"1.0.0"}
{"environment":"development","error":{"$metadata":{"attempts":3,"totalRetryDelay":178},"code":"ENOTFOUND","errno":-3008,"hostname":"sqs.us-east-1.amazonaws.com","syscall":"getaddrinfo"},"instanceId":"Abdullah-pc","level":"error","message":"Full error","service":"worker-service","timestamp":"I5O8601","version":"1.0.0"}
{"environment":"development","error":"getaddrinfo ENOTFOUND sqs.us-east-1.amazonaws.com","instanceId":"Abdullah-pc","level":"error","message":"Error receiving messages","service":"notification-worker-service","timestamp":"I5O8601","version":"1.0.0"}
{"environment":"development","error":{"$metadata":{"attempts":3,"totalRetryDelay":81},"code":"ENOTFOUND","errno":-3008,"hostname":"sqs.us-east-1.amazonaws.com","syscall":"getaddrinfo"},"instanceId":"Abdullah-pc","level":"error","message":"Full error","service":"notification-worker-service","timestamp":"I5O8601","version":"1.0.0"}
{"environment":"development","error":"getaddrinfo ENOTFOUND sqs.us-east-1.amazonaws.com","instanceId":"Abdullah-pc","level":"error","message":"Error receiving messages","service":"worker-service","timestamp":"I7O8601","version":"1.0.0"}
{"environment":"development","error":{"$metadata":{"attempts":3,"totalRetryDelay":232},"code":"ENOTFOUND","errno":-3008,"hostname":"sqs.us-east-1.amazonaws.com","syscall":"getaddrinfo"},"instanceId":"Abdullah-pc","level":"error","message":"Full error","service":"worker-service","timestamp":"I7O8601","version":"1.0.0"}
{"environment":"development","error":"getaddrinfo ENOTFOUND sqs.us-east-1.amazonaws.com","instanceId":"Abdullah-pc","level":"error","message":"Error receiving messages","service":"notification-worker-service","timestamp":"I8O8601","version":"1.0.0"}
{"environment":"development","error":{"$metadata":{"attempts":3,"totalRetryDelay":190},"code":"ENOTFOUND","errno":-3008,"hostname":"sqs.us-east-1.amazonaws.com","syscall":"getaddrinfo"},"instanceId":"Abdullah-pc","level":"error","message":"Full error","service":"notification-worker-service","timestamp":"I8O8601","version":"1.0.0"}
{"environment":"development","error":"getaddrinfo ENOTFOUND sqs.us-east-1.amazonaws.com","instanceId":"Abdullah-pc","level":"error","message":"Error receiving messages","service":"worker-service","timestamp":"I9O8601","version":"1.0.0"}
{"environment":"development","error":{"$metadata":{"attempts":3,"totalRetryDelay":135},"code":"ENOTFOUND","errno":-3008,"hostname":"sqs.us-east-1.amazonaws.com","syscall":"getaddrinfo"},"instanceId":"Abdullah-pc","level":"error","message":"Full error","service":"worker-service","timestamp":"I9O8601","version":"1.0.0"}
{"environment":"development","error":"getaddrinfo ENOTFOUND sqs.us-east-1.amazonaws.com","instanceId":"Abdullah-pc","level":"error","message":"Error receiving messages","service":"notification-worker-service","timestamp":"I0O8601","version":"1.0.0"}
{"environment":"development","error":{"$metadata":{"attempts":3,"totalRetryDelay":216},"code":"ENOTFOUND","errno":-3008,"hostname":"sqs.us-east-1.amazonaws.com","syscall":"getaddrinfo"},"instanceId":"Abdullah-pc","level":"error","message":"Full error","service":"notification-worker-service","timestamp":"I0O8601","version":"1.0.0"}
{"environment":"development","error":"getaddrinfo ENOTFOUND sqs.us-east-1.amazonaws.com","instanceId":"Abdullah-pc","level":"error","message":"Error receiving messages","service":"worker-service","timestamp":"I1O8601","version":"1.0.0"}
{"environment":"development","error":{"$metadata":{"attempts":3,"totalRetryDelay":147},"code":"ENOTFOUND","errno":-3008,"hostname":"sqs.us-east-1.amazonaws.com","syscall":"getaddrinfo"},"instanceId":"Abdullah-pc","level":"error","message":"Full error","service":"worker-service","timestamp":"I1O8601","version":"1.0.0"}
{"environment":"development","error":"getaddrinfo ENOTFOUND sqs.us-east-1.amazonaws.com","instanceId":"Abdullah-pc","level":"error","message":"Error receiving messages","service":"notification-worker-service","timestamp":"I2O8601","version":"1.0.0"}
{"environment":"development","error":{"$metadata":{"attempts":3,"totalRetryDelay":148},"code":"ENOTFOUND","errno":-3008,"hostname":"sqs.us-east-1.amazonaws.com","syscall":"getaddrinfo"},"instanceId":"Abdullah-pc","level":"error","message":"Full error","service":"notification-worker-service","timestamp":"I2O8601","version":"1.0.0"}
{"environment":"development","error":"getaddrinfo ENOTFOUND sqs.us-east-1.amazonaws.com","instanceId":"Abdullah-pc","level":"error","message":"Error receiving messages","service":"worker-service","timestamp":"I3O8601","version":"1.0.0"}
{"environment":"development","error":{"$metadata":{"attempts":3,"totalRetryDelay":137},"code":"ENOTFOUND","errno":-3008,"hostname":"sqs.us-east-1.amazonaws.com","syscall":"getaddrinfo"},"instanceId":"Abdullah-pc","level":"error","message":"Full error","service":"worker-service","timestamp":"I3O8601","version":"1.0.0"}
{"environment":"development","error":"getaddrinfo ENOTFOUND sqs.us-east-1.amazonaws.com","instanceId":"Abdullah-pc","level":"error","message":"Error receiving messages","service":"notification-worker-service","timestamp":"I3O8601","version":"1.0.0"}
{"environment":"development","error":{"$metadata":{"attempts":3,"totalRetryDelay":76},"code":"ENOTFOUND","errno":-3008,"hostname":"sqs.us-east-1.amazonaws.com","syscall":"getaddrinfo"},"instanceId":"Abdullah-pc","level":"error","message":"Full error","service":"notification-worker-service","timestamp":"I3O8601","version":"1.0.0"}
{"environment":"development","error":"getaddrinfo ENOTFOUND sqs.us-east-1.amazonaws.com","instanceId":"Abdullah-pc","level":"error","message":"Error receiving messages","service":"notification-worker-service","timestamp":"I5O8601","version":"1.0.0"}
{"environment":"development","error":"getaddrinfo ENOTFOUND sqs.us-east-1.amazonaws.com","instanceId":"Abdullah-pc","level":"error","message":"Error receiving messages","service":"worker-service","timestamp":"I5O8601","version":"1.0.0"}
{"environment":"development","error":{"$metadata":{"attempts":3,"totalRetryDelay":135},"code":"ENOTFOUND","errno":-3008,"hostname":"sqs.us-east-1.amazonaws.com","syscall":"getaddrinfo"},"instanceId":"Abdullah-pc","level":"error","message":"Full error","service":"notification-worker-service","timestamp":"I5O8601","version":"1.0.0"}
{"environment":"development","error":{"$metadata":{"attempts":3,"totalRetryDelay":184},"code":"ENOTFOUND","errno":-3008,"hostname":"sqs.us-east-1.amazonaws.com","syscall":"getaddrinfo"},"instanceId":"Abdullah-pc","level":"error","message":"Full error","service":"worker-service","timestamp":"I5O8601","version":"1.0.0"}
{"environment":"development","error":"getaddrinfo ENOTFOUND sqs.us-east-1.amazonaws.com","instanceId":"Abdullah-pc","level":"error","message":"Error receiving messages","service":"notification-worker-service","timestamp":"I6O8601","version":"1.0.0"}
{"environment":"development","error":{"$metadata":{"attempts":3,"totalRetryDelay":88},"code":"ENOTFOUND","errno":-3008,"hostname":"sqs.us-east-1.amazonaws.com","syscall":"getaddrinfo"},"instanceId":"Abdullah-pc","level":"error","message":"Full error","service":"notification-worker-service","timestamp":"I6O8601","version":"1.0.0"}
{"environment":"development","error":"getaddrinfo ENOTFOUND sqs.us-east-1.amazonaws.com","instanceId":"Abdullah-pc","level":"error","message":"Error receiving messages","service":"worker-service","timestamp":"I8O8601","version":"1.0.0"}
{"environment":"development","error":{"$metadata":{"attempts":3,"totalRetryDelay":221},"code":"ENOTFOUND","errno":-3008,"hostname":"sqs.us-east-1.amazonaws.com","syscall":"getaddrinfo"},"instanceId":"Abdullah-pc","level":"error","message":"Full error","service":"worker-service","timestamp":"I8O8601","version":"1.0.0"}
{"environment":"development","error":"getaddrinfo ENOTFOUND sqs.us-east-1.amazonaws.com","instanceId":"Abdullah-pc","level":"error","message":"Error receiving messages","service":"notification-worker-service","timestamp":"I9O8601","version":"1.0.0"}
{"environment":"development","error":{"$metadata":{"attempts":3,"totalRetryDelay":230},"code":"ENOTFOUND","errno":-3008,"hostname":"sqs.us-east-1.amazonaws.com","syscall":"getaddrinfo"},"instanceId":"Abdullah-pc","level":"error","message":"Full error","service":"notification-worker-service","timestamp":"I9O8601","version":"1.0.0"}
{"environment":"development","error":"getaddrinfo ENOTFOUND sqs.us-east-1.amazonaws.com","instanceId":"Abdullah-pc","level":"error","message":"Error receiving messages","service":"worker-service","timestamp":"I9O8601","version":"1.0.0"}
{"environment":"development","error":{"$metadata":{"attempts":3,"totalRetryDelay":106},"code":"ENOTFOUND","errno":-3008,"hostname":"sqs.us-east-1.amazonaws.com","syscall":"getaddrinfo"},"instanceId":"Abdullah-pc","level":"error","message":"Full error","service":"worker-service","timestamp":"I9O8601","version":"1.0.0"}
{"environment":"development","error":"getaddrinfo ENOTFOUND sqs.us-east-1.amazonaws.com","instanceId":"Abdullah-pc","level":"error","message":"Error receiving messages","service":"worker-service","timestamp":"I1O8601","version":"1.0.0"}
{"environment":"development","error":"getaddrinfo ENOTFOUND sqs.us-east-1.amazonaws.com","instanceId":"Abdullah-pc","level":"error","message":"Error receiving messages","service":"notification-worker-service","timestamp":"I1O8601","version":"1.0.0"}
{"environment":"development","error":{"$metadata":{"attempts":3,"totalRetryDelay":169},"code":"ENOTFOUND","errno":-3008,"hostname":"sqs.us-east-1.amazonaws.com","syscall":"getaddrinfo"},"instanceId":"Abdullah-pc","level":"error","message":"Full error","service":"worker-service","timestamp":"I1O8601","version":"1.0.0"}
{"environment":"development","error":{"$metadata":{"attempts":3,"totalRetryDelay":200},"code":"ENOTFOUND","errno":-3008,"hostname":"sqs.us-east-1.amazonaws.com","syscall":"getaddrinfo"},"instanceId":"Abdullah-pc","level":"error","message":"Full error","service":"notification-worker-service","timestamp":"I1O8601","version":"1.0.0"}
{"environment":"development","error":"getaddrinfo ENOTFOUND sqs.us-east-1.amazonaws.com","instanceId":"Abdullah-pc","level":"error","message":"Error receiving messages","service":"notification-worker-service","timestamp":"I3O8601","version":"1.0.0"}
{"environment":"development","error":"getaddrinfo ENOTFOUND sqs.us-east-1.amazonaws.com","instanceId":"Abdullah-pc","level":"error","message":"Error receiving messages","service":"worker-service","timestamp":"I3O8601","version":"1.0.0"}
{"environment":"development","error":{"$metadata":{"attempts":3,"totalRetryDelay":134},"code":"ENOTFOUND","errno":-3008,"hostname":"sqs.us-east-1.amazonaws.com","syscall":"getaddrinfo"},"instanceId":"Abdullah-pc","level":"error","message":"Full error","service":"notification-worker-service","timestamp":"I3O8601","version":"1.0.0"}
{"environment":"development","error":{"$metadata":{"attempts":3,"totalRetryDelay":120},"code":"ENOTFOUND","errno":-3008,"hostname":"sqs.us-east-1.amazonaws.com","syscall":"getaddrinfo"},"instanceId":"Abdullah-pc","level":"error","message":"Full error","service":"worker-service","timestamp":"I3O8601","version":"1.0.0"}
{"environment":"development","error":"getaddrinfo ENOTFOUND sqs.us-east-1.amazonaws.com","instanceId":"Abdullah-pc","level":"error","message":"Error receiving messages","service":"worker-service","timestamp":"I4O8601","version":"1.0.0"}
{"environment":"development","error":{"$metadata":{"attempts":3,"totalRetryDelay":133},"code":"ENOTFOUND","errno":-3008,"hostname":"sqs.us-east-1.amazonaws.com","syscall":"getaddrinfo"},"instanceId":"Abdullah-pc","level":"error","message":"Full error","service":"worker-service","timestamp":"I4O8601","version":"1.0.0"}
{"environment":"development","error":"getaddrinfo ENOTFOUND sqs.us-east-1.amazonaws.com","instanceId":"Abdullah-pc","level":"error","message":"Error receiving messages","service":"notification-worker-service","timestamp":"I5O8601","version":"1.0.0"}
{"environment":"development","error":{"$metadata":{"attempts":3,"totalRetryDelay":249},"code":"ENOTFOUND","errno":-3008,"hostname":"sqs.us-east-1.amazonaws.com","syscall":"getaddrinfo"},"instanceId":"Abdullah-pc","level":"error","message":"Full error","service":"notification-worker-service","timestamp":"I6O8601","version":"1.0.0"}
{"environment":"development","error":"getaddrinfo ENOTFOUND sqs.us-east-1.amazonaws.com","instanceId":"Abdullah-pc","level":"error","message":"Error receiving messages","service":"worker-service","timestamp":"I6O8601","version":"1.0.0"}
{"environment":"development","error":{"$metadata":{"attempts":3,"totalRetryDelay":113},"code":"ENOTFOUND","errno":-3008,"hostname":"sqs.us-east-1.amazonaws.com","syscall":"getaddrinfo"},"instanceId":"Abdullah-pc","level":"error","message":"Full error","service":"worker-service","timestamp":"I6O8601","version":"1.0.0"}
{"environment":"development","error":"getaddrinfo ENOTFOUND sqs.us-east-1.amazonaws.com","instanceId":"Abdullah-pc","level":"error","message":"Error receiving messages","service":"notification-worker-service","timestamp":"I7O8601","version":"1.0.0"}
{"environment":"development","error":{"$metadata":{"attempts":3,"totalRetryDelay":123},"code":"ENOTFOUND","errno":-3008,"hostname":"sqs.us-east-1.amazonaws.com","syscall":"getaddrinfo"},"instanceId":"Abdullah-pc","level":"error","message":"Full error","service":"notification-worker-service","timestamp":"I7O8601","version":"1.0.0"}
{"environment":"development","error":"getaddrinfo ENOTFOUND sqs.us-east-1.amazonaws.com","instanceId":"Abdullah-pc","level":"error","message":"Error receiving messages","service":"worker-service","timestamp":"I8O8601","version":"1.0.0"}
{"environment":"development","error":{"$metadata":{"attempts":3,"totalRetryDelay":173},"code":"ENOTFOUND","errno":-3008,"hostname":"sqs.us-east-1.amazonaws.com","syscall":"getaddrinfo"},"instanceId":"Abdullah-pc","level":"error","message":"Full error","service":"worker-service","timestamp":"I8O8601","version":"1.0.0"}
{"environment":"development","error":"getaddrinfo ENOTFOUND sqs.us-east-1.amazonaws.com","instanceId":"Abdullah-pc","level":"error","message":"Error receiving messages","service":"worker-service","timestamp":"I9O8601","version":"1.0.0"}
{"environment":"development","error":{"$metadata":{"attempts":3,"totalRetryDelay":100},"code":"ENOTFOUND","errno":-3008,"hostname":"sqs.us-east-1.amazonaws.com","syscall":"getaddrinfo"},"instanceId":"Abdullah-pc","level":"error","message":"Full error","service":"worker-service","timestamp":"I9O8601","version":"1.0.0"}
{"environment":"development","error":"getaddrinfo ENOTFOUND sqs.us-east-1.amazonaws.com","instanceId":"Abdullah-pc","level":"error","message":"Error receiving messages","service":"notification-worker-service","timestamp":"I10O8601","version":"1.0.0"}
{"environment":"development","error":{"$metadata":{"attempts":3,"totalRetryDelay":226},"code":"ENOTFOUND","errno":-3008,"hostname":"sqs.us-east-1.amazonaws.com","syscall":"getaddrinfo"},"instanceId":"Abdullah-pc","level":"error","message":"Full error","service":"notification-worker-service","timestamp":"I10O8601","version":"1.0.0"}
{"environment":"development","error":"getaddrinfo ENOTFOUND sqs.us-east-1.amazonaws.com","instanceId":"Abdullah-pc","level":"error","message":"Error receiving messages","service":"notification-worker-service","timestamp":"I2O8601","version":"1.0.0"}
{"environment":"development","error":"getaddrinfo ENOTFOUND sqs.us-east-1.amazonaws.com","instanceId":"Abdullah-pc","level":"error","message":"Error receiving messages","service":"worker-service","timestamp":"I2O8601","version":"1.0.0"}
{"environment":"development","error":{"$metadata":{"attempts":3,"totalRetryDelay":170},"code":"ENOTFOUND","errno":-3008,"hostname":"sqs.us-east-1.amazonaws.com","syscall":"getaddrinfo"},"instanceId":"Abdullah-pc","level":"error","message":"Full error","service":"notification-worker-service","timestamp":"I2O8601","version":"1.0.0"}
{"environment":"development","error":{"$metadata":{"attempts":3,"totalRetryDelay":231},"code":"ENOTFOUND","errno":-3008,"hostname":"sqs.us-east-1.amazonaws.com","syscall":"getaddrinfo"},"instanceId":"Abdullah-pc","level":"error","message":"Full error","service":"worker-service","timestamp":"I2O8601","version":"1.0.0"}
{"environment":"development","error":"getaddrinfo ENOTFOUND sqs.us-east-1.amazonaws.com","instanceId":"Abdullah-pc","level":"error","message":"Error receiving messages","service":"notification-worker-service","timestamp":"I3O8601","version":"1.0.0"}
{"environment":"development","error":{"$metadata":{"attempts":3,"totalRetryDelay":81},"code":"ENOTFOUND","errno":-3008,"hostname":"sqs.us-east-1.amazonaws.com","syscall":"getaddrinfo"},"instanceId":"Abdullah-pc","level":"error","message":"Full error","service":"notification-worker-service","timestamp":"I3O8601","version":"1.0.0"}
{"environment":"development","error":"getaddrinfo ENOTFOUND sqs.us-east-1.amazonaws.com","instanceId":"Abdullah-pc","level":"error","message":"Error receiving messages","service":"worker-service","timestamp":"I4O8601","version":"1.0.0"}
{"environment":"development","error":{"$metadata":{"attempts":3,"totalRetryDelay":174},"code":"ENOTFOUND","errno":-3008,"hostname":"sqs.us-east-1.amazonaws.com","syscall":"getaddrinfo"},"instanceId":"Abdullah-pc","level":"error","message":"Full error","service":"worker-service","timestamp":"I4O8601","version":"1.0.0"}
{"environment":"development","error":"getaddrinfo ENOTFOUND sqs.us-east-1.amazonaws.com","instanceId":"Abdullah-pc","level":"error","message":"Error receiving messages","service":"worker-service","timestamp":"I5O8601","version":"1.0.0"}
{"environment":"development","error":{"$metadata":{"attempts":3,"totalRetryDelay":78},"code":"ENOTFOUND","errno":-3008,"hostname":"sqs.us-east-1.amazonaws.com","syscall":"getaddrinfo"},"instanceId":"Abdullah-pc","level":"error","message":"Full error","service":"worker-service","timestamp":"I5O8601","version":"1.0.0"}
{"environment":"development","error":"getaddrinfo ENOTFOUND sqs.us-east-1.amazonaws.com","instanceId":"Abdullah-pc","level":"error","message":"Error receiving messages","service":"notification-worker-service","timestamp":"I5O8601","version":"1.0.0"}
{"environment":"development","error":{"$metadata":{"attempts":3,"totalRetryDelay":183},"code":"ENOTFOUND","errno":-3008,"hostname":"sqs.us-east-1.amazonaws.com","syscall":"getaddrinfo"},"instanceId":"Abdullah-pc","level":"error","message":"Full error","service":"notification-worker-service","timestamp":"I5O8601","version":"1.0.0"}
{"environment":"development","error":"getaddrinfo ENOTFOUND sqs.us-east-1.amazonaws.com","instanceId":"Abdullah-pc","level":"error","message":"Error receiving messages","service":"worker-service","timestamp":"I6O8601","version":"1.0.0"}
{"environment":"development","error":{"$metadata":{"attempts":3,"totalRetryDelay":55},"code":"ENOTFOUND","errno":-3008,"hostname":"sqs.us-east-1.amazonaws.com","syscall":"getaddrinfo"},"instanceId":"Abdullah-pc","level":"error","message":"Full error","service":"worker-service","timestamp":"I6O8601","version":"1.0.0"}
{"environment":"development","error":"getaddrinfo ENOTFOUND sqs.us-east-1.amazonaws.com","instanceId":"Abdullah-pc","level":"error","message":"Error receiving messages","service":"notification-worker-service","timestamp":"I6O8601","version":"1.0.0"}
{"environment":"development","error":{"$metadata":{"attempts":3,"totalRetryDelay":77},"code":"ENOTFOUND","errno":-3008,"hostname":"sqs.us-east-1.amazonaws.com","syscall":"getaddrinfo"},"instanceId":"Abdullah-pc","level":"error","message":"Full error","service":"notification-worker-service","timestamp":"I6O8601","version":"1.0.0"}
{"environment":"development","error":"getaddrinfo ENOTFOUND sqs.us-east-1.amazonaws.com","instanceId":"Abdullah-pc","level":"error","message":"Error receiving messages","service":"worker-service","timestamp":"I8O8601","version":"1.0.0"}
{"environment":"development","error":{"$metadata":{"attempts":3,"totalRetryDelay":210},"code":"ENOTFOUND","errno":-3008,"hostname":"sqs.us-east-1.amazonaws.com","syscall":"getaddrinfo"},"instanceId":"Abdullah-pc","level":"error","message":"Full error","service":"worker-service","timestamp":"I8O8601","version":"1.0.0"}
{"environment":"development","error":"getaddrinfo ENOTFOUND sqs.us-east-1.amazonaws.com","instanceId":"Abdullah-pc","level":"error","message":"Error receiving messages","service":"notification-worker-service","timestamp":"I9O8601","version":"1.0.0"}
{"environment":"development","error":{"$metadata":{"attempts":3,"totalRetryDelay":256},"code":"ENOTFOUND","errno":-3008,"hostname":"sqs.us-east-1.amazonaws.com","syscall":"getaddrinfo"},"instanceId":"Abdullah-pc","level":"error","message":"Full error","service":"notification-worker-service","timestamp":"I9O8601","version":"1.0.0"}
{"environment":"development","error":"getaddrinfo ENOTFOUND sqs.us-east-1.amazonaws.com","instanceId":"Abdullah-pc","level":"error","message":"Error receiving messages","service":"worker-service","timestamp":"I1O8601","version":"1.0.0"}
{"environment":"development","error":"getaddrinfo ENOTFOUND sqs.us-east-1.amazonaws.com","instanceId":"Abdullah-pc","level":"error","message":"Error receiving messages","service":"notification-worker-service","timestamp":"I1O8601","version":"1.0.0"}
{"environment":"development","error":{"$metadata":{"attempts":3,"totalRetryDelay":237},"code":"ENOTFOUND","errno":-3008,"hostname":"sqs.us-east-1.amazonaws.com","syscall":"getaddrinfo"},"instanceId":"Abdullah-pc","level":"error","message":"Full error","service":"worker-service","timestamp":"I1O8601","version":"1.0.0"}
{"environment":"development","error":{"$metadata":{"attempts":3,"totalRetryDelay":133},"code":"ENOTFOUND","errno":-3008,"hostname":"sqs.us-east-1.amazonaws.com","syscall":"getaddrinfo"},"instanceId":"Abdullah-pc","level":"error","message":"Full error","service":"notification-worker-service","timestamp":"I1O8601","version":"1.0.0"}
{"environment":"development","error":"getaddrinfo ENOTFOUND sqs.us-east-1.amazonaws.com","instanceId":"Abdullah-pc","level":"error","message":"Error receiving messages","service":"notification-worker-service","timestamp":"I2O8601","version":"1.0.0"}
{"environment":"development","error":{"$metadata":{"attempts":3,"totalRetryDelay":101},"code":"ENOTFOUND","errno":-3008,"hostname":"sqs.us-east-1.amazonaws.com","syscall":"getaddrinfo"},"instanceId":"Abdullah-pc","level":"error","message":"Full error","service":"notification-worker-service","timestamp":"I2O8601","version":"1.0.0"}
{"environment":"development","error":"getaddrinfo ENOTFOUND sqs.us-east-1.amazonaws.com","instanceId":"Abdullah-pc","level":"error","message":"Error receiving messages","service":"worker-service","timestamp":"I3O8601","version":"1.0.0"}
{"environment":"development","error":{"$metadata":{"attempts":3,"totalRetryDelay":153},"code":"ENOTFOUND","errno":-3008,"hostname":"sqs.us-east-1.amazonaws.com","syscall":"getaddrinfo"},"instanceId":"Abdullah-pc","level":"error","message":"Full error","service":"worker-service","timestamp":"I3O8601","version":"1.0.0"}
{"environment":"development","error":"getaddrinfo ENOTFOUND sqs.us-east-1.amazonaws.com","instanceId":"Abdullah-pc","level":"error","message":"Error receiving messages","service":"worker-service","timestamp":"I5O8601","version":"1.0.0"}
{"environment":"development","error":{"$metadata":{"attempts":3,"totalRetryDelay":205},"code":"ENOTFOUND","errno":-3008,"hostname":"sqs.us-east-1.amazonaws.com","syscall":"getaddrinfo"},"instanceId":"Abdullah-pc","level":"error","message":"Full error","service":"worker-service","timestamp":"I5O8601","version":"1.0.0"}
{"environment":"development","error":"getaddrinfo ENOTFOUND sqs.us-east-1.amazonaws.com","instanceId":"Abdullah-pc","level":"error","message":"Error receiving messages","service":"notification-worker-service","timestamp":"I5O8601","version":"1.0.0"}
{"environment":"development","error":{"$metadata":{"attempts":3,"totalRetryDelay":256},"code":"ENOTFOUND","errno":-3008,"hostname":"sqs.us-east-1.amazonaws.com","syscall":"getaddrinfo"},"instanceId":"Abdullah-pc","level":"error","message":"Full error","service":"notification-worker-service","timestamp":"I5O8601","version":"1.0.0"}
{"environment":"development","error":"getaddrinfo ENOTFOUND sqs.us-east-1.amazonaws.com","instanceId":"Abdullah-pc","level":"error","message":"Error receiving messages","service":"worker-service","timestamp":"I7O8601","version":"1.0.0"}
{"environment":"development","error":{"$metadata":{"attempts":3,"totalRetryDelay":143},"code":"ENOTFOUND","errno":-3008,"hostname":"sqs.us-east-1.amazonaws.com","syscall":"getaddrinfo"},"instanceId":"Abdullah-pc","level":"error","message":"Full error","service":"worker-service","timestamp":"I7O8601","version":"1.0.0"}
{"environment":"development","error":"getaddrinfo ENOTFOUND sqs.us-east-1.amazonaws.com","instanceId":"Abdullah-pc","level":"error","message":"Error receiving messages","service":"notification-worker-service","timestamp":"I8O8601","version":"1.0.0"}
{"environment":"development","error":"getaddrinfo ENOTFOUND sqs.us-east-1.amazonaws.com","instanceId":"Abdullah-pc","level":"error","message":"Error receiving messages","service":"worker-service","timestamp":"I8O8601","version":"1.0.0"}
{"environment":"development","error":{"$metadata":{"attempts":3,"totalRetryDelay":230},"code":"ENOTFOUND","errno":-3008,"hostname":"sqs.us-east-1.amazonaws.com","syscall":"getaddrinfo"},"instanceId":"Abdullah-pc","level":"error","message":"Full error","service":"notification-worker-service","timestamp":"I8O8601","version":"1.0.0"}
{"environment":"development","error":{"$metadata":{"attempts":3,"totalRetryDelay":54},"code":"ENOTFOUND","errno":-3008,"hostname":"sqs.us-east-1.amazonaws.com","syscall":"getaddrinfo"},"instanceId":"Abdullah-pc","level":"error","message":"Full error","service":"worker-service","timestamp":"I8O8601","version":"1.0.0"}
{"environment":"development","error":"getaddrinfo ENOTFOUND sqs.us-east-1.amazonaws.com","instanceId":"Abdullah-pc","level":"error","message":"Error receiving messages","service":"notification-worker-service","timestamp":"I9O8601","version":"1.0.0"}
{"environment":"development","error":{"$metadata":{"attempts":3,"totalRetryDelay":109},"code":"ENOTFOUND","errno":-3008,"hostname":"sqs.us-east-1.amazonaws.com","syscall":"getaddrinfo"},"instanceId":"Abdullah-pc","level":"error","message":"Full error","service":"notification-worker-service","timestamp":"I9O8601","version":"1.0.0"}
{"environment":"development","error":"getaddrinfo ENOTFOUND sqs.us-east-1.amazonaws.com","instanceId":"Abdullah-pc","level":"error","message":"Error receiving messages","service":"worker-service","timestamp":"I0O8601","version":"1.0.0"}
{"environment":"development","error":{"$metadata":{"attempts":3,"totalRetryDelay":212},"code":"ENOTFOUND","errno":-3008,"hostname":"sqs.us-east-1.amazonaws.com","syscall":"getaddrinfo"},"instanceId":"Abdullah-pc","level":"error","message":"Full error","service":"worker-service","timestamp":"I0O8601","version":"1.0.0"}
{"environment":"development","error":"getaddrinfo ENOTFOUND sqs.us-east-1.amazonaws.com","instanceId":"Abdullah-pc","level":"error","message":"Error receiving messages","service":"notification-worker-service","timestamp":"I1O8601","version":"1.0.0"}
{"environment":"development","error":{"$metadata":{"attempts":3,"totalRetryDelay":173},"code":"ENOTFOUND","errno":-3008,"hostname":"sqs.us-east-1.amazonaws.com","syscall":"getaddrinfo"},"instanceId":"Abdullah-pc","level":"error","message":"Full error","service":"notification-worker-service","timestamp":"I1O8601","version":"1.0.0"}
{"environment":"development","error":"getaddrinfo ENOTFOUND sqs.us-east-1.amazonaws.com","instanceId":"Abdullah-pc","level":"error","message":"Error receiving messages","service":"worker-service","timestamp":"I2O8601","version":"1.0.0"}
{"environment":"development","error":{"$metadata":{"attempts":3,"totalRetryDelay":167},"code":"ENOTFOUND","errno":-3008,"hostname":"sqs.us-east-1.amazonaws.com","syscall":"getaddrinfo"},"instanceId":"Abdullah-pc","level":"error","message":"Full error","service":"worker-service","timestamp":"I2O8601","version":"1.0.0"}
{"environment":"development","error":"getaddrinfo ENOTFOUND sqs.us-east-1.amazonaws.com","instanceId":"Abdullah-pc","level":"error","message":"Error receiving messages","service":"notification-worker-service","timestamp":"I2O8601","version":"1.0.0"}
{"environment":"development","error":{"$metadata":{"attempts":3,"totalRetryDelay":77},"code":"ENOTFOUND","errno":-3008,"hostname":"sqs.us-east-1.amazonaws.com","syscall":"getaddrinfo"},"instanceId":"Abdullah-pc","level":"error","message":"Full error","service":"notification-worker-service","timestamp":"I2O8601","version":"1.0.0"}
{"environment":"development","error":"getaddrinfo ENOTFOUND sqs.us-east-1.amazonaws.com","instanceId":"Abdullah-pc","level":"error","message":"Error receiving messages","service":"notification-worker-service","timestamp":"I3O8601","version":"1.0.0"}
{"environment":"development","error":{"$metadata":{"attempts":3,"totalRetryDelay":34},"code":"ENOTFOUND","errno":-3008,"hostname":"sqs.us-east-1.amazonaws.com","syscall":"getaddrinfo"},"instanceId":"Abdullah-pc","level":"error","message":"Full error","service":"notification-worker-service","timestamp":"I3O8601","version":"1.0.0"}
{"environment":"development","error":"getaddrinfo ENOTFOUND sqs.us-east-1.amazonaws.com","instanceId":"Abdullah-pc","level":"error","message":"Error receiving messages","service":"worker-service","timestamp":"I4O8601","version":"1.0.0"}
{"environment":"development","error":{"$metadata":{"attempts":3,"totalRetryDelay":136},"code":"ENOTFOUND","errno":-3008,"hostname":"sqs.us-east-1.amazonaws.com","syscall":"getaddrinfo"},"instanceId":"Abdullah-pc","level":"error","message":"Full error","service":"worker-service","timestamp":"I4O8601","version":"1.0.0"}
{"environment":"development","error":"getaddrinfo ENOTFOUND sqs.us-east-1.amazonaws.com","instanceId":"Abdullah-pc","level":"error","message":"Error receiving messages","service":"notification-worker-service","timestamp":"I5O8601","version":"1.0.0"}
{"environment":"development","error":{"$metadata":{"attempts":3,"totalRetryDelay":210},"code":"ENOTFOUND","errno":-3008,"hostname":"sqs.us-east-1.amazonaws.com","syscall":"getaddrinfo"},"instanceId":"Abdullah-pc","level":"error","message":"Full error","service":"notification-worker-service","timestamp":"I5O8601","version":"1.0.0"}
{"environment":"development","error":"getaddrinfo ENOTFOUND sqs.us-east-1.amazonaws.com","instanceId":"Abdullah-pc","level":"error","message":"Error receiving messages","service":"worker-service","timestamp":"I6O8601","version":"1.0.0"}
{"environment":"development","error":{"$metadata":{"attempts":3,"totalRetryDelay":265},"code":"ENOTFOUND","errno":-3008,"hostname":"sqs.us-east-1.amazonaws.com","syscall":"getaddrinfo"},"instanceId":"Abdullah-pc","level":"error","message":"Full error","service":"worker-service","timestamp":"I6O8601","version":"1.0.0"}
{"environment":"development","error":"getaddrinfo ENOTFOUND sqs.us-east-1.amazonaws.com","instanceId":"Abdullah-pc","level":"error","message":"Error receiving messages","service":"notification-worker-service","timestamp":"I8O8601","version":"1.0.0"}
{"environment":"development","error":{"$metadata":{"attempts":3,"totalRetryDelay":182},"code":"ENOTFOUND","errno":-3008,"hostname":"sqs.us-east-1.amazonaws.com","syscall":"getaddrinfo"},"instanceId":"Abdullah-pc","level":"error","message":"Full error","service":"notification-worker-service","timestamp":"I8O8601","version":"1.0.0"}
{"environment":"development","error":"getaddrinfo ENOTFOUND sqs.us-east-1.amazonaws.com","instanceId":"Abdullah-pc","level":"error","message":"Error receiving messages","service":"worker-service","timestamp":"I8O8601","version":"1.0.0"}
{"environment":"development","error":{"$metadata":{"attempts":3,"totalRetryDelay":100},"code":"ENOTFOUND","errno":-3008,"hostname":"sqs.us-east-1.amazonaws.com","syscall":"getaddrinfo"},"instanceId":"Abdullah-pc","level":"error","message":"Full error","service":"worker-service","timestamp":"I8O8601","version":"1.0.0"}
{"environment":"development","error":"getaddrinfo ENOTFOUND sqs.us-east-1.amazonaws.com","instanceId":"Abdullah-pc","level":"error","message":"Error receiving messages","service":"notification-worker-service","timestamp":"I9O8601","version":"1.0.0"}
{"environment":"development","error":{"$metadata":{"attempts":3,"totalRetryDelay":138},"code":"ENOTFOUND","errno":-3008,"hostname":"sqs.us-east-1.amazonaws.com","syscall":"getaddrinfo"},"instanceId":"Abdullah-pc","level":"error","message":"Full error","service":"notification-worker-service","timestamp":"I9O8601","version":"1.0.0"}
{"environment":"development","error":"getaddrinfo ENOTFOUND sqs.us-east-1.amazonaws.com","instanceId":"Abdullah-pc","level":"error","message":"Error receiving messages","service":"worker-service","timestamp":"I0O8601","version":"1.0.0"}
{"environment":"development","error":{"$metadata":{"attempts":3,"totalRetryDelay":232},"code":"ENOTFOUND","errno":-3008,"hostname":"sqs.us-east-1.amazonaws.com","syscall":"getaddrinfo"},"instanceId":"Abdullah-pc","level":"error","message":"Full error","service":"worker-service","timestamp":"I0O8601","version":"1.0.0"}
{"environment":"development","error":"getaddrinfo ENOTFOUND sqs.us-east-1.amazonaws.com","instanceId":"Abdullah-pc","level":"error","message":"Error receiving messages","service":"notification-worker-service","timestamp":"I0O8601","version":"1.0.0"}
{"environment":"development","error":{"$metadata":{"attempts":3,"totalRetryDelay":85},"code":"ENOTFOUND","errno":-3008,"hostname":"sqs.us-east-1.amazonaws.com","syscall":"getaddrinfo"},"instanceId":"Abdullah-pc","level":"error","message":"Full error","service":"notification-worker-service","timestamp":"I0O8601","version":"1.0.0"}
{"environment":"development","error":"getaddrinfo ENOTFOUND sqs.us-east-1.amazonaws.com","instanceId":"Abdullah-pc","level":"error","message":"Error receiving messages","service":"worker-service","timestamp":"I2O8601","version":"1.0.0"}
{"environment":"development","error":{"$metadata":{"attempts":3,"totalRetryDelay":90},"code":"ENOTFOUND","errno":-3008,"hostname":"sqs.us-east-1.amazonaws.com","syscall":"getaddrinfo"},"instanceId":"Abdullah-pc","level":"error","message":"Full error","service":"worker-service","timestamp":"I2O8601","version":"1.0.0"}
{"environment":"development","error":"getaddrinfo ENOTFOUND sqs.us-east-1.amazonaws.com","instanceId":"Abdullah-pc","level":"error","message":"Error receiving messages","service":"notification-worker-service","timestamp":"I3O8601","version":"1.0.0"}
{"environment":"development","error":"getaddrinfo ENOTFOUND sqs.us-east-1.amazonaws.com","instanceId":"Abdullah-pc","level":"error","message":"Error receiving messages","service":"worker-service","timestamp":"I3O8601","version":"1.0.0"}
{"environment":"development","error":{"$metadata":{"attempts":3,"totalRetryDelay":203},"code":"ENOTFOUND","errno":-3008,"hostname":"sqs.us-east-1.amazonaws.com","syscall":"getaddrinfo"},"instanceId":"Abdullah-pc","level":"error","message":"Full error","service":"notification-worker-service","timestamp":"I3O8601","version":"1.0.0"}
{"environment":"development","error":{"$metadata":{"attempts":3,"totalRetryDelay":97},"code":"ENOTFOUND","errno":-3008,"hostname":"sqs.us-east-1.amazonaws.com","syscall":"getaddrinfo"},"instanceId":"Abdullah-pc","level":"error","message":"Full error","service":"worker-service","timestamp":"I3O8601","version":"1.0.0"}
{"environment":"development","error":"getaddrinfo ENOTFOUND sqs.us-east-1.amazonaws.com","instanceId":"Abdullah-pc","level":"error","message":"Error receiving messages","service":"worker-service","timestamp":"I5O8601","version":"1.0.0"}
{"environment":"development","error":{"$metadata":{"attempts":3,"totalRetryDelay":164},"code":"ENOTFOUND","errno":-3008,"hostname":"sqs.us-east-1.amazonaws.com","syscall":"getaddrinfo"},"instanceId":"Abdullah-pc","level":"error","message":"Full error","service":"worker-service","timestamp":"I5O8601","version":"1.0.0"}
{"environment":"development","error":"getaddrinfo ENOTFOUND sqs.us-east-1.amazonaws.com","instanceId":"Abdullah-pc","level":"error","message":"Error receiving messages","service":"notification-worker-service","timestamp":"I6O8601","version":"1.0.0"}
{"environment":"development","error":{"$metadata":{"attempts":3,"totalRetryDelay":253},"code":"ENOTFOUND","errno":-3008,"hostname":"sqs.us-east-1.amazonaws.com","syscall":"getaddrinfo"},"instanceId":"Abdullah-pc","level":"error","message":"Full error","service":"notification-worker-service","timestamp":"I6O8601","version":"1.0.0"}
{"environment":"development","error":"getaddrinfo ENOTFOUND sqs.us-east-1.amazonaws.com","instanceId":"Abdullah-pc","level":"error","message":"Error receiving messages","service":"worker-service","timestamp":"I6O8601","version":"1.0.0"}
{"environment":"development","error":{"$metadata":{"attempts":3,"totalRetryDelay":106},"code":"ENOTFOUND","errno":-3008,"hostname":"sqs.us-east-1.amazonaws.com","syscall":"getaddrinfo"},"instanceId":"Abdullah-pc","level":"error","message":"Full error","service":"worker-service","timestamp":"I6O8601","version":"1.0.0"}
{"environment":"development","error":"getaddrinfo ENOTFOUND sqs.us-east-1.amazonaws.com","instanceId":"Abdullah-pc","level":"error","message":"Error receiving messages","service":"notification-worker-service","timestamp":"I7O8601","version":"1.0.0"}
{"environment":"development","error":{"$metadata":{"attempts":3,"totalRetryDelay":97},"code":"ENOTFOUND","errno":-3008,"hostname":"sqs.us-east-1.amazonaws.com","syscall":"getaddrinfo"},"instanceId":"Abdullah-pc","level":"error","message":"Full error","service":"notification-worker-service","timestamp":"I7O8601","version":"1.0.0"}
{"environment":"development","error":"getaddrinfo ENOTFOUND sqs.us-east-1.amazonaws.com","instanceId":"Abdullah-pc","level":"error","message":"Error receiving messages","service":"worker-service","timestamp":"I8O8601","version":"1.0.0"}
{"environment":"development","error":{"$metadata":{"attempts":3,"totalRetryDelay":122},"code":"ENOTFOUND","errno":-3008,"hostname":"sqs.us-east-1.amazonaws.com","syscall":"getaddrinfo"},"instanceId":"Abdullah-pc","level":"error","message":"Full error","service":"worker-service","timestamp":"I8O8601","version":"1.0.0"}
{"environment":"development","error":"getaddrinfo ENOTFOUND sqs.us-east-1.amazonaws.com","instanceId":"Abdullah-pc","level":"error","message":"Error receiving messages","service":"notification-worker-service","timestamp":"I9O8601","version":"1.0.0"}
{"environment":"development","error":{"$metadata":{"attempts":3,"totalRetryDelay":117},"code":"ENOTFOUND","errno":-3008,"hostname":"sqs.us-east-1.amazonaws.com","syscall":"getaddrinfo"},"instanceId":"Abdullah-pc","level":"error","message":"Full error","service":"notification-worker-service","timestamp":"I9O8601","version":"1.0.0"}
{"environment":"development","error":"getaddrinfo ENOTFOUND sqs.us-east-1.amazonaws.com","instanceId":"Abdullah-pc","level":"error","message":"Error receiving messages","service":"worker-service","timestamp":"I9O8601","version":"1.0.0"}
{"environment":"development","error":{"$metadata":{"attempts":3,"totalRetryDelay":126},"code":"ENOTFOUND","errno":-3008,"hostname":"sqs.us-east-1.amazonaws.com","syscall":"getaddrinfo"},"instanceId":"Abdullah-pc","level":"error","message":"Full error","service":"worker-service","timestamp":"I9O8601","version":"1.0.0"}
{"environment":"development","error":"getaddrinfo ENOTFOUND sqs.us-east-1.amazonaws.com","instanceId":"Abdullah-pc","level":"error","message":"Error receiving messages","service":"notification-worker-service","timestamp":"I0O8601","version":"1.0.0"}
{"environment":"development","error":{"$metadata":{"attempts":3,"totalRetryDelay":132},"code":"ENOTFOUND","errno":-3008,"hostname":"sqs.us-east-1.amazonaws.com","syscall":"getaddrinfo"},"instanceId":"Abdullah-pc","level":"error","message":"Full error","service":"notification-worker-service","timestamp":"I0O8601","version":"1.0.0"}
{"environment":"development","error":"getaddrinfo ENOTFOUND sqs.us-east-1.amazonaws.com","instanceId":"Abdullah-pc","level":"error","message":"Error receiving messages","service":"notification-worker-service","timestamp":"I1O8601","version":"1.0.0"}
{"environment":"development","error":{"$metadata":{"attempts":3,"totalRetryDelay":49},"code":"ENOTFOUND","errno":-3008,"hostname":"sqs.us-east-1.amazonaws.com","syscall":"getaddrinfo"},"instanceId":"Abdullah-pc","level":"error","message":"Full error","service":"notification-worker-service","timestamp":"I1O8601","version":"1.0.0"}
{"environment":"development","error":"getaddrinfo ENOTFOUND sqs.us-east-1.amazonaws.com","instanceId":"Abdullah-pc","level":"error","message":"Error receiving messages","service":"worker-service","timestamp":"I1O8601","version":"1.0.0"}
{"environment":"development","error":{"$metadata":{"attempts":3,"totalRetryDelay":179},"code":"ENOTFOUND","errno":-3008,"hostname":"sqs.us-east-1.amazonaws.com","syscall":"getaddrinfo"},"instanceId":"Abdullah-pc","level":"error","message":"Full error","service":"worker-service","timestamp":"I2O8601","version":"1.0.0"}
{"environment":"development","error":"getaddrinfo ENOTFOUND sqs.us-east-1.amazonaws.com","instanceId":"Abdullah-pc","level":"error","message":"Error receiving messages","service":"notification-worker-service","timestamp":"I3O8601","version":"1.0.0"}
{"environment":"development","error":{"$metadata":{"attempts":3,"totalRetryDelay":194},"code":"ENOTFOUND","errno":-3008,"hostname":"sqs.us-east-1.amazonaws.com","syscall":"getaddrinfo"},"instanceId":"Abdullah-pc","level":"error","message":"Full error","service":"notification-worker-service","timestamp":"I3O8601","version":"1.0.0"}
{"environment":"development","error":"getaddrinfo ENOTFOUND sqs.us-east-1.amazonaws.com","instanceId":"Abdullah-pc","level":"error","message":"Error receiving messages","service":"worker-service","timestamp":"I4O8601","version":"1.0.0"}
{"environment":"development","error":{"$metadata":{"attempts":3,"totalRetryDelay":188},"code":"ENOTFOUND","errno":-3008,"hostname":"sqs.us-east-1.amazonaws.com","syscall":"getaddrinfo"},"instanceId":"Abdullah-pc","level":"error","message":"Full error","service":"worker-service","timestamp":"I4O8601","version":"1.0.0"}
{"environment":"development","error":"getaddrinfo ENOTFOUND sqs.us-east-1.amazonaws.com","instanceId":"Abdullah-pc","level":"error","message":"Error receiving messages","service":"notification-worker-service","timestamp":"I5O8601","version":"1.0.0"}
{"environment":"development","error":{"$metadata":{"attempts":3,"totalRetryDelay":137},"code":"ENOTFOUND","errno":-3008,"hostname":"sqs.us-east-1.amazonaws.com","syscall":"getaddrinfo"},"instanceId":"Abdullah-pc","level":"error","message":"Full error","service":"notification-worker-service","timestamp":"I5O8601","version":"1.0.0"}
{"environment":"development","error":"getaddrinfo ENOTFOUND sqs.us-east-1.amazonaws.com","instanceId":"Abdullah-pc","level":"error","message":"Error receiving messages","service":"worker-service","timestamp":"I7O8601","version":"1.0.0"}
{"environment":"development","error":{"$metadata":{"attempts":3,"totalRetryDelay":270},"code":"ENOTFOUND","errno":-3008,"hostname":"sqs.us-east-1.amazonaws.com","syscall":"getaddrinfo"},"instanceId":"Abdullah-pc","level":"error","message":"Full error","service":"worker-service","timestamp":"I7O8601","version":"1.0.0"}
{"environment":"development","error":"getaddrinfo ENOTFOUND sqs.us-east-1.amazonaws.com","instanceId":"Abdullah-pc","level":"error","message":"Error receiving messages","service":"notification-worker-service","timestamp":"I7O8601","version":"1.0.0"}
{"environment":"development","error":{"$metadata":{"attempts":3,"totalRetryDelay":176},"code":"ENOTFOUND","errno":-3008,"hostname":"sqs.us-east-1.amazonaws.com","syscall":"getaddrinfo"},"instanceId":"Abdullah-pc","level":"error","message":"Full error","service":"notification-worker-service","timestamp":"I7O8601","version":"1.0.0"}
{"environment":"development","error":"getaddrinfo ENOTFOUND sqs.us-east-1.amazonaws.com","instanceId":"Abdullah-pc","level":"error","message":"Error receiving messages","service":"worker-service","timestamp":"I8O8601","version":"1.0.0"}
{"environment":"development","error":{"$metadata":{"attempts":3,"totalRetryDelay":50},"code":"ENOTFOUND","errno":-3008,"hostname":"sqs.us-east-1.amazonaws.com","syscall":"getaddrinfo"},"instanceId":"Abdullah-pc","level":"error","message":"Full error","service":"worker-service","timestamp":"I8O8601","version":"1.0.0"}
{"environment":"development","error":"getaddrinfo ENOTFOUND sqs.us-east-1.amazonaws.com","instanceId":"Abdullah-pc","level":"error","message":"Error receiving messages","service":"worker-service","timestamp":"I9O8601","version":"1.0.0"}
{"environment":"development","error":{"$metadata":{"attempts":3,"totalRetryDelay":58},"code":"ENOTFOUND","errno":-3008,"hostname":"sqs.us-east-1.amazonaws.com","syscall":"getaddrinfo"},"instanceId":"Abdullah-pc","level":"error","message":"Full error","service":"worker-service","timestamp":"I9O8601","version":"1.0.0"}
{"environment":"development","error":"getaddrinfo ENOTFOUND sqs.us-east-1.amazonaws.com","instanceId":"Abdullah-pc","level":"error","message":"Error receiving messages","service":"notification-worker-service","timestamp":"I9O8601","version":"1.0.0"}
{"environment":"development","error":{"$metadata":{"attempts":3,"totalRetryDelay":150},"code":"ENOTFOUND","errno":-3008,"hostname":"sqs.us-east-1.amazonaws.com","syscall":"getaddrinfo"},"instanceId":"Abdullah-pc","level":"error","message":"Full error","service":"notification-worker-service","timestamp":"I9O8601","version":"1.0.0"}
{"environment":"development","error":"getaddrinfo ENOTFOUND sqs.us-east-1.amazonaws.com","instanceId":"Abdullah-pc","level":"error","message":"Error receiving messages","service":"worker-service","timestamp":"I0O8601","version":"1.0.0"}
{"environment":"development","error":{"$metadata":{"attempts":3,"totalRetryDelay":129},"code":"ENOTFOUND","errno":-3008,"hostname":"sqs.us-east-1.amazonaws.com","syscall":"getaddrinfo"},"instanceId":"Abdullah-pc","level":"error","message":"Full error","service":"worker-service","timestamp":"I0O8601","version":"1.0.0"}
{"environment":"development","error":"getaddrinfo ENOTFOUND sqs.us-east-1.amazonaws.com","instanceId":"Abdullah-pc","level":"error","message":"Error receiving messages","service":"notification-worker-service","timestamp":"I1O8601","version":"1.0.0"}
{"environment":"development","error":{"$metadata":{"attempts":3,"totalRetryDelay":130},"code":"ENOTFOUND","errno":-3008,"hostname":"sqs.us-east-1.amazonaws.com","syscall":"getaddrinfo"},"instanceId":"Abdullah-pc","level":"error","message":"Full error","service":"notification-worker-service","timestamp":"I1O8601","version":"1.0.0"}
{"environment":"development","error":"getaddrinfo ENOTFOUND sqs.us-east-1.amazonaws.com","instanceId":"Abdullah-pc","level":"error","message":"Error receiving messages","service":"worker-service","timestamp":"I1O8601","version":"1.0.0"}
{"environment":"development","error":{"$metadata":{"attempts":3,"totalRetryDelay":60},"code":"ENOTFOUND","errno":-3008,"hostname":"sqs.us-east-1.amazonaws.com","syscall":"getaddrinfo"},"instanceId":"Abdullah-pc","level":"error","message":"Full error","service":"worker-service","timestamp":"I1O8601","version":"1.0.0"}
{"environment":"development","error":"getaddrinfo ENOTFOUND sqs.us-east-1.amazonaws.com","instanceId":"Abdullah-pc","level":"error","message":"Error receiving messages","service":"notification-worker-service","timestamp":"I1O8601","version":"1.0.0"}
{"environment":"development","error":{"$metadata":{"attempts":3,"totalRetryDelay":55},"code":"ENOTFOUND","errno":-3008,"hostname":"sqs.us-east-1.amazonaws.com","syscall":"getaddrinfo"},"instanceId":"Abdullah-pc","level":"error","message":"Full error","service":"notification-worker-service","timestamp":"I1O8601","version":"1.0.0"}
{"environment":"development","error":"getaddrinfo ENOTFOUND sqs.us-east-1.amazonaws.com","instanceId":"Abdullah-pc","level":"error","message":"Error receiving messages","service":"notification-worker-service","timestamp":"I3O8601","version":"1.0.0"}
{"environment":"development","error":{"$metadata":{"attempts":3,"totalRetryDelay":178},"code":"ENOTFOUND","errno":-3008,"hostname":"sqs.us-east-1.amazonaws.com","syscall":"getaddrinfo"},"instanceId":"Abdullah-pc","level":"error","message":"Full error","service":"notification-worker-service","timestamp":"I3O8601","version":"1.0.0"}
{"environment":"development","error":"getaddrinfo ENOTFOUND sqs.us-east-1.amazonaws.com","instanceId":"Abdullah-pc","level":"error","message":"Error receiving messages","service":"worker-service","timestamp":"I4O8601","version":"1.0.0"}
{"environment":"development","error":{"$metadata":{"attempts":3,"totalRetryDelay":264},"code":"ENOTFOUND","errno":-3008,"hostname":"sqs.us-east-1.amazonaws.com","syscall":"getaddrinfo"},"instanceId":"Abdullah-pc","level":"error","message":"Full error","service":"worker-service","timestamp":"I4O8601","version":"1.0.0"}
{"environment":"development","error":"getaddrinfo ENOTFOUND sqs.us-east-1.amazonaws.com","instanceId":"Abdullah-pc","level":"error","message":"Error receiving messages","service":"notification-worker-service","timestamp":"I6O8601","version":"1.0.0"}
{"environment":"development","error":{"$metadata":{"attempts":3,"totalRetryDelay":190},"code":"ENOTFOUND","errno":-3008,"hostname":"sqs.us-east-1.amazonaws.com","syscall":"getaddrinfo"},"instanceId":"Abdullah-pc","level":"error","message":"Full error","service":"notification-worker-service","timestamp":"I6O8601","version":"1.0.0"}
{"environment":"development","error":"getaddrinfo ENOTFOUND sqs.us-east-1.amazonaws.com","instanceId":"Abdullah-pc","level":"error","message":"Error receiving messages","service":"worker-service","timestamp":"I6O8601","version":"1.0.0"}
{"environment":"development","error":{"$metadata":{"attempts":3,"totalRetryDelay":187},"code":"ENOTFOUND","errno":-3008,"hostname":"sqs.us-east-1.amazonaws.com","syscall":"getaddrinfo"},"instanceId":"Abdullah-pc","level":"error","message":"Full error","service":"worker-service","timestamp":"I6O8601","version":"1.0.0"}
{"environment":"development","error":"getaddrinfo ENOTFOUND sqs.us-east-1.amazonaws.com","instanceId":"Abdullah-pc","level":"error","message":"Error receiving messages","service":"notification-worker-service","timestamp":"I7O8601","version":"1.0.0"}
{"environment":"development","error":{"$metadata":{"attempts":3,"totalRetryDelay":93},"code":"ENOTFOUND","errno":-3008,"hostname":"sqs.us-east-1.amazonaws.com","syscall":"getaddrinfo"},"instanceId":"Abdullah-pc","level":"error","message":"Full error","service":"notification-worker-service","timestamp":"I7O8601","version":"1.0.0"}
{"environment":"development","error":"getaddrinfo ENOTFOUND sqs.us-east-1.amazonaws.com","instanceId":"Abdullah-pc","level":"error","message":"Error receiving messages","service":"worker-service","timestamp":"I8O8601","version":"1.0.0"}
{"environment":"development","error":{"$metadata":{"attempts":3,"totalRetryDelay":112},"code":"ENOTFOUND","errno":-3008,"hostname":"sqs.us-east-1.amazonaws.com","syscall":"getaddrinfo"},"instanceId":"Abdullah-pc","level":"error","message":"Full error","service":"worker-service","timestamp":"I8O8601","version":"1.0.0"}
{"environment":"development","error":"getaddrinfo ENOTFOUND sqs.us-east-1.amazonaws.com","instanceId":"Abdullah-pc","level":"error","message":"Error receiving messages","service":"notification-worker-service","timestamp":"I8O8601","version":"1.0.0"}
{"environment":"development","error":{"$metadata":{"attempts":3,"totalRetryDelay":97},"code":"ENOTFOUND","errno":-3008,"hostname":"sqs.us-east-1.amazonaws.com","syscall":"getaddrinfo"},"instanceId":"Abdullah-pc","level":"error","message":"Full error","service":"notification-worker-service","timestamp":"I8O8601","version":"1.0.0"}
{"environment":"development","error":"getaddrinfo ENOTFOUND sqs.us-east-1.amazonaws.com","instanceId":"Abdullah-pc","level":"error","message":"Error receiving messages","service":"notification-worker-service","timestamp":"I0O8601","version":"1.0.0"}
{"environment":"development","error":{"$metadata":{"attempts":3,"totalRetryDelay":196},"code":"ENOTFOUND","errno":-3008,"hostname":"sqs.us-east-1.amazonaws.com","syscall":"getaddrinfo"},"instanceId":"Abdullah-pc","level":"error","message":"Full error","service":"notification-worker-service","timestamp":"I0O8601","version":"1.0.0"}
{"environment":"development","error":"getaddrinfo ENOTFOUND sqs.us-east-1.amazonaws.com","instanceId":"Abdullah-pc","level":"error","message":"Error receiving messages","service":"worker-service","timestamp":"I1O8601","version":"1.0.0"}
{"environment":"development","error":{"$metadata":{"attempts":3,"totalRetryDelay":246},"code":"ENOTFOUND","errno":-3008,"hostname":"sqs.us-east-1.amazonaws.com","syscall":"getaddrinfo"},"instanceId":"Abdullah-pc","level":"error","message":"Full error","service":"worker-service","timestamp":"I1O8601","version":"1.0.0"}
{"environment":"development","error":"getaddrinfo ENOTFOUND sqs.us-east-1.amazonaws.com","instanceId":"Abdullah-pc","level":"error","message":"Error receiving messages","service":"notification-worker-service","timestamp":"I2O8601","version":"1.0.0"}
{"environment":"development","error":{"$metadata":{"attempts":3,"totalRetryDelay":111},"code":"ENOTFOUND","errno":-3008,"hostname":"sqs.us-east-1.amazonaws.com","syscall":"getaddrinfo"},"instanceId":"Abdullah-pc","level":"error","message":"Full error","service":"notification-worker-service","timestamp":"I2O8601","version":"1.0.0"}
{"environment":"development","error":"getaddrinfo ENOTFOUND sqs.us-east-1.amazonaws.com","instanceId":"Abdullah-pc","level":"error","message":"Error receiving messages","service":"worker-service","timestamp":"I3O8601","version":"1.0.0"}
{"environment":"development","error":{"$metadata":{"attempts":3,"totalRetryDelay":227},"code":"ENOTFOUND","errno":-3008,"hostname":"sqs.us-east-1.amazonaws.com","syscall":"getaddrinfo"},"instanceId":"Abdullah-pc","level":"error","message":"Full error","service":"worker-service","timestamp":"I3O8601","version":"1.0.0"}
{"environment":"development","error":"getaddrinfo ENOTFOUND sqs.us-east-1.amazonaws.com","instanceId":"Abdullah-pc","level":"error","message":"Error receiving messages","service":"worker-service","timestamp":"I4O8601","version":"1.0.0"}
{"environment":"development","error":{"$metadata":{"attempts":3,"totalRetryDelay":59},"code":"ENOTFOUND","errno":-3008,"hostname":"sqs.us-east-1.amazonaws.com","syscall":"getaddrinfo"},"instanceId":"Abdullah-pc","level":"error","message":"Full error","service":"worker-service","timestamp":"I4O8601","version":"1.0.0"}
{"environment":"development","error":"getaddrinfo ENOTFOUND sqs.us-east-1.amazonaws.com","instanceId":"Abdullah-pc","level":"error","message":"Error receiving messages","service":"notification-worker-service","timestamp":"I4O8601","version":"1.0.0"}
{"environment":"development","error":{"$metadata":{"attempts":3,"totalRetryDelay":232},"code":"ENOTFOUND","errno":-3008,"hostname":"sqs.us-east-1.amazonaws.com","syscall":"getaddrinfo"},"instanceId":"Abdullah-pc","level":"error","message":"Full error","service":"notification-worker-service","timestamp":"I4O8601","version":"1.0.0"}
{"environment":"development","error":"getaddrinfo ENOTFOUND sqs.us-east-1.amazonaws.com","instanceId":"Abdullah-pc","level":"error","message":"Error receiving messages","service":"worker-service","timestamp":"I6O8601","version":"1.0.0"}
{"environment":"development","error":{"$metadata":{"attempts":3,"totalRetryDelay":188},"code":"ENOTFOUND","errno":-3008,"hostname":"sqs.us-east-1.amazonaws.com","syscall":"getaddrinfo"},"instanceId":"Abdullah-pc","level":"error","message":"Full error","service":"worker-service","timestamp":"I6O8601","version":"1.0.0"}
{"environment":"development","error":"getaddrinfo ENOTFOUND sqs.us-east-1.amazonaws.com","instanceId":"Abdullah-pc","level":"error","message":"Error receiving messages","service":"notification-worker-service","timestamp":"I6O8601","version":"1.0.0"}
{"environment":"development","error":{"$metadata":{"attempts":3,"totalRetryDelay":191},"code":"ENOTFOUND","errno":-3008,"hostname":"sqs.us-east-1.amazonaws.com","syscall":"getaddrinfo"},"instanceId":"Abdullah-pc","level":"error","message":"Full error","service":"notification-worker-service","timestamp":"I6O8601","version":"1.0.0"}
{"environment":"development","error":"getaddrinfo ENOTFOUND sqs.us-east-1.amazonaws.com","instanceId":"Abdullah-pc","level":"error","message":"Error receiving messages","service":"notification-worker-service","timestamp":"I7O8601","version":"1.0.0"}
{"environment":"development","error":{"$metadata":{"attempts":3,"totalRetryDelay":27},"code":"ENOTFOUND","errno":-3008,"hostname":"sqs.us-east-1.amazonaws.com","syscall":"getaddrinfo"},"instanceId":"Abdullah-pc","level":"error","message":"Full error","service":"notification-worker-service","timestamp":"I7O8601","version":"1.0.0"}
{"environment":"development","error":"getaddrinfo ENOTFOUND sqs.us-east-1.amazonaws.com","instanceId":"Abdullah-pc","level":"error","message":"Error receiving messages","service":"worker-service","timestamp":"I8O8601","version":"1.0.0"}
{"environment":"development","error":{"$metadata":{"attempts":3,"totalRetryDelay":93},"code":"ENOTFOUND","errno":-3008,"hostname":"sqs.us-east-1.amazonaws.com","syscall":"getaddrinfo"},"instanceId":"Abdullah-pc","level":"error","message":"Full error","service":"worker-service","timestamp":"I8O8601","version":"1.0.0"}
{"environment":"development","error":"getaddrinfo ENOTFOUND sqs.us-east-1.amazonaws.com","instanceId":"Abdullah-pc","level":"error","message":"Error receiving messages","service":"notification-worker-service","timestamp":"I9O8601","version":"1.0.0"}
{"environment":"development","error":{"$metadata":{"attempts":3,"totalRetryDelay":120},"code":"ENOTFOUND","errno":-3008,"hostname":"sqs.us-east-1.amazonaws.com","syscall":"getaddrinfo"},"instanceId":"Abdullah-pc","level":"error","message":"Full error","service":"notification-worker-service","timestamp":"I9O8601","version":"1.0.0"}
{"environment":"development","error":"getaddrinfo ENOTFOUND sqs.us-east-1.amazonaws.com","instanceId":"Abdullah-pc","level":"error","message":"Error receiving messages","service":"worker-service","timestamp":"I9O8601","version":"1.0.0"}
{"environment":"development","error":{"$metadata":{"attempts":3,"totalRetryDelay":117},"code":"ENOTFOUND","errno":-3008,"hostname":"sqs.us-east-1.amazonaws.com","syscall":"getaddrinfo"},"instanceId":"Abdullah-pc","level":"error","message":"Full error","service":"worker-service","timestamp":"I9O8601","version":"1.0.0"}
{"environment":"development","error":"getaddrinfo ENOTFOUND sqs.us-east-1.amazonaws.com","instanceId":"Abdullah-pc","level":"error","message":"Error receiving messages","service":"notification-worker-service","timestamp":"I2O8601","version":"1.0.0"}
{"environment":"development","error":{"$metadata":{"attempts":3,"totalRetryDelay":266},"code":"ENOTFOUND","errno":-3008,"hostname":"sqs.us-east-1.amazonaws.com","syscall":"getaddrinfo"},"instanceId":"Abdullah-pc","level":"error","message":"Full error","service":"notification-worker-service","timestamp":"I2O8601","version":"1.0.0"}
{"environment":"development","error":"getaddrinfo ENOTFOUND sqs.us-east-1.amazonaws.com","instanceId":"Abdullah-pc","level":"error","message":"Error receiving messages","service":"worker-service","timestamp":"I2O8601","version":"1.0.0"}
{"environment":"development","error":{"$metadata":{"attempts":3,"totalRetryDelay":209},"code":"ENOTFOUND","errno":-3008,"hostname":"sqs.us-east-1.amazonaws.com","syscall":"getaddrinfo"},"instanceId":"Abdullah-pc","level":"error","message":"Full error","service":"worker-service","timestamp":"I2O8601","version":"1.0.0"}
{"environment":"development","error":"getaddrinfo ENOTFOUND sqs.us-east-1.amazonaws.com","instanceId":"Abdullah-pc","level":"error","message":"Error receiving messages","service":"worker-service","timestamp":"I4O8601","version":"1.0.0"}
{"environment":"development","error":{"$metadata":{"attempts":3,"totalRetryDelay":161},"code":"ENOTFOUND","errno":-3008,"hostname":"sqs.us-east-1.amazonaws.com","syscall":"getaddrinfo"},"instanceId":"Abdullah-pc","level":"error","message":"Full error","service":"worker-service","timestamp":"I4O8601","version":"1.0.0"}
{"environment":"development","error":"getaddrinfo ENOTFOUND sqs.us-east-1.amazonaws.com","instanceId":"Abdullah-pc","level":"error","message":"Error receiving messages","service":"notification-worker-service","timestamp":"I4O8601","version":"1.0.0"}
{"environment":"development","error":"getaddrinfo ENOTFOUND sqs.us-east-1.amazonaws.com","instanceId":"Abdullah-pc","level":"error","message":"Error receiving messages","service":"worker-service","timestamp":"I4O8601","version":"1.0.0"}
{"environment":"development","error":{"$metadata":{"attempts":3,"totalRetryDelay":274},"code":"ENOTFOUND","errno":-3008,"hostname":"sqs.us-east-1.amazonaws.com","syscall":"getaddrinfo"},"instanceId":"Abdullah-pc","level":"error","message":"Full error","service":"notification-worker-service","timestamp":"I4O8601","version":"1.0.0"}
{"environment":"development","error":{"$metadata":{"attempts":3,"totalRetryDelay":25},"code":"ENOTFOUND","errno":-3008,"hostname":"sqs.us-east-1.amazonaws.com","syscall":"getaddrinfo"},"instanceId":"Abdullah-pc","level":"error","message":"Full error","service":"worker-service","timestamp":"I4O8601","version":"1.0.0"}
{"environment":"development","error":"getaddrinfo ENOTFOUND sqs.us-east-1.amazonaws.com","instanceId":"Abdullah-pc","level":"error","message":"Error receiving messages","service":"notification-worker-service","timestamp":"I7O8601","version":"1.0.0"}
{"environment":"development","error":{"$metadata":{"attempts":3,"totalRetryDelay":172},"code":"ENOTFOUND","errno":-3008,"hostname":"sqs.us-east-1.amazonaws.com","syscall":"getaddrinfo"},"instanceId":"Abdullah-pc","level":"error","message":"Full error","service":"notification-worker-service","timestamp":"I7O8601","version":"1.0.0"}
{"environment":"development","error":"getaddrinfo ENOTFOUND sqs.us-east-1.amazonaws.com","instanceId":"Abdullah-pc","level":"error","message":"Error receiving messages","service":"worker-service","timestamp":"I8O8601","version":"1.0.0"}
{"environment":"development","error":{"$metadata":{"attempts":3,"totalRetryDelay":293},"code":"ENOTFOUND","errno":-3008,"hostname":"sqs.us-east-1.amazonaws.com","syscall":"getaddrinfo"},"instanceId":"Abdullah-pc","level":"error","message":"Full error","service":"worker-service","timestamp":"I8O8601","version":"1.0.0"}
{"environment":"development","error":"getaddrinfo ENOTFOUND sqs.us-east-1.amazonaws.com","instanceId":"Abdullah-pc","level":"error","message":"Error receiving messages","service":"notification-worker-service","timestamp":"I8O8601","version":"1.0.0"}
{"environment":"development","error":{"$metadata":{"attempts":3,"totalRetryDelay":175},"code":"ENOTFOUND","errno":-3008,"hostname":"sqs.us-east-1.amazonaws.com","syscall":"getaddrinfo"},"instanceId":"Abdullah-pc","level":"error","message":"Full error","service":"notification-worker-service","timestamp":"I9O8601","version":"1.0.0"}
{"environment":"development","error":"getaddrinfo ENOTFOUND sqs.us-east-1.amazonaws.com","instanceId":"Abdullah-pc","level":"error","message":"Error receiving messages","service":"worker-service","timestamp":"I9O8601","version":"1.0.0"}
{"environment":"development","error":{"$metadata":{"attempts":3,"totalRetryDelay":89},"code":"ENOTFOUND","errno":-3008,"hostname":"sqs.us-east-1.amazonaws.com","syscall":"getaddrinfo"},"instanceId":"Abdullah-pc","level":"error","message":"Full error","service":"worker-service","timestamp":"I9O8601","version":"1.0.0"}
{"environment":"development","error":"getaddrinfo ENOTFOUND sqs.us-east-1.amazonaws.com","instanceId":"Abdullah-pc","level":"error","message":"Error receiving messages","service":"notification-worker-service","timestamp":"I1O8601","version":"1.0.0"}
{"environment":"development","error":{"$metadata":{"attempts":3,"totalRetryDelay":195},"code":"ENOTFOUND","errno":-3008,"hostname":"sqs.us-east-1.amazonaws.com","syscall":"getaddrinfo"},"instanceId":"Abdullah-pc","level":"error","message":"Full error","service":"notification-worker-service","timestamp":"I1O8601","version":"1.0.0"}
{"environment":"development","error":"getaddrinfo ENOTFOUND sqs.us-east-1.amazonaws.com","instanceId":"Abdullah-pc","level":"error","message":"Error receiving messages","service":"worker-service","timestamp":"I1O8601","version":"1.0.0"}
{"environment":"development","error":{"$metadata":{"attempts":3,"totalRetryDelay":204},"code":"ENOTFOUND","errno":-3008,"hostname":"sqs.us-east-1.amazonaws.com","syscall":"getaddrinfo"},"instanceId":"Abdullah-pc","level":"error","message":"Full error","service":"worker-service","timestamp":"I1O8601","version":"1.0.0"}
{"environment":"development","error":"getaddrinfo ENOTFOUND sqs.us-east-1.amazonaws.com","instanceId":"Abdullah-pc","level":"error","message":"Error receiving messages","service":"notification-worker-service","timestamp":"I3O8601","version":"1.0.0"}
{"environment":"development","error":"getaddrinfo ENOTFOUND sqs.us-east-1.amazonaws.com","instanceId":"Abdullah-pc","level":"error","message":"Error receiving messages","service":"worker-service","timestamp":"I3O8601","version":"1.0.0"}
{"environment":"development","error":{"$metadata":{"attempts":3,"totalRetryDelay":248},"code":"ENOTFOUND","errno":-3008,"hostname":"sqs.us-east-1.amazonaws.com","syscall":"getaddrinfo"},"instanceId":"Abdullah-pc","level":"error","message":"Full error","service":"notification-worker-service","timestamp":"I3O8601","version":"1.0.0"}
{"environment":"development","error":{"$metadata":{"attempts":3,"totalRetryDelay":183},"code":"ENOTFOUND","errno":-3008,"hostname":"sqs.us-east-1.amazonaws.com","syscall":"getaddrinfo"},"instanceId":"Abdullah-pc","level":"error","message":"Full error","service":"worker-service","timestamp":"I3O8601","version":"1.0.0"}
{"environment":"development","error":"getaddrinfo ENOTFOUND sqs.us-east-1.amazonaws.com","instanceId":"Abdullah-pc","level":"error","message":"Error receiving messages","service":"worker-service","timestamp":"I5O8601","version":"1.0.0"}
{"environment":"development","error":{"$metadata":{"attempts":3,"totalRetryDelay":72},"code":"ENOTFOUND","errno":-3008,"hostname":"sqs.us-east-1.amazonaws.com","syscall":"getaddrinfo"},"instanceId":"Abdullah-pc","level":"error","message":"Full error","service":"worker-service","timestamp":"I5O8601","version":"1.0.0"}
{"environment":"development","error":"getaddrinfo ENOTFOUND sqs.us-east-1.amazonaws.com","instanceId":"Abdullah-pc","level":"error","message":"Error receiving messages","service":"notification-worker-service","timestamp":"I6O8601","version":"1.0.0"}
{"environment":"development","error":{"$metadata":{"attempts":3,"totalRetryDelay":196},"code":"ENOTFOUND","errno":-3008,"hostname":"sqs.us-east-1.amazonaws.com","syscall":"getaddrinfo"},"instanceId":"Abdullah-pc","level":"error","message":"Full error","service":"notification-worker-service","timestamp":"I6O8601","version":"1.0.0"}
{"environment":"development","error":"getaddrinfo ENOTFOUND sqs.us-east-1.amazonaws.com","instanceId":"Abdullah-pc","level":"error","message":"Error receiving messages","service":"worker-service","timestamp":"I6O8601","version":"1.0.0"}
{"environment":"development","error":{"$metadata":{"attempts":3,"totalRetryDelay":101},"code":"ENOTFOUND","errno":-3008,"hostname":"sqs.us-east-1.amazonaws.com","syscall":"getaddrinfo"},"instanceId":"Abdullah-pc","level":"error","message":"Full error","service":"worker-service","timestamp":"I6O8601","version":"1.0.0"}
{"environment":"development","error":"getaddrinfo ENOTFOUND sqs.us-east-1.amazonaws.com","instanceId":"Abdullah-pc","level":"error","message":"Error receiving messages","service":"notification-worker-service","timestamp":"I7O8601","version":"1.0.0"}
{"environment":"development","error":{"$metadata":{"attempts":3,"totalRetryDelay":54},"code":"ENOTFOUND","errno":-3008,"hostname":"sqs.us-east-1.amazonaws.com","syscall":"getaddrinfo"},"instanceId":"Abdullah-pc","level":"error","message":"Full error","service":"notification-worker-service","timestamp":"I7O8601","version":"1.0.0"}
{"environment":"development","error":"getaddrinfo ENOTFOUND sqs.us-east-1.amazonaws.com","instanceId":"Abdullah-pc","level":"error","message":"Error receiving messages","service":"worker-service","timestamp":"I7O8601","version":"1.0.0"}
{"environment":"development","error":{"$metadata":{"attempts":3,"totalRetryDelay":74},"code":"ENOTFOUND","errno":-3008,"hostname":"sqs.us-east-1.amazonaws.com","syscall":"getaddrinfo"},"instanceId":"Abdullah-pc","level":"error","message":"Full error","service":"worker-service","timestamp":"I7O8601","version":"1.0.0"}
{"environment":"development","error":"getaddrinfo ENOTFOUND sqs.us-east-1.amazonaws.com","instanceId":"Abdullah-pc","level":"error","message":"Error receiving messages","service":"worker-service","timestamp":"I9O8601","version":"1.0.0"}
{"environment":"development","error":{"$metadata":{"attempts":3,"totalRetryDelay":159},"code":"ENOTFOUND","errno":-3008,"hostname":"sqs.us-east-1.amazonaws.com","syscall":"getaddrinfo"},"instanceId":"Abdullah-pc","level":"error","message":"Full error","service":"worker-service","timestamp":"I9O8601","version":"1.0.0"}
{"environment":"development","error":"getaddrinfo ENOTFOUND sqs.us-east-1.amazonaws.com","instanceId":"Abdullah-pc","level":"error","message":"Error receiving messages","service":"notification-worker-service","timestamp":"I10O8601","version":"1.0.0"}
{"environment":"development","error":{"$metadata":{"attempts":3,"totalRetryDelay":253},"code":"ENOTFOUND","errno":-3008,"hostname":"sqs.us-east-1.amazonaws.com","syscall":"getaddrinfo"},"instanceId":"Abdullah-pc","level":"error","message":"Full error","service":"notification-worker-service","timestamp":"I10O8601","version":"1.0.0"}
{"environment":"development","error":"getaddrinfo ENOTFOUND sqs.us-east-1.amazonaws.com","instanceId":"Abdullah-pc","level":"error","message":"Error receiving messages","service":"worker-service","timestamp":"I1O8601","version":"1.0.0"}
{"environment":"development","error":{"$metadata":{"attempts":3,"totalRetryDelay":214},"code":"ENOTFOUND","errno":-3008,"hostname":"sqs.us-east-1.amazonaws.com","syscall":"getaddrinfo"},"instanceId":"Abdullah-pc","level":"error","message":"Full error","service":"worker-service","timestamp":"I1O8601","version":"1.0.0"}
{"environment":"development","error":"getaddrinfo ENOTFOUND sqs.us-east-1.amazonaws.com","instanceId":"Abdullah-pc","level":"error","message":"Error receiving messages","service":"notification-worker-service","timestamp":"I2O8601","version":"1.0.0"}
{"environment":"development","error":{"$metadata":{"attempts":3,"totalRetryDelay":195},"code":"ENOTFOUND","errno":-3008,"hostname":"sqs.us-east-1.amazonaws.com","syscall":"getaddrinfo"},"instanceId":"Abdullah-pc","level":"error","message":"Full error","service":"notification-worker-service","timestamp":"I2O8601","version":"1.0.0"}
{"environment":"development","error":"getaddrinfo ENOTFOUND sqs.us-east-1.amazonaws.com","instanceId":"Abdullah-pc","level":"error","message":"Error receiving messages","service":"worker-service","timestamp":"I4O8601","version":"1.0.0"}
{"environment":"development","error":{"$metadata":{"attempts":3,"totalRetryDelay":194},"code":"ENOTFOUND","errno":-3008,"hostname":"sqs.us-east-1.amazonaws.com","syscall":"getaddrinfo"},"instanceId":"Abdullah-pc","level":"error","message":"Full error","service":"worker-service","timestamp":"I4O8601","version":"1.0.0"}
{"environment":"development","error":"getaddrinfo ENOTFOUND sqs.us-east-1.amazonaws.com","instanceId":"Abdullah-pc","level":"error","message":"Error receiving messages","service":"notification-worker-service","timestamp":"I4O8601","version":"1.0.0"}
{"environment":"development","error":{"$metadata":{"attempts":3,"totalRetryDelay":212},"code":"ENOTFOUND","errno":-3008,"hostname":"sqs.us-east-1.amazonaws.com","syscall":"getaddrinfo"},"instanceId":"Abdullah-pc","level":"error","message":"Full error","service":"notification-worker-service","timestamp":"I4O8601","version":"1.0.0"}
{"environment":"development","error":"getaddrinfo ENOTFOUND sqs.us-east-1.amazonaws.com","instanceId":"Abdullah-pc","level":"error","message":"Error receiving messages","service":"worker-service","timestamp":"I4O8601","version":"1.0.0"}
{"environment":"development","error":{"$metadata":{"attempts":3,"totalRetryDelay":35},"code":"ENOTFOUND","errno":-3008,"hostname":"sqs.us-east-1.amazonaws.com","syscall":"getaddrinfo"},"instanceId":"Abdullah-pc","level":"error","message":"Full error","service":"worker-service","timestamp":"I4O8601","version":"1.0.0"}
{"environment":"development","error":"getaddrinfo ENOTFOUND sqs.us-east-1.amazonaws.com","instanceId":"Abdullah-pc","level":"error","message":"Error receiving messages","service":"worker-service","timestamp":"I5O8601","version":"1.0.0"}
{"environment":"development","error":{"$metadata":{"attempts":3,"totalRetryDelay":29},"code":"ENOTFOUND","errno":-3008,"hostname":"sqs.us-east-1.amazonaws.com","syscall":"getaddrinfo"},"instanceId":"Abdullah-pc","level":"error","message":"Full error","service":"worker-service","timestamp":"I5O8601","version":"1.0.0"}
{"environment":"development","error":"getaddrinfo ENOTFOUND sqs.us-east-1.amazonaws.com","instanceId":"Abdullah-pc","level":"error","message":"Error receiving messages","service":"notification-worker-service","timestamp":"I6O8601","version":"1.0.0"}
{"environment":"development","error":{"$metadata":{"attempts":3,"totalRetryDelay":159},"code":"ENOTFOUND","errno":-3008,"hostname":"sqs.us-east-1.amazonaws.com","syscall":"getaddrinfo"},"instanceId":"Abdullah-pc","level":"error","message":"Full error","service":"notification-worker-service","timestamp":"I6O8601","version":"1.0.0"}
{"environment":"development","error":"getaddrinfo ENOTFOUND sqs.us-east-1.amazonaws.com","instanceId":"Abdullah-pc","level":"error","message":"Error receiving messages","service":"worker-service","timestamp":"I7O8601","version":"1.0.0"}
{"environment":"development","error":{"$metadata":{"attempts":3,"totalRetryDelay":135},"code":"ENOTFOUND","errno":-3008,"hostname":"sqs.us-east-1.amazonaws.com","syscall":"getaddrinfo"},"instanceId":"Abdullah-pc","level":"error","message":"Full error","service":"worker-service","timestamp":"I7O8601","version":"1.0.0"}
{"environment":"development","error":"getaddrinfo ENOTFOUND sqs.us-east-1.amazonaws.com","instanceId":"Abdullah-pc","level":"error","message":"Error receiving messages","service":"notification-worker-service","timestamp":"I8O8601","version":"1.0.0"}
{"environment":"development","error":{"$metadata":{"attempts":3,"totalRetryDelay":183},"code":"ENOTFOUND","errno":-3008,"hostname":"sqs.us-east-1.amazonaws.com","syscall":"getaddrinfo"},"instanceId":"Abdullah-pc","level":"error","message":"Full error","service":"notification-worker-service","timestamp":"I8O8601","version":"1.0.0"}
{"environment":"development","error":"getaddrinfo ENOTFOUND sqs.us-east-1.amazonaws.com","instanceId":"Abdullah-pc","level":"error","message":"Error receiving messages","service":"worker-service","timestamp":"I9O8601","version":"1.0.0"}
{"environment":"development","error":{"$metadata":{"attempts":3,"totalRetryDelay":229},"code":"ENOTFOUND","errno":-3008,"hostname":"sqs.us-east-1.amazonaws.com","syscall":"getaddrinfo"},"instanceId":"Abdullah-pc","level":"error","message":"Full error","service":"worker-service","timestamp":"I9O8601","version":"1.0.0"}
{"environment":"development","error":"getaddrinfo ENOTFOUND sqs.us-east-1.amazonaws.com","instanceId":"Abdullah-pc","level":"error","message":"Error receiving messages","service":"notification-worker-service","timestamp":"I0O8601","version":"1.0.0"}
{"environment":"development","error":{"$metadata":{"attempts":3,"totalRetryDelay":180},"code":"ENOTFOUND","errno":-3008,"hostname":"sqs.us-east-1.amazonaws.com","syscall":"getaddrinfo"},"instanceId":"Abdullah-pc","level":"error","message":"Full error","service":"notification-worker-service","timestamp":"I0O8601","version":"1.0.0"}
{"environment":"development","error":"getaddrinfo ENOTFOUND sqs.us-east-1.amazonaws.com","instanceId":"Abdullah-pc","level":"error","message":"Error receiving messages","service":"worker-service","timestamp":"I1O8601","version":"1.0.0"}
{"environment":"development","error":{"$metadata":{"attempts":3,"totalRetryDelay":109},"code":"ENOTFOUND","errno":-3008,"hostname":"sqs.us-east-1.amazonaws.com","syscall":"getaddrinfo"},"instanceId":"Abdullah-pc","level":"error","message":"Full error","service":"worker-service","timestamp":"I1O8601","version":"1.0.0"}
{"environment":"development","error":"getaddrinfo ENOTFOUND sqs.us-east-1.amazonaws.com","instanceId":"Abdullah-pc","level":"error","message":"Error receiving messages","service":"worker-service","timestamp":"I3O8601","version":"1.0.0"}
{"environment":"development","error":{"$metadata":{"attempts":3,"totalRetryDelay":136},"code":"ENOTFOUND","errno":-3008,"hostname":"sqs.us-east-1.amazonaws.com","syscall":"getaddrinfo"},"instanceId":"Abdullah-pc","level":"error","message":"Full error","service":"worker-service","timestamp":"I3O8601","version":"1.0.0"}
{"environment":"development","error":"getaddrinfo ENOTFOUND sqs.us-east-1.amazonaws.com","instanceId":"Abdullah-pc","level":"error","message":"Error receiving messages","service":"notification-worker-service","timestamp":"I3O8601","version":"1.0.0"}
{"environment":"development","error":{"$metadata":{"attempts":3,"totalRetryDelay":218},"code":"ENOTFOUND","errno":-3008,"hostname":"sqs.us-east-1.amazonaws.com","syscall":"getaddrinfo"},"instanceId":"Abdullah-pc","level":"error","message":"Full error","service":"notification-worker-service","timestamp":"I3O8601","version":"1.0.0"}
{"environment":"development","error":"getaddrinfo ENOTFOUND sqs.us-east-1.amazonaws.com","instanceId":"Abdullah-pc","level":"error","message":"Error receiving messages","service":"worker-service","timestamp":"I4O8601","version":"1.0.0"}
{"environment":"development","error":{"$metadata":{"attempts":3,"totalRetryDelay":72},"code":"ENOTFOUND","errno":-3008,"hostname":"sqs.us-east-1.amazonaws.com","syscall":"getaddrinfo"},"instanceId":"Abdullah-pc","level":"error","message":"Full error","service":"worker-service","timestamp":"I4O8601","version":"1.0.0"}
{"environment":"development","error":"getaddrinfo ENOTFOUND sqs.us-east-1.amazonaws.com","instanceId":"Abdullah-pc","level":"error","message":"Error receiving messages","service":"notification-worker-service","timestamp":"I4O8601","version":"1.0.0"}
{"environment":"development","error":{"$metadata":{"attempts":3,"totalRetryDelay":81},"code":"ENOTFOUND","errno":-3008,"hostname":"sqs.us-east-1.amazonaws.com","syscall":"getaddrinfo"},"instanceId":"Abdullah-pc","level":"error","message":"Full error","service":"notification-worker-service","timestamp":"I4O8601","version":"1.0.0"}
{"environment":"development","error":"getaddrinfo ENOTFOUND sqs.us-east-1.amazonaws.com","instanceId":"Abdullah-pc","level":"error","message":"Error receiving messages","service":"worker-service","timestamp":"I5O8601","version":"1.0.0"}
{"environment":"development","error":{"$metadata":{"attempts":3,"totalRetryDelay":86},"code":"ENOTFOUND","errno":-3008,"hostname":"sqs.us-east-1.amazonaws.com","syscall":"getaddrinfo"},"instanceId":"Abdullah-pc","level":"error","message":"Full error","service":"worker-service","timestamp":"I5O8601","version":"1.0.0"}
{"environment":"development","error":"getaddrinfo ENOTFOUND sqs.us-east-1.amazonaws.com","instanceId":"Abdullah-pc","level":"error","message":"Error receiving messages","service":"notification-worker-service","timestamp":"I5O8601","version":"1.0.0"}
{"environment":"development","error":{"$metadata":{"attempts":3,"totalRetryDelay":80},"code":"ENOTFOUND","errno":-3008,"hostname":"sqs.us-east-1.amazonaws.com","syscall":"getaddrinfo"},"instanceId":"Abdullah-pc","level":"error","message":"Full error","service":"notification-worker-service","timestamp":"I5O8601","version":"1.0.0"}
{"environment":"development","error":"getaddrinfo ENOTFOUND sqs.us-east-1.amazonaws.com","instanceId":"Abdullah-pc","level":"error","message":"Error receiving messages","service":"worker-service","timestamp":"I7O8601","version":"1.0.0"}
{"environment":"development","error":{"$metadata":{"attempts":3,"totalRetryDelay":238},"code":"ENOTFOUND","errno":-3008,"hostname":"sqs.us-east-1.amazonaws.com","syscall":"getaddrinfo"},"instanceId":"Abdullah-pc","level":"error","message":"Full error","service":"worker-service","timestamp":"I7O8601","version":"1.0.0"}
{"environment":"development","error":"getaddrinfo ENOTFOUND sqs.us-east-1.amazonaws.com","instanceId":"Abdullah-pc","level":"error","message":"Error receiving messages","service":"notification-worker-service","timestamp":"I8O8601","version":"1.0.0"}
{"environment":"development","error":{"$metadata":{"attempts":3,"totalRetryDelay":196},"code":"ENOTFOUND","errno":-3008,"hostname":"sqs.us-east-1.amazonaws.com","syscall":"getaddrinfo"},"instanceId":"Abdullah-pc","level":"error","message":"Full error","service":"notification-worker-service","timestamp":"I8O8601","version":"1.0.0"}
{"environment":"development","error":"getaddrinfo ENOTFOUND sqs.us-east-1.amazonaws.com","instanceId":"Abdullah-pc","level":"error","message":"Error receiving messages","service":"notification-worker-service","timestamp":"I9O8601","version":"1.0.0"}
{"environment":"development","error":{"$metadata":{"attempts":3,"totalRetryDelay":75},"code":"ENOTFOUND","errno":-3008,"hostname":"sqs.us-east-1.amazonaws.com","syscall":"getaddrinfo"},"instanceId":"Abdullah-pc","level":"error","message":"Full error","service":"notification-worker-service","timestamp":"I9O8601","version":"1.0.0"}
{"environment":"development","error":"getaddrinfo ENOTFOUND sqs.us-east-1.amazonaws.com","instanceId":"Abdullah-pc","level":"error","message":"Error receiving messages","service":"worker-service","timestamp":"I10O8601","version":"1.0.0"}
{"environment":"development","error":{"$metadata":{"attempts":3,"totalRetryDelay":208},"code":"ENOTFOUND","errno":-3008,"hostname":"sqs.us-east-1.amazonaws.com","syscall":"getaddrinfo"},"instanceId":"Abdullah-pc","level":"error","message":"Full error","service":"worker-service","timestamp":"I10O8601","version":"1.0.0"}
{"environment":"development","error":"getaddrinfo ENOTFOUND sqs.us-east-1.amazonaws.com","instanceId":"Abdullah-pc","level":"error","message":"Error receiving messages","service":"notification-worker-service","timestamp":"I0O8601","version":"1.0.0"}
{"environment":"development","error":{"$metadata":{"attempts":3,"totalRetryDelay":115},"code":"ENOTFOUND","errno":-3008,"hostname":"sqs.us-east-1.amazonaws.com","syscall":"getaddrinfo"},"instanceId":"Abdullah-pc","level":"error","message":"Full error","service":"notification-worker-service","timestamp":"I0O8601","version":"1.0.0"}
{"environment":"development","error":"getaddrinfo ENOTFOUND sqs.us-east-1.amazonaws.com","instanceId":"Abdullah-pc","level":"error","message":"Error receiving messages","service":"worker-service","timestamp":"I1O8601","version":"1.0.0"}
{"environment":"development","error":{"$metadata":{"attempts":3,"totalRetryDelay":134},"code":"ENOTFOUND","errno":-3008,"hostname":"sqs.us-east-1.amazonaws.com","syscall":"getaddrinfo"},"instanceId":"Abdullah-pc","level":"error","message":"Full error","service":"worker-service","timestamp":"I1O8601","version":"1.0.0"}
{"environment":"development","error":"getaddrinfo ENOTFOUND sqs.us-east-1.amazonaws.com","instanceId":"Abdullah-pc","level":"error","message":"Error receiving messages","service":"worker-service","timestamp":"I3O8601","version":"1.0.0"}
{"environment":"development","error":"getaddrinfo ENOTFOUND sqs.us-east-1.amazonaws.com","instanceId":"Abdullah-pc","level":"error","message":"Error receiving messages","service":"notification-worker-service","timestamp":"I3O8601","version":"1.0.0"}
{"environment":"development","error":{"$metadata":{"attempts":3,"totalRetryDelay":99},"code":"ENOTFOUND","errno":-3008,"hostname":"sqs.us-east-1.amazonaws.com","syscall":"getaddrinfo"},"instanceId":"Abdullah-pc","level":"error","message":"Full error","service":"worker-service","timestamp":"I3O8601","version":"1.0.0"}
{"environment":"development","error":{"$metadata":{"attempts":3,"totalRetryDelay":234},"code":"ENOTFOUND","errno":-3008,"hostname":"sqs.us-east-1.amazonaws.com","syscall":"getaddrinfo"},"instanceId":"Abdullah-pc","level":"error","message":"Full error","service":"notification-worker-service","timestamp":"I3O8601","version":"1.0.0"}
{"environment":"development","error":"getaddrinfo ENOTFOUND sqs.us-east-1.amazonaws.com","instanceId":"Abdullah-pc","level":"error","message":"Error receiving messages","service":"worker-service","timestamp":"I5O8601","version":"1.0.0"}
{"environment":"development","error":{"$metadata":{"attempts":3,"totalRetryDelay":195},"code":"ENOTFOUND","errno":-3008,"hostname":"sqs.us-east-1.amazonaws.com","syscall":"getaddrinfo"},"instanceId":"Abdullah-pc","level":"error","message":"Full error","service":"worker-service","timestamp":"I5O8601","version":"1.0.0"}
{"environment":"development","error":"getaddrinfo ENOTFOUND sqs.us-east-1.amazonaws.com","instanceId":"Abdullah-pc","level":"error","message":"Error receiving messages","service":"notification-worker-service","timestamp":"I5O8601","version":"1.0.0"}
{"environment":"development","error":{"$metadata":{"attempts":3,"totalRetryDelay":222},"code":"ENOTFOUND","errno":-3008,"hostname":"sqs.us-east-1.amazonaws.com","syscall":"getaddrinfo"},"instanceId":"Abdullah-pc","level":"error","message":"Full error","service":"notification-worker-service","timestamp":"I5O8601","version":"1.0.0"}
{"environment":"development","error":"getaddrinfo ENOTFOUND sqs.us-east-1.amazonaws.com","instanceId":"Abdullah-pc","level":"error","message":"Error receiving messages","service":"worker-service","timestamp":"I6O8601","version":"1.0.0"}
{"environment":"development","error":{"$metadata":{"attempts":3,"totalRetryDelay":114},"code":"ENOTFOUND","errno":-3008,"hostname":"sqs.us-east-1.amazonaws.com","syscall":"getaddrinfo"},"instanceId":"Abdullah-pc","level":"error","message":"Full error","service":"worker-service","timestamp":"I6O8601","version":"1.0.0"}
{"environment":"development","error":"getaddrinfo ENOTFOUND sqs.us-east-1.amazonaws.com","instanceId":"Abdullah-pc","level":"error","message":"Error receiving messages","service":"notification-worker-service","timestamp":"I7O8601","version":"1.0.0"}
{"environment":"development","error":{"$metadata":{"attempts":3,"totalRetryDelay":139},"code":"ENOTFOUND","errno":-3008,"hostname":"sqs.us-east-1.amazonaws.com","syscall":"getaddrinfo"},"instanceId":"Abdullah-pc","level":"error","message":"Full error","service":"notification-worker-service","timestamp":"I7O8601","version":"1.0.0"}
{"environment":"development","error":"getaddrinfo ENOTFOUND sqs.us-east-1.amazonaws.com","instanceId":"Abdullah-pc","level":"error","message":"Error receiving messages","service":"worker-service","timestamp":"I8O8601","version":"1.0.0"}
{"environment":"development","error":{"$metadata":{"attempts":3,"totalRetryDelay":131},"code":"ENOTFOUND","errno":-3008,"hostname":"sqs.us-east-1.amazonaws.com","syscall":"getaddrinfo"},"instanceId":"Abdullah-pc","level":"error","message":"Full error","service":"worker-service","timestamp":"I8O8601","version":"1.0.0"}
{"environment":"development","error":"getaddrinfo ENOTFOUND sqs.us-east-1.amazonaws.com","instanceId":"Abdullah-pc","level":"error","message":"Error receiving messages","service":"notification-worker-service","timestamp":"I10O8601","version":"1.0.0"}
{"environment":"development","error":{"$metadata":{"attempts":3,"totalRetryDelay":211},"code":"ENOTFOUND","errno":-3008,"hostname":"sqs.us-east-1.amazonaws.com","syscall":"getaddrinfo"},"instanceId":"Abdullah-pc","level":"error","message":"Full error","service":"notification-worker-service","timestamp":"I10O8601","version":"1.0.0"}
{"environment":"development","error":"getaddrinfo ENOTFOUND sqs.us-east-1.amazonaws.com","instanceId":"Abdullah-pc","level":"error","message":"Error receiving messages","service":"worker-service","timestamp":"I0O8601","version":"1.0.0"}
{"environment":"development","error":{"$metadata":{"attempts":3,"totalRetryDelay":220},"code":"ENOTFOUND","errno":-3008,"hostname":"sqs.us-east-1.amazonaws.com","syscall":"getaddrinfo"},"instanceId":"Abdullah-pc","level":"error","message":"Full error","service":"worker-service","timestamp":"I0O8601","version":"1.0.0"}
{"environment":"development","error":"getaddrinfo ENOTFOUND sqs.us-east-1.amazonaws.com","instanceId":"Abdullah-pc","level":"error","message":"Error receiving messages","service":"notification-worker-service","timestamp":"I1O8601","version":"1.0.0"}
{"environment":"development","error":{"$metadata":{"attempts":3,"totalRetryDelay":133},"code":"ENOTFOUND","errno":-3008,"hostname":"sqs.us-east-1.amazonaws.com","syscall":"getaddrinfo"},"instanceId":"Abdullah-pc","level":"error","message":"Full error","service":"notification-worker-service","timestamp":"I1O8601","version":"1.0.0"}
{"environment":"development","error":"getaddrinfo ENOTFOUND sqs.us-east-1.amazonaws.com","instanceId":"Abdullah-pc","level":"error","message":"Error receiving messages","service":"worker-service","timestamp":"I2O8601","version":"1.0.0"}
{"environment":"development","error":{"$metadata":{"attempts":3,"totalRetryDelay":100},"code":"ENOTFOUND","errno":-3008,"hostname":"sqs.us-east-1.amazonaws.com","syscall":"getaddrinfo"},"instanceId":"Abdullah-pc","level":"error","message":"Full error","service":"worker-service","timestamp":"I2O8601","version":"1.0.0"}
{"environment":"development","error":"getaddrinfo ENOTFOUND sqs.us-east-1.amazonaws.com","instanceId":"Abdullah-pc","level":"error","message":"Error receiving messages","service":"notification-worker-service","timestamp":"I4O8601","version":"1.0.0"}
{"environment":"development","error":{"$metadata":{"attempts":3,"totalRetryDelay":231},"code":"ENOTFOUND","errno":-3008,"hostname":"sqs.us-east-1.amazonaws.com","syscall":"getaddrinfo"},"instanceId":"Abdullah-pc","level":"error","message":"Full error","service":"notification-worker-service","timestamp":"I4O8601","version":"1.0.0"}
{"environment":"development","error":"getaddrinfo ENOTFOUND sqs.us-east-1.amazonaws.com","instanceId":"Abdullah-pc","level":"error","message":"Error receiving messages","service":"worker-service","timestamp":"I4O8601","version":"1.0.0"}
{"environment":"development","error":{"$metadata":{"attempts":3,"totalRetryDelay":248},"code":"ENOTFOUND","errno":-3008,"hostname":"sqs.us-east-1.amazonaws.com","syscall":"getaddrinfo"},"instanceId":"Abdullah-pc","level":"error","message":"Full error","service":"worker-service","timestamp":"I5O8601","version":"1.0.0"}
{"environment":"development","error":"getaddrinfo ENOTFOUND sqs.us-east-1.amazonaws.com","instanceId":"Abdullah-pc","level":"error","message":"Error receiving messages","service":"notification-worker-service","timestamp":"I6O8601","version":"1.0.0"}
{"environment":"development","error":{"$metadata":{"attempts":3,"totalRetryDelay":181},"code":"ENOTFOUND","errno":-3008,"hostname":"sqs.us-east-1.amazonaws.com","syscall":"getaddrinfo"},"instanceId":"Abdullah-pc","level":"error","message":"Full error","service":"notification-worker-service","timestamp":"I6O8601","version":"1.0.0"}
{"environment":"development","error":"getaddrinfo ENOTFOUND sqs.us-east-1.amazonaws.com","instanceId":"Abdullah-pc","level":"error","message":"Error receiving messages","service":"worker-service","timestamp":"I7O8601","version":"1.0.0"}
{"environment":"development","error":{"$metadata":{"attempts":3,"totalRetryDelay":180},"code":"ENOTFOUND","errno":-3008,"hostname":"sqs.us-east-1.amazonaws.com","syscall":"getaddrinfo"},"instanceId":"Abdullah-pc","level":"error","message":"Full error","service":"worker-service","timestamp":"I7O8601","version":"1.0.0"}
{"environment":"development","error":"getaddrinfo ENOTFOUND sqs.us-east-1.amazonaws.com","instanceId":"Abdullah-pc","level":"error","message":"Error receiving messages","service":"worker-service","timestamp":"I7O8601","version":"1.0.0"}
{"environment":"development","error":{"$metadata":{"attempts":3,"totalRetryDelay":56},"code":"ENOTFOUND","errno":-3008,"hostname":"sqs.us-east-1.amazonaws.com","syscall":"getaddrinfo"},"instanceId":"Abdullah-pc","level":"error","message":"Full error","service":"worker-service","timestamp":"I7O8601","version":"1.0.0"}
{"environment":"development","error":"getaddrinfo ENOTFOUND sqs.us-east-1.amazonaws.com","instanceId":"Abdullah-pc","level":"error","message":"Error receiving messages","service":"notification-worker-service","timestamp":"I8O8601","version":"1.0.0"}
{"environment":"development","error":{"$metadata":{"attempts":3,"totalRetryDelay":219},"code":"ENOTFOUND","errno":-3008,"hostname":"sqs.us-east-1.amazonaws.com","syscall":"getaddrinfo"},"instanceId":"Abdullah-pc","level":"error","message":"Full error","service":"notification-worker-service","timestamp":"I8O8601","version":"1.0.0"}
{"environment":"development","error":"getaddrinfo ENOTFOUND sqs.us-east-1.amazonaws.com","instanceId":"Abdullah-pc","level":"error","message":"Error receiving messages","service":"worker-service","timestamp":"I10O8601","version":"1.0.0"}
{"environment":"development","error":{"$metadata":{"attempts":3,"totalRetryDelay":221},"code":"ENOTFOUND","errno":-3008,"hostname":"sqs.us-east-1.amazonaws.com","syscall":"getaddrinfo"},"instanceId":"Abdullah-pc","level":"error","message":"Full error","service":"worker-service","timestamp":"I10O8601","version":"1.0.0"}
{"environment":"development","error":"getaddrinfo ENOTFOUND sqs.us-east-1.amazonaws.com","instanceId":"Abdullah-pc","level":"error","message":"Error receiving messages","service":"worker-service","timestamp":"I1O8601","version":"1.0.0"}
{"environment":"development","error":"getaddrinfo ENOTFOUND sqs.us-east-1.amazonaws.com","instanceId":"Abdullah-pc","level":"error","message":"Error receiving messages","service":"notification-worker-service","timestamp":"I1O8601","version":"1.0.0"}
{"environment":"development","error":{"$metadata":{"attempts":3,"totalRetryDelay":74},"code":"ENOTFOUND","errno":-3008,"hostname":"sqs.us-east-1.amazonaws.com","syscall":"getaddrinfo"},"instanceId":"Abdullah-pc","level":"error","message":"Full error","service":"worker-service","timestamp":"I1O8601","version":"1.0.0"}
{"environment":"development","error":{"$metadata":{"attempts":3,"totalRetryDelay":240},"code":"ENOTFOUND","errno":-3008,"hostname":"sqs.us-east-1.amazonaws.com","syscall":"getaddrinfo"},"instanceId":"Abdullah-pc","level":"error","message":"Full error","service":"notification-worker-service","timestamp":"I1O8601","version":"1.0.0"}
{"environment":"development","error":"getaddrinfo ENOTFOUND sqs.us-east-1.amazonaws.com","instanceId":"Abdullah-pc","level":"error","message":"Error receiving messages","service":"worker-service","timestamp":"I4O8601","version":"1.0.0"}
{"environment":"development","error":{"$metadata":{"attempts":3,"totalRetryDelay":223},"code":"ENOTFOUND","errno":-3008,"hostname":"sqs.us-east-1.amazonaws.com","syscall":"getaddrinfo"},"instanceId":"Abdullah-pc","level":"error","message":"Full error","service":"worker-service","timestamp":"I4O8601","version":"1.0.0"}
{"environment":"development","error":"getaddrinfo ENOTFOUND sqs.us-east-1.amazonaws.com","instanceId":"Abdullah-pc","level":"error","message":"Error receiving messages","service":"notification-worker-service","timestamp":"I4O8601","version":"1.0.0"}
{"environment":"development","error":{"$metadata":{"attempts":3,"totalRetryDelay":228},"code":"ENOTFOUND","errno":-3008,"hostname":"sqs.us-east-1.amazonaws.com","syscall":"getaddrinfo"},"instanceId":"Abdullah-pc","level":"error","message":"Full error","service":"notification-worker-service","timestamp":"I4O8601","version":"1.0.0"}
{"environment":"development","error":"getaddrinfo ENOTFOUND sqs.us-east-1.amazonaws.com","instanceId":"Abdullah-pc","level":"error","message":"Error receiving messages","service":"worker-service","timestamp":"I5O8601","version":"1.0.0"}
{"environment":"development","error":{"$metadata":{"attempts":3,"totalRetryDelay":124},"code":"ENOTFOUND","errno":-3008,"hostname":"sqs.us-east-1.amazonaws.com","syscall":"getaddrinfo"},"instanceId":"Abdullah-pc","level":"error","message":"Full error","service":"worker-service","timestamp":"I5O8601","version":"1.0.0"}
{"environment":"development","error":"getaddrinfo ENOTFOUND sqs.us-east-1.amazonaws.com","instanceId":"Abdullah-pc","level":"error","message":"Error receiving messages","service":"notification-worker-service","timestamp":"I7O8601","version":"1.0.0"}
{"environment":"development","error":{"$metadata":{"attempts":3,"totalRetryDelay":249},"code":"ENOTFOUND","errno":-3008,"hostname":"sqs.us-east-1.amazonaws.com","syscall":"getaddrinfo"},"instanceId":"Abdullah-pc","level":"error","message":"Full error","service":"notification-worker-service","timestamp":"I7O8601","version":"1.0.0"}
{"environment":"development","error":"getaddrinfo ENOTFOUND sqs.us-east-1.amazonaws.com","instanceId":"Abdullah-pc","level":"error","message":"Error receiving messages","service":"worker-service","timestamp":"I8O8601","version":"1.0.0"}
{"environment":"development","error":{"$metadata":{"attempts":3,"totalRetryDelay":222},"code":"ENOTFOUND","errno":-3008,"hostname":"sqs.us-east-1.amazonaws.com","syscall":"getaddrinfo"},"instanceId":"Abdullah-pc","level":"error","message":"Full error","service":"worker-service","timestamp":"I8O8601","version":"1.0.0"}
{"environment":"development","error":"getaddrinfo ENOTFOUND sqs.us-east-1.amazonaws.com","instanceId":"Abdullah-pc","level":"error","message":"Error receiving messages","service":"notification-worker-service","timestamp":"I8O8601","version":"1.0.0"}
{"environment":"development","error":{"$metadata":{"attempts":3,"totalRetryDelay":98},"code":"ENOTFOUND","errno":-3008,"hostname":"sqs.us-east-1.amazonaws.com","syscall":"getaddrinfo"},"instanceId":"Abdullah-pc","level":"error","message":"Full error","service":"notification-worker-service","timestamp":"I8O8601","version":"1.0.0"}
{"environment":"development","error":"getaddrinfo ENOTFOUND sqs.us-east-1.amazonaws.com","instanceId":"Abdullah-pc","level":"error","message":"Error receiving messages","service":"notification-worker-service","timestamp":"I9O8601","version":"1.0.0"}
{"environment":"development","error":{"$metadata":{"attempts":3,"totalRetryDelay":106},"code":"ENOTFOUND","errno":-3008,"hostname":"sqs.us-east-1.amazonaws.com","syscall":"getaddrinfo"},"instanceId":"Abdullah-pc","level":"error","message":"Full error","service":"notification-worker-service","timestamp":"I9O8601","version":"1.0.0"}
{"environment":"development","error":"getaddrinfo ENOTFOUND sqs.us-east-1.amazonaws.com","instanceId":"Abdullah-pc","level":"error","message":"Error receiving messages","service":"worker-service","timestamp":"I10O8601","version":"1.0.0"}
{"environment":"development","error":{"$metadata":{"attempts":3,"totalRetryDelay":171},"code":"ENOTFOUND","errno":-3008,"hostname":"sqs.us-east-1.amazonaws.com","syscall":"getaddrinfo"},"instanceId":"Abdullah-pc","level":"error","message":"Full error","service":"worker-service","timestamp":"I10O8601","version":"1.0.0"}
{"environment":"development","error":"getaddrinfo ENOTFOUND sqs.us-east-1.amazonaws.com","instanceId":"Abdullah-pc","level":"error","message":"Error receiving messages","service":"notification-worker-service","timestamp":"I1O8601","version":"1.0.0"}
{"environment":"development","error":{"$metadata":{"attempts":3,"totalRetryDelay":164},"code":"ENOTFOUND","errno":-3008,"hostname":"sqs.us-east-1.amazonaws.com","syscall":"getaddrinfo"},"instanceId":"Abdullah-pc","level":"error","message":"Full error","service":"notification-worker-service","timestamp":"I1O8601","version":"1.0.0"}
{"environment":"development","error":"getaddrinfo ENOTFOUND sqs.us-east-1.amazonaws.com","instanceId":"Abdullah-pc","level":"error","message":"Error receiving messages","service":"worker-service","timestamp":"I2O8601","version":"1.0.0"}
{"environment":"development","error":{"$metadata":{"attempts":3,"totalRetryDelay":162},"code":"ENOTFOUND","errno":-3008,"hostname":"sqs.us-east-1.amazonaws.com","syscall":"getaddrinfo"},"instanceId":"Abdullah-pc","level":"error","message":"Full error","service":"worker-service","timestamp":"I2O8601","version":"1.0.0"}
{"environment":"development","error":"getaddrinfo ENOTFOUND sqs.us-east-1.amazonaws.com","instanceId":"Abdullah-pc","level":"error","message":"Error receiving messages","service":"worker-service","timestamp":"I4O8601","version":"1.0.0"}
{"environment":"development","error":"getaddrinfo ENOTFOUND sqs.us-east-1.amazonaws.com","instanceId":"Abdullah-pc","level":"error","message":"Error receiving messages","service":"notification-worker-service","timestamp":"I4O8601","version":"1.0.0"}
{"environment":"development","error":{"$metadata":{"attempts":3,"totalRetryDelay":186},"code":"ENOTFOUND","errno":-3008,"hostname":"sqs.us-east-1.amazonaws.com","syscall":"getaddrinfo"},"instanceId":"Abdullah-pc","level":"error","message":"Full error","service":"notification-worker-service","timestamp":"I4O8601","version":"1.0.0"}
{"environment":"development","error":{"$metadata":{"attempts":3,"totalRetryDelay":172},"code":"ENOTFOUND","errno":-3008,"hostname":"sqs.us-east-1.amazonaws.com","syscall":"getaddrinfo"},"instanceId":"Abdullah-pc","level":"error","message":"Full error","service":"worker-service","timestamp":"I4O8601","version":"1.0.0"}
{"environment":"development","error":"getaddrinfo ENOTFOUND sqs.us-east-1.amazonaws.com","instanceId":"Abdullah-pc","level":"error","message":"Error receiving messages","service":"worker-service","timestamp":"I4O8601","version":"1.0.0"}
{"environment":"development","error":{"$metadata":{"attempts":3,"totalRetryDelay":43},"code":"ENOTFOUND","errno":-3008,"hostname":"sqs.us-east-1.amazonaws.com","syscall":"getaddrinfo"},"instanceId":"Abdullah-pc","level":"error","message":"Full error","service":"worker-service","timestamp":"I4O8601","version":"1.0.0"}
{"environment":"development","error":"getaddrinfo ENOTFOUND sqs.us-east-1.amazonaws.com","instanceId":"Abdullah-pc","level":"error","message":"Error receiving messages","service":"notification-worker-service","timestamp":"I5O8601","version":"1.0.0"}
{"environment":"development","error":{"$metadata":{"attempts":3,"totalRetryDelay":103},"code":"ENOTFOUND","errno":-3008,"hostname":"sqs.us-east-1.amazonaws.com","syscall":"getaddrinfo"},"instanceId":"Abdullah-pc","level":"error","message":"Full error","service":"notification-worker-service","timestamp":"I5O8601","version":"1.0.0"}
{"environment":"development","error":"getaddrinfo ENOTFOUND sqs.us-east-1.amazonaws.com","instanceId":"Abdullah-pc","level":"error","message":"Error receiving messages","service":"notification-worker-service","timestamp":"I7O8601","version":"1.0.0"}
{"environment":"development","error":{"$metadata":{"attempts":3,"totalRetryDelay":183},"code":"ENOTFOUND","errno":-3008,"hostname":"sqs.us-east-1.amazonaws.com","syscall":"getaddrinfo"},"instanceId":"Abdullah-pc","level":"error","message":"Full error","service":"notification-worker-service","timestamp":"I7O8601","version":"1.0.0"}
{"environment":"development","error":"getaddrinfo ENOTFOUND sqs.us-east-1.amazonaws.com","instanceId":"Abdullah-pc","level":"error","message":"Error receiving messages","service":"worker-service","timestamp":"I7O8601","version":"1.0.0"}
{"environment":"development","error":{"$metadata":{"attempts":3,"totalRetryDelay":263},"code":"ENOTFOUND","errno":-3008,"hostname":"sqs.us-east-1.amazonaws.com","syscall":"getaddrinfo"},"instanceId":"Abdullah-pc","level":"error","message":"Full error","service":"worker-service","timestamp":"I7O8601","version":"1.0.0"}
{"environment":"development","error":"getaddrinfo ENOTFOUND sqs.us-east-1.amazonaws.com","instanceId":"Abdullah-pc","level":"error","message":"Error receiving messages","service":"notification-worker-service","timestamp":"I9O8601","version":"1.0.0"}
{"environment":"development","error":{"$metadata":{"attempts":3,"totalRetryDelay":141},"code":"ENOTFOUND","errno":-3008,"hostname":"sqs.us-east-1.amazonaws.com","syscall":"getaddrinfo"},"instanceId":"Abdullah-pc","level":"error","message":"Full error","service":"notification-worker-service","timestamp":"I9O8601","version":"1.0.0"}
{"environment":"development","error":"getaddrinfo ENOTFOUND sqs.us-east-1.amazonaws.com","instanceId":"Abdullah-pc","level":"error","message":"Error receiving messages","service":"worker-service","timestamp":"I9O8601","version":"1.0.0"}
{"environment":"development","error":{"$metadata":{"attempts":3,"totalRetryDelay":123},"code":"ENOTFOUND","errno":-3008,"hostname":"sqs.us-east-1.amazonaws.com","syscall":"getaddrinfo"},"instanceId":"Abdullah-pc","level":"error","message":"Full error","service":"worker-service","timestamp":"I9O8601","version":"1.0.0"}
{"environment":"development","error":"getaddrinfo ENOTFOUND sqs.us-east-1.amazonaws.com","instanceId":"Abdullah-pc","level":"error","message":"Error receiving messages","service":"notification-worker-service","timestamp":"I0O8601","version":"1.0.0"}
{"environment":"development","error":{"$metadata":{"attempts":3,"totalRetryDelay":105},"code":"ENOTFOUND","errno":-3008,"hostname":"sqs.us-east-1.amazonaws.com","syscall":"getaddrinfo"},"instanceId":"Abdullah-pc","level":"error","message":"Full error","service":"notification-worker-service","timestamp":"I0O8601","version":"1.0.0"}
{"environment":"development","error":"getaddrinfo ENOTFOUND sqs.us-east-1.amazonaws.com","instanceId":"Abdullah-pc","level":"error","message":"Error receiving messages","service":"worker-service","timestamp":"I1O8601","version":"1.0.0"}
{"environment":"development","error":{"$metadata":{"attempts":3,"totalRetryDelay":146},"code":"ENOTFOUND","errno":-3008,"hostname":"sqs.us-east-1.amazonaws.com","syscall":"getaddrinfo"},"instanceId":"Abdullah-pc","level":"error","message":"Full error","service":"worker-service","timestamp":"I1O8601","version":"1.0.0"}
{"environment":"development","error":"getaddrinfo ENOTFOUND sqs.us-east-1.amazonaws.com","instanceId":"Abdullah-pc","level":"error","message":"Error receiving messages","service":"notification-worker-service","timestamp":"I1O8601","version":"1.0.0"}
{"environment":"development","error":{"$metadata":{"attempts":3,"totalRetryDelay":42},"code":"ENOTFOUND","errno":-3008,"hostname":"sqs.us-east-1.amazonaws.com","syscall":"getaddrinfo"},"instanceId":"Abdullah-pc","level":"error","message":"Full error","service":"notification-worker-service","timestamp":"I1O8601","version":"1.0.0"}
{"environment":"development","error":"getaddrinfo ENOTFOUND sqs.us-east-1.amazonaws.com","instanceId":"Abdullah-pc","level":"error","message":"Error receiving messages","service":"notification-worker-service","timestamp":"I2O8601","version":"1.0.0"}
{"environment":"development","error":{"$metadata":{"attempts":3,"totalRetryDelay":78},"code":"ENOTFOUND","errno":-3008,"hostname":"sqs.us-east-1.amazonaws.com","syscall":"getaddrinfo"},"instanceId":"Abdullah-pc","level":"error","message":"Full error","service":"notification-worker-service","timestamp":"I2O8601","version":"1.0.0"}
{"environment":"development","error":"getaddrinfo ENOTFOUND sqs.us-east-1.amazonaws.com","instanceId":"Abdullah-pc","level":"error","message":"Error receiving messages","service":"worker-service","timestamp":"I4O8601","version":"1.0.0"}
{"environment":"development","error":{"$metadata":{"attempts":3,"totalRetryDelay":263},"code":"ENOTFOUND","errno":-3008,"hostname":"sqs.us-east-1.amazonaws.com","syscall":"getaddrinfo"},"instanceId":"Abdullah-pc","level":"error","message":"Full error","service":"worker-service","timestamp":"I4O8601","version":"1.0.0"}
{"environment":"development","error":"getaddrinfo ENOTFOUND sqs.us-east-1.amazonaws.com","instanceId":"Abdullah-pc","level":"error","message":"Error receiving messages","service":"notification-worker-service","timestamp":"I5O8601","version":"1.0.0"}
{"environment":"development","error":{"$metadata":{"attempts":3,"totalRetryDelay":263},"code":"ENOTFOUND","errno":-3008,"hostname":"sqs.us-east-1.amazonaws.com","syscall":"getaddrinfo"},"instanceId":"Abdullah-pc","level":"error","message":"Full error","service":"notification-worker-service","timestamp":"I5O8601","version":"1.0.0"}
{"environment":"development","error":"getaddrinfo ENOTFOUND sqs.us-east-1.amazonaws.com","instanceId":"Abdullah-pc","level":"error","message":"Error receiving messages","service":"worker-service","timestamp":"I6O8601","version":"1.0.0"}
{"environment":"development","error":{"$metadata":{"attempts":3,"totalRetryDelay":194},"code":"ENOTFOUND","errno":-3008,"hostname":"sqs.us-east-1.amazonaws.com","syscall":"getaddrinfo"},"instanceId":"Abdullah-pc","level":"error","message":"Full error","service":"worker-service","timestamp":"I6O8601","version":"1.0.0"}
{"environment":"development","error":"getaddrinfo ENOTFOUND sqs.us-east-1.amazonaws.com","instanceId":"Abdullah-pc","level":"error","message":"Error receiving messages","service":"notification-worker-service","timestamp":"I8O8601","version":"1.0.0"}
{"environment":"development","error":{"$metadata":{"attempts":3,"totalRetryDelay":223},"code":"ENOTFOUND","errno":-3008,"hostname":"sqs.us-east-1.amazonaws.com","syscall":"getaddrinfo"},"instanceId":"Abdullah-pc","level":"error","message":"Full error","service":"notification-worker-service","timestamp":"I8O8601","version":"1.0.0"}
{"environment":"development","error":"getaddrinfo ENOTFOUND sqs.us-east-1.amazonaws.com","instanceId":"Abdullah-pc","level":"error","message":"Error receiving messages","service":"worker-service","timestamp":"I8O8601","version":"1.0.0"}
{"environment":"development","error":{"$metadata":{"attempts":3,"totalRetryDelay":195},"code":"ENOTFOUND","errno":-3008,"hostname":"sqs.us-east-1.amazonaws.com","syscall":"getaddrinfo"},"instanceId":"Abdullah-pc","level":"error","message":"Full error","service":"worker-service","timestamp":"I8O8601","version":"1.0.0"}
{"environment":"development","error":"getaddrinfo ENOTFOUND sqs.us-east-1.amazonaws.com","instanceId":"Abdullah-pc","level":"error","message":"Error receiving messages","service":"notification-worker-service","timestamp":"I9O8601","version":"1.0.0"}
{"environment":"development","error":{"$metadata":{"attempts":3,"totalRetryDelay":120},"code":"ENOTFOUND","errno":-3008,"hostname":"sqs.us-east-1.amazonaws.com","syscall":"getaddrinfo"},"instanceId":"Abdullah-pc","level":"error","message":"Full error","service":"notification-worker-service","timestamp":"I9O8601","version":"1.0.0"}
{"environment":"development","error":"getaddrinfo ENOTFOUND sqs.us-east-1.amazonaws.com","instanceId":"Abdullah-pc","level":"error","message":"Error receiving messages","service":"notification-worker-service","timestamp":"I0O8601","version":"1.0.0"}
{"environment":"development","error":{"$metadata":{"attempts":3,"totalRetryDelay":68},"code":"ENOTFOUND","errno":-3008,"hostname":"sqs.us-east-1.amazonaws.com","syscall":"getaddrinfo"},"instanceId":"Abdullah-pc","level":"error","message":"Full error","service":"notification-worker-service","timestamp":"I0O8601","version":"1.0.0"}
{"environment":"development","error":"getaddrinfo ENOTFOUND sqs.us-east-1.amazonaws.com","instanceId":"Abdullah-pc","level":"error","message":"Error receiving messages","service":"worker-service","timestamp":"I1O8601","version":"1.0.0"}
{"environment":"development","error":{"$metadata":{"attempts":3,"totalRetryDelay":235},"code":"ENOTFOUND","errno":-3008,"hostname":"sqs.us-east-1.amazonaws.com","syscall":"getaddrinfo"},"instanceId":"Abdullah-pc","level":"error","message":"Full error","service":"worker-service","timestamp":"I1O8601","version":"1.0.0"}
{"environment":"development","error":"getaddrinfo ENOTFOUND sqs.us-east-1.amazonaws.com","instanceId":"Abdullah-pc","level":"error","message":"Error receiving messages","service":"notification-worker-service","timestamp":"I2O8601","version":"1.0.0"}
{"environment":"development","error":{"$metadata":{"attempts":3,"totalRetryDelay":190},"code":"ENOTFOUND","errno":-3008,"hostname":"sqs.us-east-1.amazonaws.com","syscall":"getaddrinfo"},"instanceId":"Abdullah-pc","level":"error","message":"Full error","service":"notification-worker-service","timestamp":"I2O8601","version":"1.0.0"}
{"environment":"development","error":"getaddrinfo ENOTFOUND sqs.us-east-1.amazonaws.com","instanceId":"Abdullah-pc","level":"error","message":"Error receiving messages","service":"worker-service","timestamp":"I3O8601","version":"1.0.0"}
{"environment":"development","error":{"$metadata":{"attempts":3,"totalRetryDelay":146},"code":"ENOTFOUND","errno":-3008,"hostname":"sqs.us-east-1.amazonaws.com","syscall":"getaddrinfo"},"instanceId":"Abdullah-pc","level":"error","message":"Full error","service":"worker-service","timestamp":"I3O8601","version":"1.0.0"}
{"environment":"development","error":"getaddrinfo ENOTFOUND sqs.us-east-1.amazonaws.com","instanceId":"Abdullah-pc","level":"error","message":"Error receiving messages","service":"notification-worker-service","timestamp":"I4O8601","version":"1.0.0"}
{"environment":"development","error":{"$metadata":{"attempts":3,"totalRetryDelay":145},"code":"ENOTFOUND","errno":-3008,"hostname":"sqs.us-east-1.amazonaws.com","syscall":"getaddrinfo"},"instanceId":"Abdullah-pc","level":"error","message":"Full error","service":"notification-worker-service","timestamp":"I4O8601","version":"1.0.0"}
{"environment":"development","error":"getaddrinfo ENOTFOUND sqs.us-east-1.amazonaws.com","instanceId":"Abdullah-pc","level":"error","message":"Error receiving messages","service":"worker-service","timestamp":"I5O8601","version":"1.0.0"}
{"environment":"development","error":{"$metadata":{"attempts":3,"totalRetryDelay":235},"code":"ENOTFOUND","errno":-3008,"hostname":"sqs.us-east-1.amazonaws.com","syscall":"getaddrinfo"},"instanceId":"Abdullah-pc","level":"error","message":"Full error","service":"worker-service","timestamp":"I5O8601","version":"1.0.0"}
{"environment":"development","error":"getaddrinfo ENOTFOUND sqs.us-east-1.amazonaws.com","instanceId":"Abdullah-pc","level":"error","message":"Error receiving messages","service":"notification-worker-service","timestamp":"I6O8601","version":"1.0.0"}
{"environment":"development","error":{"$metadata":{"attempts":3,"totalRetryDelay":117},"code":"ENOTFOUND","errno":-3008,"hostname":"sqs.us-east-1.amazonaws.com","syscall":"getaddrinfo"},"instanceId":"Abdullah-pc","level":"error","message":"Full error","service":"notification-worker-service","timestamp":"I6O8601","version":"1.0.0"}
{"environment":"development","error":"getaddrinfo ENOTFOUND sqs.us-east-1.amazonaws.com","instanceId":"Abdullah-pc","level":"error","message":"Error receiving messages","service":"worker-service","timestamp":"I7O8601","version":"1.0.0"}
{"environment":"development","error":{"$metadata":{"attempts":3,"totalRetryDelay":120},"code":"ENOTFOUND","errno":-3008,"hostname":"sqs.us-east-1.amazonaws.com","syscall":"getaddrinfo"},"instanceId":"Abdullah-pc","level":"error","message":"Full error","service":"worker-service","timestamp":"I7O8601","version":"1.0.0"}
{"environment":"development","error":"getaddrinfo ENOTFOUND sqs.us-east-1.amazonaws.com","instanceId":"Abdullah-pc","level":"error","message":"Error receiving messages","service":"notification-worker-service","timestamp":"I8O8601","version":"1.0.0"}
{"environment":"development","error":{"$metadata":{"attempts":3,"totalRetryDelay":215},"code":"ENOTFOUND","errno":-3008,"hostname":"sqs.us-east-1.amazonaws.com","syscall":"getaddrinfo"},"instanceId":"Abdullah-pc","level":"error","message":"Full error","service":"notification-worker-service","timestamp":"I8O8601","version":"1.0.0"}
{"environment":"development","error":"getaddrinfo ENOTFOUND sqs.us-east-1.amazonaws.com","instanceId":"Abdullah-pc","level":"error","message":"Error receiving messages","service":"worker-service","timestamp":"I9O8601","version":"1.0.0"}
{"environment":"development","error":{"$metadata":{"attempts":3,"totalRetryDelay":175},"code":"ENOTFOUND","errno":-3008,"hostname":"sqs.us-east-1.amazonaws.com","syscall":"getaddrinfo"},"instanceId":"Abdullah-pc","level":"error","message":"Full error","service":"worker-service","timestamp":"I9O8601","version":"1.0.0"}
{"environment":"development","error":"getaddrinfo ENOTFOUND sqs.us-east-1.amazonaws.com","instanceId":"Abdullah-pc","level":"error","message":"Error receiving messages","service":"notification-worker-service","timestamp":"I10O8601","version":"1.0.0"}
{"environment":"development","error":{"$metadata":{"attempts":3,"totalRetryDelay":168},"code":"ENOTFOUND","errno":-3008,"hostname":"sqs.us-east-1.amazonaws.com","syscall":"getaddrinfo"},"instanceId":"Abdullah-pc","level":"error","message":"Full error","service":"notification-worker-service","timestamp":"I10O8601","version":"1.0.0"}
{"environment":"development","error":"getaddrinfo ENOTFOUND sqs.us-east-1.amazonaws.com","instanceId":"Abdullah-pc","level":"error","message":"Error receiving messages","service":"worker-service","timestamp":"I1O8601","version":"1.0.0"}
{"environment":"development","error":{"$metadata":{"attempts":3,"totalRetryDelay":234},"code":"ENOTFOUND","errno":-3008,"hostname":"sqs.us-east-1.amazonaws.com","syscall":"getaddrinfo"},"instanceId":"Abdullah-pc","level":"error","message":"Full error","service":"worker-service","timestamp":"I1O8601","version":"1.0.0"}
{"environment":"development","error":"getaddrinfo ENOTFOUND sqs.us-east-1.amazonaws.com","instanceId":"Abdullah-pc","level":"error","message":"Error receiving messages","service":"notification-worker-service","timestamp":"I2O8601","version":"1.0.0"}
{"environment":"development","error":"getaddrinfo ENOTFOUND sqs.us-east-1.amazonaws.com","instanceId":"Abdullah-pc","level":"error","message":"Error receiving messages","service":"worker-service","timestamp":"I2O8601","version":"1.0.0"}
{"environment":"development","error":{"$metadata":{"attempts":3,"totalRetryDelay":191},"code":"ENOTFOUND","errno":-3008,"hostname":"sqs.us-east-1.amazonaws.com","syscall":"getaddrinfo"},"instanceId":"Abdullah-pc","level":"error","message":"Full error","service":"notification-worker-service","timestamp":"I2O8601","version":"1.0.0"}
{"environment":"development","error":{"$metadata":{"attempts":3,"totalRetryDelay":32},"code":"ENOTFOUND","errno":-3008,"hostname":"sqs.us-east-1.amazonaws.com","syscall":"getaddrinfo"},"instanceId":"Abdullah-pc","level":"error","message":"Full error","service":"worker-service","timestamp":"I2O8601","version":"1.0.0"}
{"environment":"development","error":"getaddrinfo ENOTFOUND sqs.us-east-1.amazonaws.com","instanceId":"Abdullah-pc","level":"error","message":"Error receiving messages","service":"worker-service","timestamp":"I5O8601","version":"1.0.0"}
{"environment":"development","error":{"$metadata":{"attempts":3,"totalRetryDelay":218},"code":"ENOTFOUND","errno":-3008,"hostname":"sqs.us-east-1.amazonaws.com","syscall":"getaddrinfo"},"instanceId":"Abdullah-pc","level":"error","message":"Full error","service":"worker-service","timestamp":"I5O8601","version":"1.0.0"}
{"environment":"development","error":"getaddrinfo ENOTFOUND sqs.us-east-1.amazonaws.com","instanceId":"Abdullah-pc","level":"error","message":"Error receiving messages","service":"notification-worker-service","timestamp":"I5O8601","version":"1.0.0"}
{"environment":"development","error":{"$metadata":{"attempts":3,"totalRetryDelay":261},"code":"ENOTFOUND","errno":-3008,"hostname":"sqs.us-east-1.amazonaws.com","syscall":"getaddrinfo"},"instanceId":"Abdullah-pc","level":"error","message":"Full error","service":"notification-worker-service","timestamp":"I5O8601","version":"1.0.0"}
{"environment":"development","error":"getaddrinfo ENOTFOUND sqs.us-east-1.amazonaws.com","instanceId":"Abdullah-pc","level":"error","message":"Error receiving messages","service":"notification-worker-service","timestamp":"I8O8601","version":"1.0.0"}
{"environment":"development","error":"getaddrinfo ENOTFOUND sqs.us-east-1.amazonaws.com","instanceId":"Abdullah-pc","level":"error","message":"Error receiving messages","service":"worker-service","timestamp":"I8O8601","version":"1.0.0"}
{"environment":"development","error":{"$metadata":{"attempts":3,"totalRetryDelay":274},"code":"ENOTFOUND","errno":-3008,"hostname":"sqs.us-east-1.amazonaws.com","syscall":"getaddrinfo"},"instanceId":"Abdullah-pc","level":"error","message":"Full error","service":"notification-worker-service","timestamp":"I8O8601","version":"1.0.0"}
{"environment":"development","error":{"$metadata":{"attempts":3,"totalRetryDelay":287},"code":"ENOTFOUND","errno":-3008,"hostname":"sqs.us-east-1.amazonaws.com","syscall":"getaddrinfo"},"instanceId":"Abdullah-pc","level":"error","message":"Full error","service":"worker-service","timestamp":"I8O8601","version":"1.0.0"}
{"environment":"development","error":"getaddrinfo ENOTFOUND sqs.us-east-1.amazonaws.com","instanceId":"Abdullah-pc","level":"error","message":"Error receiving messages","service":"worker-service","timestamp":"I1O8601","version":"1.0.0"}
{"environment":"development","error":{"$metadata":{"attempts":3,"totalRetryDelay":216},"code":"ENOTFOUND","errno":-3008,"hostname":"sqs.us-east-1.amazonaws.com","syscall":"getaddrinfo"},"instanceId":"Abdullah-pc","level":"error","message":"Full error","service":"worker-service","timestamp":"I1O8601","version":"1.0.0"}
{"environment":"development","error":"getaddrinfo ENOTFOUND sqs.us-east-1.amazonaws.com","instanceId":"Abdullah-pc","level":"error","message":"Error receiving messages","service":"notification-worker-service","timestamp":"I1O8601","version":"1.0.0"}
{"environment":"development","error":{"$metadata":{"attempts":3,"totalRetryDelay":245},"code":"ENOTFOUND","errno":-3008,"hostname":"sqs.us-east-1.amazonaws.com","syscall":"getaddrinfo"},"instanceId":"Abdullah-pc","level":"error","message":"Full error","service":"notification-worker-service","timestamp":"I1O8601","version":"1.0.0"}
{"environment":"development","error":"getaddrinfo ENOTFOUND sqs.us-east-1.amazonaws.com","instanceId":"Abdullah-pc","level":"error","message":"Error receiving messages","service":"worker-service","timestamp":"I2O8601","version":"1.0.0"}
{"environment":"development","error":{"$metadata":{"attempts":3,"totalRetryDelay":121},"code":"ENOTFOUND","errno":-3008,"hostname":"sqs.us-east-1.amazonaws.com","syscall":"getaddrinfo"},"instanceId":"Abdullah-pc","level":"error","message":"Full error","service":"worker-service","timestamp":"I2O8601","version":"1.0.0"}
{"environment":"development","error":"getaddrinfo ENOTFOUND sqs.us-east-1.amazonaws.com","instanceId":"Abdullah-pc","level":"error","message":"Error receiving messages","service":"notification-worker-service","timestamp":"I3O8601","version":"1.0.0"}
{"environment":"development","error":{"$metadata":{"attempts":3,"totalRetryDelay":179},"code":"ENOTFOUND","errno":-3008,"hostname":"sqs.us-east-1.amazonaws.com","syscall":"getaddrinfo"},"instanceId":"Abdullah-pc","level":"error","message":"Full error","service":"notification-worker-service","timestamp":"I3O8601","version":"1.0.0"}
{"environment":"development","error":"getaddrinfo ENOTFOUND sqs.us-east-1.amazonaws.com","instanceId":"Abdullah-pc","level":"error","message":"Error receiving messages","service":"worker-service","timestamp":"I4O8601","version":"1.0.0"}
{"environment":"development","error":{"$metadata":{"attempts":3,"totalRetryDelay":175},"code":"ENOTFOUND","errno":-3008,"hostname":"sqs.us-east-1.amazonaws.com","syscall":"getaddrinfo"},"instanceId":"Abdullah-pc","level":"error","message":"Full error","service":"worker-service","timestamp":"I4O8601","version":"1.0.0"}
{"environment":"development","error":"getaddrinfo ENOTFOUND sqs.us-east-1.amazonaws.com","instanceId":"Abdullah-pc","level":"error","message":"Error receiving messages","service":"notification-worker-service","timestamp":"I4O8601","version":"1.0.0"}
{"environment":"development","error":{"$metadata":{"attempts":3,"totalRetryDelay":107},"code":"ENOTFOUND","errno":-3008,"hostname":"sqs.us-east-1.amazonaws.com","syscall":"getaddrinfo"},"instanceId":"Abdullah-pc","level":"error","message":"Full error","service":"notification-worker-service","timestamp":"I4O8601","version":"1.0.0"}
{"environment":"development","error":"getaddrinfo ENOTFOUND sqs.us-east-1.amazonaws.com","instanceId":"Abdullah-pc","level":"error","message":"Error receiving messages","service":"worker-service","timestamp":"I6O8601","version":"1.0.0"}
{"environment":"development","error":{"$metadata":{"attempts":3,"totalRetryDelay":136},"code":"ENOTFOUND","errno":-3008,"hostname":"sqs.us-east-1.amazonaws.com","syscall":"getaddrinfo"},"instanceId":"Abdullah-pc","level":"error","message":"Full error","service":"worker-service","timestamp":"I6O8601","version":"1.0.0"}
{"environment":"development","error":"getaddrinfo ENOTFOUND sqs.us-east-1.amazonaws.com","instanceId":"Abdullah-pc","level":"error","message":"Error receiving messages","service":"notification-worker-service","timestamp":"I6O8601","version":"1.0.0"}
{"environment":"development","error":{"$metadata":{"attempts":3,"totalRetryDelay":139},"code":"ENOTFOUND","errno":-3008,"hostname":"sqs.us-east-1.amazonaws.com","syscall":"getaddrinfo"},"instanceId":"Abdullah-pc","level":"error","message":"Full error","service":"notification-worker-service","timestamp":"I6O8601","version":"1.0.0"}
{"environment":"development","error":"getaddrinfo ENOTFOUND sqs.us-east-1.amazonaws.com","instanceId":"Abdullah-pc","level":"error","message":"Error receiving messages","service":"worker-service","timestamp":"I7O8601","version":"1.0.0"}
{"environment":"development","error":{"$metadata":{"attempts":3,"totalRetryDelay":77},"code":"ENOTFOUND","errno":-3008,"hostname":"sqs.us-east-1.amazonaws.com","syscall":"getaddrinfo"},"instanceId":"Abdullah-pc","level":"error","message":"Full error","service":"worker-service","timestamp":"I7O8601","version":"1.0.0"}
{"environment":"development","error":"getaddrinfo ENOTFOUND sqs.us-east-1.amazonaws.com","instanceId":"Abdullah-pc","level":"error","message":"Error receiving messages","service":"notification-worker-service","timestamp":"I8O8601","version":"1.0.0"}
{"environment":"development","error":{"$metadata":{"attempts":3,"totalRetryDelay":166},"code":"ENOTFOUND","errno":-3008,"hostname":"sqs.us-east-1.amazonaws.com","syscall":"getaddrinfo"},"instanceId":"Abdullah-pc","level":"error","message":"Full error","service":"notification-worker-service","timestamp":"I8O8601","version":"1.0.0"}
{"environment":"development","error":"getaddrinfo ENOTFOUND sqs.us-east-1.amazonaws.com","instanceId":"Abdullah-pc","level":"error","message":"Error receiving messages","service":"worker-service","timestamp":"I8O8601","version":"1.0.0"}
{"environment":"development","error":{"$metadata":{"attempts":3,"totalRetryDelay":90},"code":"ENOTFOUND","errno":-3008,"hostname":"sqs.us-east-1.amazonaws.com","syscall":"getaddrinfo"},"instanceId":"Abdullah-pc","level":"error","message":"Full error","service":"worker-service","timestamp":"I8O8601","version":"1.0.0"}
{"environment":"development","error":"getaddrinfo ENOTFOUND sqs.us-east-1.amazonaws.com","instanceId":"Abdullah-pc","level":"error","message":"Error receiving messages","service":"worker-service","timestamp":"I9O8601","version":"1.0.0"}
{"environment":"development","error":{"$metadata":{"attempts":3,"totalRetryDelay":17},"code":"ENOTFOUND","errno":-3008,"hostname":"sqs.us-east-1.amazonaws.com","syscall":"getaddrinfo"},"instanceId":"Abdullah-pc","level":"error","message":"Full error","service":"worker-service","timestamp":"I9O8601","version":"1.0.0"}
{"environment":"development","error":"getaddrinfo ENOTFOUND sqs.us-east-1.amazonaws.com","instanceId":"Abdullah-pc","level":"error","message":"Error receiving messages","service":"notification-worker-service","timestamp":"I10O8601","version":"1.0.0"}
{"environment":"development","error":{"$metadata":{"attempts":3,"totalRetryDelay":122},"code":"ENOTFOUND","errno":-3008,"hostname":"sqs.us-east-1.amazonaws.com","syscall":"getaddrinfo"},"instanceId":"Abdullah-pc","level":"error","message":"Full error","service":"notification-worker-service","timestamp":"I10O8601","version":"1.0.0"}
{"environment":"development","error":"getaddrinfo ENOTFOUND sqs.us-east-1.amazonaws.com","instanceId":"Abdullah-pc","level":"error","message":"Error receiving messages","service":"notification-worker-service","timestamp":"I1O8601","version":"1.0.0"}
{"environment":"development","error":{"$metadata":{"attempts":3,"totalRetryDelay":127},"code":"ENOTFOUND","errno":-3008,"hostname":"sqs.us-east-1.amazonaws.com","syscall":"getaddrinfo"},"instanceId":"Abdullah-pc","level":"error","message":"Full error","service":"notification-worker-service","timestamp":"I1O8601","version":"1.0.0"}
{"environment":"development","error":"getaddrinfo ENOTFOUND sqs.us-east-1.amazonaws.com","instanceId":"Abdullah-pc","level":"error","message":"Error receiving messages","service":"worker-service","timestamp":"I1O8601","version":"1.0.0"}
{"environment":"development","error":{"$metadata":{"attempts":3,"totalRetryDelay":238},"code":"ENOTFOUND","errno":-3008,"hostname":"sqs.us-east-1.amazonaws.com","syscall":"getaddrinfo"},"instanceId":"Abdullah-pc","level":"error","message":"Full error","service":"worker-service","timestamp":"I1O8601","version":"1.0.0"}
{"environment":"development","error":"getaddrinfo ENOTFOUND sqs.us-east-1.amazonaws.com","instanceId":"Abdullah-pc","level":"error","message":"Error receiving messages","service":"worker-service","timestamp":"I2O8601","version":"1.0.0"}
{"environment":"development","error":{"$metadata":{"attempts":3,"totalRetryDelay":55},"code":"ENOTFOUND","errno":-3008,"hostname":"sqs.us-east-1.amazonaws.com","syscall":"getaddrinfo"},"instanceId":"Abdullah-pc","level":"error","message":"Full error","service":"worker-service","timestamp":"I2O8601","version":"1.0.0"}
{"environment":"development","error":"getaddrinfo ENOTFOUND sqs.us-east-1.amazonaws.com","instanceId":"Abdullah-pc","level":"error","message":"Error receiving messages","service":"notification-worker-service","timestamp":"I4O8601","version":"1.0.0"}
{"environment":"development","error":{"$metadata":{"attempts":3,"totalRetryDelay":228},"code":"ENOTFOUND","errno":-3008,"hostname":"sqs.us-east-1.amazonaws.com","syscall":"getaddrinfo"},"instanceId":"Abdullah-pc","level":"error","message":"Full error","service":"notification-worker-service","timestamp":"I4O8601","version":"1.0.0"}
{"environment":"development","error":"getaddrinfo ENOTFOUND sqs.us-east-1.amazonaws.com","instanceId":"Abdullah-pc","level":"error","message":"Error receiving messages","service":"worker-service","timestamp":"I4O8601","version":"1.0.0"}
{"environment":"development","error":{"$metadata":{"attempts":3,"totalRetryDelay":165},"code":"ENOTFOUND","errno":-3008,"hostname":"sqs.us-east-1.amazonaws.com","syscall":"getaddrinfo"},"instanceId":"Abdullah-pc","level":"error","message":"Full error","service":"worker-service","timestamp":"I4O8601","version":"1.0.0"}
{"environment":"development","error":"getaddrinfo ENOTFOUND sqs.us-east-1.amazonaws.com","instanceId":"Abdullah-pc","level":"error","message":"Error receiving messages","service":"worker-service","timestamp":"I6O8601","version":"1.0.0"}
{"environment":"development","error":{"$metadata":{"attempts":3,"totalRetryDelay":192},"code":"ENOTFOUND","errno":-3008,"hostname":"sqs.us-east-1.amazonaws.com","syscall":"getaddrinfo"},"instanceId":"Abdullah-pc","level":"error","message":"Full error","service":"worker-service","timestamp":"I6O8601","version":"1.0.0"}
{"environment":"development","error":"getaddrinfo ENOTFOUND sqs.us-east-1.amazonaws.com","instanceId":"Abdullah-pc","level":"error","message":"Error receiving messages","service":"notification-worker-service","timestamp":"I7O8601","version":"1.0.0"}
{"environment":"development","error":{"$metadata":{"attempts":3,"totalRetryDelay":249},"code":"ENOTFOUND","errno":-3008,"hostname":"sqs.us-east-1.amazonaws.com","syscall":"getaddrinfo"},"instanceId":"Abdullah-pc","level":"error","message":"Full error","service":"notification-worker-service","timestamp":"I7O8601","version":"1.0.0"}
{"environment":"development","error":"getaddrinfo ENOTFOUND sqs.us-east-1.amazonaws.com","instanceId":"Abdullah-pc","level":"error","message":"Error receiving messages","service":"worker-service","timestamp":"I7O8601","version":"1.0.0"}
{"environment":"development","error":{"$metadata":{"attempts":3,"totalRetryDelay":110},"code":"ENOTFOUND","errno":-3008,"hostname":"sqs.us-east-1.amazonaws.com","syscall":"getaddrinfo"},"instanceId":"Abdullah-pc","level":"error","message":"Full error","service":"worker-service","timestamp":"I7O8601","version":"1.0.0"}
{"environment":"development","error":"getaddrinfo ENOTFOUND sqs.us-east-1.amazonaws.com","instanceId":"Abdullah-pc","level":"error","message":"Error receiving messages","service":"notification-worker-service","timestamp":"I9O8601","version":"1.0.0"}
{"environment":"development","error":{"$metadata":{"attempts":3,"totalRetryDelay":191},"code":"ENOTFOUND","errno":-3008,"hostname":"sqs.us-east-1.amazonaws.com","syscall":"getaddrinfo"},"instanceId":"Abdullah-pc","level":"error","message":"Full error","service":"notification-worker-service","timestamp":"I9O8601","version":"1.0.0"}
{"environment":"development","error":"getaddrinfo ENOTFOUND sqs.us-east-1.amazonaws.com","instanceId":"Abdullah-pc","level":"error","message":"Error receiving messages","service":"worker-service","timestamp":"I9O8601","version":"1.0.0"}
{"environment":"development","error":{"$metadata":{"attempts":3,"totalRetryDelay":124},"code":"ENOTFOUND","errno":-3008,"hostname":"sqs.us-east-1.amazonaws.com","syscall":"getaddrinfo"},"instanceId":"Abdullah-pc","level":"error","message":"Full error","service":"worker-service","timestamp":"I9O8601","version":"1.0.0"}
{"environment":"development","error":"getaddrinfo ENOTFOUND sqs.us-east-1.amazonaws.com","instanceId":"Abdullah-pc","level":"error","message":"Error receiving messages","service":"notification-worker-service","timestamp":"I10O8601","version":"1.0.0"}
{"environment":"development","error":{"$metadata":{"attempts":3,"totalRetryDelay":96},"code":"ENOTFOUND","errno":-3008,"hostname":"sqs.us-east-1.amazonaws.com","syscall":"getaddrinfo"},"instanceId":"Abdullah-pc","level":"error","message":"Full error","service":"notification-worker-service","timestamp":"I10O8601","version":"1.0.0"}
{"environment":"development","error":"getaddrinfo ENOTFOUND sqs.us-east-1.amazonaws.com","instanceId":"Abdullah-pc","level":"error","message":"Error receiving messages","service":"worker-service","timestamp":"I0O8601","version":"1.0.0"}
{"environment":"development","error":{"$metadata":{"attempts":3,"totalRetryDelay":106},"code":"ENOTFOUND","errno":-3008,"hostname":"sqs.us-east-1.amazonaws.com","syscall":"getaddrinfo"},"instanceId":"Abdullah-pc","level":"error","message":"Full error","service":"worker-service","timestamp":"I0O8601","version":"1.0.0"}
{"environment":"development","error":"getaddrinfo ENOTFOUND sqs.us-east-1.amazonaws.com","instanceId":"Abdullah-pc","level":"error","message":"Error receiving messages","service":"notification-worker-service","timestamp":"I1O8601","version":"1.0.0"}
{"environment":"development","error":{"$metadata":{"attempts":3,"totalRetryDelay":48},"code":"ENOTFOUND","errno":-3008,"hostname":"sqs.us-east-1.amazonaws.com","syscall":"getaddrinfo"},"instanceId":"Abdullah-pc","level":"error","message":"Full error","service":"notification-worker-service","timestamp":"I1O8601","version":"1.0.0"}
{"environment":"development","error":"getaddrinfo ENOTFOUND sqs.us-east-1.amazonaws.com","instanceId":"Abdullah-pc","level":"error","message":"Error receiving messages","service":"worker-service","timestamp":"I2O8601","version":"1.0.0"}
{"environment":"development","error":{"$metadata":{"attempts":3,"totalRetryDelay":126},"code":"ENOTFOUND","errno":-3008,"hostname":"sqs.us-east-1.amazonaws.com","syscall":"getaddrinfo"},"instanceId":"Abdullah-pc","level":"error","message":"Full error","service":"worker-service","timestamp":"I2O8601","version":"1.0.0"}
{"environment":"development","error":"getaddrinfo ENOTFOUND sqs.us-east-1.amazonaws.com","instanceId":"Abdullah-pc","level":"error","message":"Error receiving messages","service":"notification-worker-service","timestamp":"I3O8601","version":"1.0.0"}
{"environment":"development","error":{"$metadata":{"attempts":3,"totalRetryDelay":163},"code":"ENOTFOUND","errno":-3008,"hostname":"sqs.us-east-1.amazonaws.com","syscall":"getaddrinfo"},"instanceId":"Abdullah-pc","level":"error","message":"Full error","service":"notification-worker-service","timestamp":"I3O8601","version":"1.0.0"}
{"environment":"development","error":"getaddrinfo ENOTFOUND sqs.us-east-1.amazonaws.com","instanceId":"Abdullah-pc","level":"error","message":"Error receiving messages","service":"worker-service","timestamp":"I3O8601","version":"1.0.0"}
{"environment":"development","error":{"$metadata":{"attempts":3,"totalRetryDelay":45},"code":"ENOTFOUND","errno":-3008,"hostname":"sqs.us-east-1.amazonaws.com","syscall":"getaddrinfo"},"instanceId":"Abdullah-pc","level":"error","message":"Full error","service":"worker-service","timestamp":"I3O8601","version":"1.0.0"}
{"environment":"development","error":"getaddrinfo ENOTFOUND sqs.us-east-1.amazonaws.com","instanceId":"Abdullah-pc","level":"error","message":"Error receiving messages","service":"notification-worker-service","timestamp":"I4O8601","version":"1.0.0"}
{"environment":"development","error":{"$metadata":{"attempts":3,"totalRetryDelay":76},"code":"ENOTFOUND","errno":-3008,"hostname":"sqs.us-east-1.amazonaws.com","syscall":"getaddrinfo"},"instanceId":"Abdullah-pc","level":"error","message":"Full error","service":"notification-worker-service","timestamp":"I4O8601","version":"1.0.0"}
{"environment":"development","error":"getaddrinfo ENOTFOUND sqs.us-east-1.amazonaws.com","instanceId":"Abdullah-pc","level":"error","message":"Error receiving messages","service":"worker-service","timestamp":"I5O8601","version":"1.0.0"}
{"environment":"development","error":{"$metadata":{"attempts":3,"totalRetryDelay":198},"code":"ENOTFOUND","errno":-3008,"hostname":"sqs.us-east-1.amazonaws.com","syscall":"getaddrinfo"},"instanceId":"Abdullah-pc","level":"error","message":"Full error","service":"worker-service","timestamp":"I5O8601","version":"1.0.0"}
{"environment":"development","error":"getaddrinfo ENOTFOUND sqs.us-east-1.amazonaws.com","instanceId":"Abdullah-pc","level":"error","message":"Error receiving messages","service":"notification-worker-service","timestamp":"I6O8601","version":"1.0.0"}
{"environment":"development","error":{"$metadata":{"attempts":3,"totalRetryDelay":169},"code":"ENOTFOUND","errno":-3008,"hostname":"sqs.us-east-1.amazonaws.com","syscall":"getaddrinfo"},"instanceId":"Abdullah-pc","level":"error","message":"Full error","service":"notification-worker-service","timestamp":"I6O8601","version":"1.0.0"}
{"environment":"development","error":"getaddrinfo ENOTFOUND sqs.us-east-1.amazonaws.com","instanceId":"Abdullah-pc","level":"error","message":"Error receiving messages","service":"worker-service","timestamp":"I7O8601","version":"1.0.0"}
{"environment":"development","error":{"$metadata":{"attempts":3,"totalRetryDelay":89},"code":"ENOTFOUND","errno":-3008,"hostname":"sqs.us-east-1.amazonaws.com","syscall":"getaddrinfo"},"instanceId":"Abdullah-pc","level":"error","message":"Full error","service":"worker-service","timestamp":"I7O8601","version":"1.0.0"}
{"environment":"development","error":"getaddrinfo ENOTFOUND sqs.us-east-1.amazonaws.com","instanceId":"Abdullah-pc","level":"error","message":"Error receiving messages","service":"notification-worker-service","timestamp":"I7O8601","version":"1.0.0"}
{"environment":"development","error":{"$metadata":{"attempts":3,"totalRetryDelay":81},"code":"ENOTFOUND","errno":-3008,"hostname":"sqs.us-east-1.amazonaws.com","syscall":"getaddrinfo"},"instanceId":"Abdullah-pc","level":"error","message":"Full error","service":"notification-worker-service","timestamp":"I7O8601","version":"1.0.0"}
{"environment":"development","error":"getaddrinfo ENOTFOUND sqs.us-east-1.amazonaws.com","instanceId":"Abdullah-pc","level":"error","message":"Error receiving messages","service":"notification-worker-service","timestamp":"I8O8601","version":"1.0.0"}
{"environment":"development","error":{"$metadata":{"attempts":3,"totalRetryDelay":98},"code":"ENOTFOUND","errno":-3008,"hostname":"sqs.us-east-1.amazonaws.com","syscall":"getaddrinfo"},"instanceId":"Abdullah-pc","level":"error","message":"Full error","service":"notification-worker-service","timestamp":"I8O8601","version":"1.0.0"}
{"environment":"development","error":"getaddrinfo ENOTFOUND sqs.us-east-1.amazonaws.com","instanceId":"Abdullah-pc","level":"error","message":"Error receiving messages","service":"worker-service","timestamp":"I8O8601","version":"1.0.0"}
{"environment":"development","error":{"$metadata":{"attempts":3,"totalRetryDelay":146},"code":"ENOTFOUND","errno":-3008,"hostname":"sqs.us-east-1.amazonaws.com","syscall":"getaddrinfo"},"instanceId":"Abdullah-pc","level":"error","message":"Full error","service":"worker-service","timestamp":"I8O8601","version":"1.0.0"}
{"environment":"development","error":"getaddrinfo ENOTFOUND sqs.us-east-1.amazonaws.com","instanceId":"Abdullah-pc","level":"error","message":"Error receiving messages","service":"notification-worker-service","timestamp":"I10O8601","version":"1.0.0"}
{"environment":"development","error":"getaddrinfo ENOTFOUND sqs.us-east-1.amazonaws.com","instanceId":"Abdullah-pc","level":"error","message":"Error receiving messages","service":"worker-service","timestamp":"I10O8601","version":"1.0.0"}
{"environment":"development","error":{"$metadata":{"attempts":3,"totalRetryDelay":136},"code":"ENOTFOUND","errno":-3008,"hostname":"sqs.us-east-1.amazonaws.com","syscall":"getaddrinfo"},"instanceId":"Abdullah-pc","level":"error","message":"Full error","service":"notification-worker-service","timestamp":"I10O8601","version":"1.0.0"}
{"environment":"development","error":{"$metadata":{"attempts":3,"totalRetryDelay":128},"code":"ENOTFOUND","errno":-3008,"hostname":"sqs.us-east-1.amazonaws.com","syscall":"getaddrinfo"},"instanceId":"Abdullah-pc","level":"error","message":"Full error","service":"worker-service","timestamp":"I10O8601","version":"1.0.0"}
{"environment":"development","error":"getaddrinfo ENOTFOUND sqs.us-east-1.amazonaws.com","instanceId":"Abdullah-pc","level":"error","message":"Error receiving messages","service":"worker-service","timestamp":"I2O8601","version":"1.0.0"}
{"environment":"development","error":{"$metadata":{"attempts":3,"totalRetryDelay":127},"code":"ENOTFOUND","errno":-3008,"hostname":"sqs.us-east-1.amazonaws.com","syscall":"getaddrinfo"},"instanceId":"Abdullah-pc","level":"error","message":"Full error","service":"worker-service","timestamp":"I2O8601","version":"1.0.0"}
{"environment":"development","error":"getaddrinfo ENOTFOUND sqs.us-east-1.amazonaws.com","instanceId":"Abdullah-pc","level":"error","message":"Error receiving messages","service":"notification-worker-service","timestamp":"I2O8601","version":"1.0.0"}
{"environment":"development","error":{"$metadata":{"attempts":3,"totalRetryDelay":166},"code":"ENOTFOUND","errno":-3008,"hostname":"sqs.us-east-1.amazonaws.com","syscall":"getaddrinfo"},"instanceId":"Abdullah-pc","level":"error","message":"Full error","service":"notification-worker-service","timestamp":"I2O8601","version":"1.0.0"}
{"environment":"development","error":"getaddrinfo ENOTFOUND sqs.us-east-1.amazonaws.com","instanceId":"Abdullah-pc","level":"error","message":"Error receiving messages","service":"worker-service","timestamp":"I4O8601","version":"1.0.0"}
{"environment":"development","error":{"$metadata":{"attempts":3,"totalRetryDelay":165},"code":"ENOTFOUND","errno":-3008,"hostname":"sqs.us-east-1.amazonaws.com","syscall":"getaddrinfo"},"instanceId":"Abdullah-pc","level":"error","message":"Full error","service":"worker-service","timestamp":"I4O8601","version":"1.0.0"}
{"environment":"development","error":"getaddrinfo ENOTFOUND sqs.us-east-1.amazonaws.com","instanceId":"Abdullah-pc","level":"error","message":"Error receiving messages","service":"notification-worker-service","timestamp":"I4O8601","version":"1.0.0"}
{"environment":"development","error":{"$metadata":{"attempts":3,"totalRetryDelay":183},"code":"ENOTFOUND","errno":-3008,"hostname":"sqs.us-east-1.amazonaws.com","syscall":"getaddrinfo"},"instanceId":"Abdullah-pc","level":"error","message":"Full error","service":"notification-worker-service","timestamp":"I4O8601","version":"1.0.0"}
{"environment":"development","error":"getaddrinfo ENOTFOUND sqs.us-east-1.amazonaws.com","instanceId":"Abdullah-pc","level":"error","message":"Error receiving messages","service":"worker-service","timestamp":"I4O8601","version":"1.0.0"}
{"environment":"development","error":{"$metadata":{"attempts":3,"totalRetryDelay":41},"code":"ENOTFOUND","errno":-3008,"hostname":"sqs.us-east-1.amazonaws.com","syscall":"getaddrinfo"},"instanceId":"Abdullah-pc","level":"error","message":"Full error","service":"worker-service","timestamp":"I4O8601","version":"1.0.0"}
{"environment":"development","error":"getaddrinfo ENOTFOUND sqs.us-east-1.amazonaws.com","instanceId":"Abdullah-pc","level":"error","message":"Error receiving messages","service":"worker-service","timestamp":"I5O8601","version":"1.0.0"}
{"environment":"development","error":{"$metadata":{"attempts":3,"totalRetryDelay":21},"code":"ENOTFOUND","errno":-3008,"hostname":"sqs.us-east-1.amazonaws.com","syscall":"getaddrinfo"},"instanceId":"Abdullah-pc","level":"error","message":"Full error","service":"worker-service","timestamp":"I5O8601","version":"1.0.0"}
{"environment":"development","error":"getaddrinfo ENOTFOUND sqs.us-east-1.amazonaws.com","instanceId":"Abdullah-pc","level":"error","message":"Error receiving messages","service":"worker-service","timestamp":"I6O8601","version":"1.0.0"}
{"environment":"development","error":{"$metadata":{"attempts":3,"totalRetryDelay":120},"code":"ENOTFOUND","errno":-3008,"hostname":"sqs.us-east-1.amazonaws.com","syscall":"getaddrinfo"},"instanceId":"Abdullah-pc","level":"error","message":"Full error","service":"worker-service","timestamp":"I6O8601","version":"1.0.0"}
{"environment":"development","error":"getaddrinfo ENOTFOUND sqs.us-east-1.amazonaws.com","instanceId":"Abdullah-pc","level":"error","message":"Error receiving messages","service":"notification-worker-service","timestamp":"I7O8601","version":"1.0.0"}
{"environment":"development","error":{"$metadata":{"attempts":3,"totalRetryDelay":260},"code":"ENOTFOUND","errno":-3008,"hostname":"sqs.us-east-1.amazonaws.com","syscall":"getaddrinfo"},"instanceId":"Abdullah-pc","level":"error","message":"Full error","service":"notification-worker-service","timestamp":"I7O8601","version":"1.0.0"}
{"environment":"development","error":"getaddrinfo ENOTFOUND sqs.us-east-1.amazonaws.com","instanceId":"Abdullah-pc","level":"error","message":"Error receiving messages","service":"worker-service","timestamp":"I7O8601","version":"1.0.0"}
{"environment":"development","error":{"$metadata":{"attempts":3,"totalRetryDelay":47},"code":"ENOTFOUND","errno":-3008,"hostname":"sqs.us-east-1.amazonaws.com","syscall":"getaddrinfo"},"instanceId":"Abdullah-pc","level":"error","message":"Full error","service":"worker-service","timestamp":"I7O8601","version":"1.0.0"}
{"environment":"development","error":"getaddrinfo ENOTFOUND sqs.us-east-1.amazonaws.com","instanceId":"Abdullah-pc","level":"error","message":"Error receiving messages","service":"notification-worker-service","timestamp":"I10O8601","version":"1.0.0"}
{"environment":"development","error":{"$metadata":{"attempts":3,"totalRetryDelay":233},"code":"ENOTFOUND","errno":-3008,"hostname":"sqs.us-east-1.amazonaws.com","syscall":"getaddrinfo"},"instanceId":"Abdullah-pc","level":"error","message":"Full error","service":"notification-worker-service","timestamp":"I10O8601","version":"1.0.0"}
{"environment":"development","error":"getaddrinfo ENOTFOUND sqs.us-east-1.amazonaws.com","instanceId":"Abdullah-pc","level":"error","message":"Error receiving messages","service":"worker-service","timestamp":"I10O8601","version":"1.0.0"}
{"environment":"development","error":{"$metadata":{"attempts":3,"totalRetryDelay":219},"code":"ENOTFOUND","errno":-3008,"hostname":"sqs.us-east-1.amazonaws.com","syscall":"getaddrinfo"},"instanceId":"Abdullah-pc","level":"error","message":"Full error","service":"worker-service","timestamp":"I10O8601","version":"1.0.0"}
{"environment":"development","error":"getaddrinfo ENOTFOUND sqs.us-east-1.amazonaws.com","instanceId":"Abdullah-pc","level":"error","message":"Error receiving messages","service":"worker-service","timestamp":"I1O8601","version":"1.0.0"}
{"environment":"development","error":{"$metadata":{"attempts":3,"totalRetryDelay":99},"code":"ENOTFOUND","errno":-3008,"hostname":"sqs.us-east-1.amazonaws.com","syscall":"getaddrinfo"},"instanceId":"Abdullah-pc","level":"error","message":"Full error","service":"worker-service","timestamp":"I1O8601","version":"1.0.0"}
{"environment":"development","error":"getaddrinfo ENOTFOUND sqs.us-east-1.amazonaws.com","instanceId":"Abdullah-pc","level":"error","message":"Error receiving messages","service":"notification-worker-service","timestamp":"I1O8601","version":"1.0.0"}
{"environment":"development","error":{"$metadata":{"attempts":3,"totalRetryDelay":145},"code":"ENOTFOUND","errno":-3008,"hostname":"sqs.us-east-1.amazonaws.com","syscall":"getaddrinfo"},"instanceId":"Abdullah-pc","level":"error","message":"Full error","service":"notification-worker-service","timestamp":"I1O8601","version":"1.0.0"}
{"environment":"development","error":"getaddrinfo ENOTFOUND sqs.us-east-1.amazonaws.com","instanceId":"Abdullah-pc","level":"error","message":"Error receiving messages","service":"notification-worker-service","timestamp":"I3O8601","version":"1.0.0"}
{"environment":"development","error":{"$metadata":{"attempts":3,"totalRetryDelay":173},"code":"ENOTFOUND","errno":-3008,"hostname":"sqs.us-east-1.amazonaws.com","syscall":"getaddrinfo"},"instanceId":"Abdullah-pc","level":"error","message":"Full error","service":"notification-worker-service","timestamp":"I3O8601","version":"1.0.0"}
{"environment":"development","error":"getaddrinfo ENOTFOUND sqs.us-east-1.amazonaws.com","instanceId":"Abdullah-pc","level":"error","message":"Error receiving messages","service":"worker-service","timestamp":"I4O8601","version":"1.0.0"}
{"environment":"development","error":"getaddrinfo ENOTFOUND sqs.us-east-1.amazonaws.com","instanceId":"Abdullah-pc","level":"error","message":"Error receiving messages","service":"notification-worker-service","timestamp":"I4O8601","version":"1.0.0"}
{"environment":"development","error":{"$metadata":{"attempts":3,"totalRetryDelay":273},"code":"ENOTFOUND","errno":-3008,"hostname":"sqs.us-east-1.amazonaws.com","syscall":"getaddrinfo"},"instanceId":"Abdullah-pc","level":"error","message":"Full error","service":"worker-service","timestamp":"I4O8601","version":"1.0.0"}
{"environment":"development","error":{"$metadata":{"attempts":3,"totalRetryDelay":56},"code":"ENOTFOUND","errno":-3008,"hostname":"sqs.us-east-1.amazonaws.com","syscall":"getaddrinfo"},"instanceId":"Abdullah-pc","level":"error","message":"Full error","service":"notification-worker-service","timestamp":"I4O8601","version":"1.0.0"}
{"environment":"development","error":"getaddrinfo ENOTFOUND sqs.us-east-1.amazonaws.com","instanceId":"Abdullah-pc","level":"error","message":"Error receiving messages","service":"worker-service","timestamp":"I5O8601","version":"1.0.0"}
{"environment":"development","error":{"$metadata":{"attempts":3,"totalRetryDelay":82},"code":"ENOTFOUND","errno":-3008,"hostname":"sqs.us-east-1.amazonaws.com","syscall":"getaddrinfo"},"instanceId":"Abdullah-pc","level":"error","message":"Full error","service":"worker-service","timestamp":"I5O8601","version":"1.0.0"}
{"environment":"development","error":"getaddrinfo ENOTFOUND sqs.us-east-1.amazonaws.com","instanceId":"Abdullah-pc","level":"error","message":"Error receiving messages","service":"notification-worker-service","timestamp":"I6O8601","version":"1.0.0"}
{"environment":"development","error":{"$metadata":{"attempts":3,"totalRetryDelay":172},"code":"ENOTFOUND","errno":-3008,"hostname":"sqs.us-east-1.amazonaws.com","syscall":"getaddrinfo"},"instanceId":"Abdullah-pc","level":"error","message":"Full error","service":"notification-worker-service","timestamp":"I6O8601","version":"1.0.0"}
{"environment":"development","error":"getaddrinfo ENOTFOUND sqs.us-east-1.amazonaws.com","instanceId":"Abdullah-pc","level":"error","message":"Error receiving messages","service":"worker-service","timestamp":"I7O8601","version":"1.0.0"}
{"environment":"development","error":{"$metadata":{"attempts":3,"totalRetryDelay":123},"code":"ENOTFOUND","errno":-3008,"hostname":"sqs.us-east-1.amazonaws.com","syscall":"getaddrinfo"},"instanceId":"Abdullah-pc","level":"error","message":"Full error","service":"worker-service","timestamp":"I7O8601","version":"1.0.0"}
{"environment":"development","error":"getaddrinfo ENOTFOUND sqs.us-east-1.amazonaws.com","instanceId":"Abdullah-pc","level":"error","message":"Error receiving messages","service":"notification-worker-service","timestamp":"I8O8601","version":"1.0.0"}
{"environment":"development","error":{"$metadata":{"attempts":3,"totalRetryDelay":181},"code":"ENOTFOUND","errno":-3008,"hostname":"sqs.us-east-1.amazonaws.com","syscall":"getaddrinfo"},"instanceId":"Abdullah-pc","level":"error","message":"Full error","service":"notification-worker-service","timestamp":"I8O8601","version":"1.0.0"}
{"environment":"development","error":"getaddrinfo ENOTFOUND sqs.us-east-1.amazonaws.com","instanceId":"Abdullah-pc","level":"error","message":"Error receiving messages","service":"notification-worker-service","timestamp":"I10O8601","version":"1.0.0"}
{"environment":"development","error":{"$metadata":{"attempts":3,"totalRetryDelay":109},"code":"ENOTFOUND","errno":-3008,"hostname":"sqs.us-east-1.amazonaws.com","syscall":"getaddrinfo"},"instanceId":"Abdullah-pc","level":"error","message":"Full error","service":"notification-worker-service","timestamp":"I10O8601","version":"1.0.0"}
{"environment":"development","error":"getaddrinfo ENOTFOUND sqs.us-east-1.amazonaws.com","instanceId":"Abdullah-pc","level":"error","message":"Error receiving messages","service":"worker-service","timestamp":"I10O8601","version":"1.0.0"}
{"environment":"development","error":{"$metadata":{"attempts":3,"totalRetryDelay":265},"code":"ENOTFOUND","errno":-3008,"hostname":"sqs.us-east-1.amazonaws.com","syscall":"getaddrinfo"},"instanceId":"Abdullah-pc","level":"error","message":"Full error","service":"worker-service","timestamp":"I10O8601","version":"1.0.0"}
{"environment":"development","error":"getaddrinfo ENOTFOUND sqs.us-east-1.amazonaws.com","instanceId":"Abdullah-pc","level":"error","message":"Error receiving messages","service":"notification-worker-service","timestamp":"I0O8601","version":"1.0.0"}
{"environment":"development","error":{"$metadata":{"attempts":3,"totalRetryDelay":37},"code":"ENOTFOUND","errno":-3008,"hostname":"sqs.us-east-1.amazonaws.com","syscall":"getaddrinfo"},"instanceId":"Abdullah-pc","level":"error","message":"Full error","service":"notification-worker-service","timestamp":"I0O8601","version":"1.0.0"}
{"environment":"development","error":"getaddrinfo ENOTFOUND sqs.us-east-1.amazonaws.com","instanceId":"Abdullah-pc","level":"error","message":"Error receiving messages","service":"worker-service","timestamp":"I0O8601","version":"1.0.0"}
{"environment":"development","error":{"$metadata":{"attempts":3,"totalRetryDelay":31},"code":"ENOTFOUND","errno":-3008,"hostname":"sqs.us-east-1.amazonaws.com","syscall":"getaddrinfo"},"instanceId":"Abdullah-pc","level":"error","message":"Full error","service":"worker-service","timestamp":"I0O8601","version":"1.0.0"}
{"environment":"development","error":"getaddrinfo ENOTFOUND sqs.us-east-1.amazonaws.com","instanceId":"Abdullah-pc","level":"error","message":"Error receiving messages","service":"notification-worker-service","timestamp":"I2O8601","version":"1.0.0"}
{"environment":"development","error":{"$metadata":{"attempts":3,"totalRetryDelay":164},"code":"ENOTFOUND","errno":-3008,"hostname":"sqs.us-east-1.amazonaws.com","syscall":"getaddrinfo"},"instanceId":"Abdullah-pc","level":"error","message":"Full error","service":"notification-worker-service","timestamp":"I2O8601","version":"1.0.0"}
{"environment":"development","error":"getaddrinfo ENOTFOUND sqs.us-east-1.amazonaws.com","instanceId":"Abdullah-pc","level":"error","message":"Error receiving messages","service":"worker-service","timestamp":"I2O8601","version":"1.0.0"}
{"environment":"development","error":{"$metadata":{"attempts":3,"totalRetryDelay":176},"code":"ENOTFOUND","errno":-3008,"hostname":"sqs.us-east-1.amazonaws.com","syscall":"getaddrinfo"},"instanceId":"Abdullah-pc","level":"error","message":"Full error","service":"worker-service","timestamp":"I3O8601","version":"1.0.0"}
{"environment":"development","error":"getaddrinfo ENOTFOUND sqs.us-east-1.amazonaws.com","instanceId":"Abdullah-pc","level":"error","message":"Error receiving messages","service":"worker-service","timestamp":"I4O8601","version":"1.0.0"}
{"environment":"development","error":{"$metadata":{"attempts":3,"totalRetryDelay":125},"code":"ENOTFOUND","errno":-3008,"hostname":"sqs.us-east-1.amazonaws.com","syscall":"getaddrinfo"},"instanceId":"Abdullah-pc","level":"error","message":"Full error","service":"worker-service","timestamp":"I4O8601","version":"1.0.0"}
{"environment":"development","error":"getaddrinfo ENOTFOUND sqs.us-east-1.amazonaws.com","instanceId":"Abdullah-pc","level":"error","message":"Error receiving messages","service":"notification-worker-service","timestamp":"I5O8601","version":"1.0.0"}
{"environment":"development","error":{"$metadata":{"attempts":3,"totalRetryDelay":180},"code":"ENOTFOUND","errno":-3008,"hostname":"sqs.us-east-1.amazonaws.com","syscall":"getaddrinfo"},"instanceId":"Abdullah-pc","level":"error","message":"Full error","service":"notification-worker-service","timestamp":"I5O8601","version":"1.0.0"}
{"environment":"development","error":"getaddrinfo ENOTFOUND sqs.us-east-1.amazonaws.com","instanceId":"Abdullah-pc","level":"error","message":"Error receiving messages","service":"worker-service","timestamp":"I5O8601","version":"1.0.0"}
{"environment":"development","error":{"$metadata":{"attempts":3,"totalRetryDelay":87},"code":"ENOTFOUND","errno":-3008,"hostname":"sqs.us-east-1.amazonaws.com","syscall":"getaddrinfo"},"instanceId":"Abdullah-pc","level":"error","message":"Full error","service":"worker-service","timestamp":"I5O8601","version":"1.0.0"}
{"environment":"development","error":"getaddrinfo ENOTFOUND sqs.us-east-1.amazonaws.com","instanceId":"Abdullah-pc","level":"error","message":"Error receiving messages","service":"notification-worker-service","timestamp":"I6O8601","version":"1.0.0"}
{"environment":"development","error":{"$metadata":{"attempts":3,"totalRetryDelay":111},"code":"ENOTFOUND","errno":-3008,"hostname":"sqs.us-east-1.amazonaws.com","syscall":"getaddrinfo"},"instanceId":"Abdullah-pc","level":"error","message":"Full error","service":"notification-worker-service","timestamp":"I6O8601","version":"1.0.0"}
{"environment":"development","error":"getaddrinfo ENOTFOUND sqs.us-east-1.amazonaws.com","instanceId":"Abdullah-pc","level":"error","message":"Error receiving messages","service":"worker-service","timestamp":"I7O8601","version":"1.0.0"}
{"environment":"development","error":{"$metadata":{"attempts":3,"totalRetryDelay":103},"code":"ENOTFOUND","errno":-3008,"hostname":"sqs.us-east-1.amazonaws.com","syscall":"getaddrinfo"},"instanceId":"Abdullah-pc","level":"error","message":"Full error","service":"worker-service","timestamp":"I7O8601","version":"1.0.0"}
{"environment":"development","error":"getaddrinfo ENOTFOUND sqs.us-east-1.amazonaws.com","instanceId":"Abdullah-pc","level":"error","message":"Error receiving messages","service":"notification-worker-service","timestamp":"I8O8601","version":"1.0.0"}
{"environment":"development","error":{"$metadata":{"attempts":3,"totalRetryDelay":135},"code":"ENOTFOUND","errno":-3008,"hostname":"sqs.us-east-1.amazonaws.com","syscall":"getaddrinfo"},"instanceId":"Abdullah-pc","level":"error","message":"Full error","service":"notification-worker-service","timestamp":"I8O8601","version":"1.0.0"}
{"environment":"development","error":"getaddrinfo ENOTFOUND sqs.us-east-1.amazonaws.com","instanceId":"Abdullah-pc","level":"error","message":"Error receiving messages","service":"worker-service","timestamp":"I9O8601","version":"1.0.0"}
{"environment":"development","error":{"$metadata":{"attempts":3,"totalRetryDelay":161},"code":"ENOTFOUND","errno":-3008,"hostname":"sqs.us-east-1.amazonaws.com","syscall":"getaddrinfo"},"instanceId":"Abdullah-pc","level":"error","message":"Full error","service":"worker-service","timestamp":"I9O8601","version":"1.0.0"}
{"environment":"development","error":"getaddrinfo ENOTFOUND sqs.us-east-1.amazonaws.com","instanceId":"Abdullah-pc","level":"error","message":"Error receiving messages","service":"notification-worker-service","timestamp":"I9O8601","version":"1.0.0"}
{"environment":"development","error":{"$metadata":{"attempts":3,"totalRetryDelay":167},"code":"ENOTFOUND","errno":-3008,"hostname":"sqs.us-east-1.amazonaws.com","syscall":"getaddrinfo"},"instanceId":"Abdullah-pc","level":"error","message":"Full error","service":"notification-worker-service","timestamp":"I9O8601","version":"1.0.0"}
{"environment":"development","error":"getaddrinfo ENOTFOUND sqs.us-east-1.amazonaws.com","instanceId":"Abdullah-pc","level":"error","message":"Error receiving messages","service":"worker-service","timestamp":"I0O8601","version":"1.0.0"}
{"environment":"development","error":{"$metadata":{"attempts":3,"totalRetryDelay":109},"code":"ENOTFOUND","errno":-3008,"hostname":"sqs.us-east-1.amazonaws.com","syscall":"getaddrinfo"},"instanceId":"Abdullah-pc","level":"error","message":"Full error","service":"worker-service","timestamp":"I0O8601","version":"1.0.0"}
{"environment":"development","error":"getaddrinfo ENOTFOUND sqs.us-east-1.amazonaws.com","instanceId":"Abdullah-pc","level":"error","message":"Error receiving messages","service":"notification-worker-service","timestamp":"I1O8601","version":"1.0.0"}
{"environment":"development","error":{"$metadata":{"attempts":3,"totalRetryDelay":119},"code":"ENOTFOUND","errno":-3008,"hostname":"sqs.us-east-1.amazonaws.com","syscall":"getaddrinfo"},"instanceId":"Abdullah-pc","level":"error","message":"Full error","service":"notification-worker-service","timestamp":"I1O8601","version":"1.0.0"}
{"environment":"development","error":"getaddrinfo ENOTFOUND sqs.us-east-1.amazonaws.com","instanceId":"Abdullah-pc","level":"error","message":"Error receiving messages","service":"worker-service","timestamp":"I2O8601","version":"1.0.0"}
{"environment":"development","error":{"$metadata":{"attempts":3,"totalRetryDelay":137},"code":"ENOTFOUND","errno":-3008,"hostname":"sqs.us-east-1.amazonaws.com","syscall":"getaddrinfo"},"instanceId":"Abdullah-pc","level":"error","message":"Full error","service":"worker-service","timestamp":"I2O8601","version":"1.0.0"}
{"environment":"development","error":"getaddrinfo ENOTFOUND sqs.us-east-1.amazonaws.com","instanceId":"Abdullah-pc","level":"error","message":"Error receiving messages","service":"notification-worker-service","timestamp":"I2O8601","version":"1.0.0"}
{"environment":"development","error":{"$metadata":{"attempts":3,"totalRetryDelay":114},"code":"ENOTFOUND","errno":-3008,"hostname":"sqs.us-east-1.amazonaws.com","syscall":"getaddrinfo"},"instanceId":"Abdullah-pc","level":"error","message":"Full error","service":"notification-worker-service","timestamp":"I2O8601","version":"1.0.0"}
{"environment":"development","error":"getaddrinfo ENOTFOUND sqs.us-east-1.amazonaws.com","instanceId":"Abdullah-pc","level":"error","message":"Error receiving messages","service":"worker-service","timestamp":"I4O8601","version":"1.0.0"}
{"environment":"development","error":{"$metadata":{"attempts":3,"totalRetryDelay":130},"code":"ENOTFOUND","errno":-3008,"hostname":"sqs.us-east-1.amazonaws.com","syscall":"getaddrinfo"},"instanceId":"Abdullah-pc","level":"error","message":"Full error","service":"worker-service","timestamp":"I4O8601","version":"1.0.0"}
{"environment":"development","error":"getaddrinfo ENOTFOUND sqs.us-east-1.amazonaws.com","instanceId":"Abdullah-pc","level":"error","message":"Error receiving messages","service":"notification-worker-service","timestamp":"I4O8601","version":"1.0.0"}
{"environment":"development","error":{"$metadata":{"attempts":3,"totalRetryDelay":101},"code":"ENOTFOUND","errno":-3008,"hostname":"sqs.us-east-1.amazonaws.com","syscall":"getaddrinfo"},"instanceId":"Abdullah-pc","level":"error","message":"Full error","service":"notification-worker-service","timestamp":"I4O8601","version":"1.0.0"}
{"environment":"development","error":"getaddrinfo ENOTFOUND sqs.us-east-1.amazonaws.com","instanceId":"Abdullah-pc","level":"error","message":"Error receiving messages","service":"notification-worker-service","timestamp":"I5O8601","version":"1.0.0"}
{"environment":"development","error":{"$metadata":{"attempts":3,"totalRetryDelay":69},"code":"ENOTFOUND","errno":-3008,"hostname":"sqs.us-east-1.amazonaws.com","syscall":"getaddrinfo"},"instanceId":"Abdullah-pc","level":"error","message":"Full error","service":"notification-worker-service","timestamp":"I5O8601","version":"1.0.0"}
{"environment":"development","error":"getaddrinfo ENOTFOUND sqs.us-east-1.amazonaws.com","instanceId":"Abdullah-pc","level":"error","message":"Error receiving messages","service":"worker-service","timestamp":"I6O8601","version":"1.0.0"}
{"environment":"development","error":{"$metadata":{"attempts":3,"totalRetryDelay":231},"code":"ENOTFOUND","errno":-3008,"hostname":"sqs.us-east-1.amazonaws.com","syscall":"getaddrinfo"},"instanceId":"Abdullah-pc","level":"error","message":"Full error","service":"worker-service","timestamp":"I6O8601","version":"1.0.0"}
{"environment":"development","error":"getaddrinfo ENOTFOUND sqs.us-east-1.amazonaws.com","instanceId":"Abdullah-pc","level":"error","message":"Error receiving messages","service":"notification-worker-service","timestamp":"I8O8601","version":"1.0.0"}
{"environment":"development","error":{"$metadata":{"attempts":3,"totalRetryDelay":254},"code":"ENOTFOUND","errno":-3008,"hostname":"sqs.us-east-1.amazonaws.com","syscall":"getaddrinfo"},"instanceId":"Abdullah-pc","level":"error","message":"Full error","service":"notification-worker-service","timestamp":"I8O8601","version":"1.0.0"}
{"environment":"development","error":"getaddrinfo ENOTFOUND sqs.us-east-1.amazonaws.com","instanceId":"Abdullah-pc","level":"error","message":"Error receiving messages","service":"worker-service","timestamp":"I8O8601","version":"1.0.0"}
{"environment":"development","error":{"$metadata":{"attempts":3,"totalRetryDelay":181},"code":"ENOTFOUND","errno":-3008,"hostname":"sqs.us-east-1.amazonaws.com","syscall":"getaddrinfo"},"instanceId":"Abdullah-pc","level":"error","message":"Full error","service":"worker-service","timestamp":"I8O8601","version":"1.0.0"}
{"environment":"development","error":"getaddrinfo ENOTFOUND sqs.us-east-1.amazonaws.com","instanceId":"Abdullah-pc","level":"error","message":"Error receiving messages","service":"notification-worker-service","timestamp":"I9O8601","version":"1.0.0"}
{"environment":"development","error":{"$metadata":{"attempts":3,"totalRetryDelay":120},"code":"ENOTFOUND","errno":-3008,"hostname":"sqs.us-east-1.amazonaws.com","syscall":"getaddrinfo"},"instanceId":"Abdullah-pc","level":"error","message":"Full error","service":"notification-worker-service","timestamp":"I9O8601","version":"1.0.0"}
{"environment":"development","error":"getaddrinfo ENOTFOUND sqs.us-east-1.amazonaws.com","instanceId":"Abdullah-pc","level":"error","message":"Error receiving messages","service":"worker-service","timestamp":"I10O8601","version":"1.0.0"}
{"environment":"development","error":{"$metadata":{"attempts":3,"totalRetryDelay":123},"code":"ENOTFOUND","errno":-3008,"hostname":"sqs.us-east-1.amazonaws.com","syscall":"getaddrinfo"},"instanceId":"Abdullah-pc","level":"error","message":"Full error","service":"worker-service","timestamp":"I10O8601","version":"1.0.0"}
{"environment":"development","error":"getaddrinfo ENOTFOUND sqs.us-east-1.amazonaws.com","instanceId":"Abdullah-pc","level":"error","message":"Error receiving messages","service":"worker-service","timestamp":"I1O8601","version":"1.0.0"}
{"environment":"development","error":{"$metadata":{"attempts":3,"totalRetryDelay":58},"code":"ENOTFOUND","errno":-3008,"hostname":"sqs.us-east-1.amazonaws.com","syscall":"getaddrinfo"},"instanceId":"Abdullah-pc","level":"error","message":"Full error","service":"worker-service","timestamp":"I1O8601","version":"1.0.0"}
{"environment":"development","error":"getaddrinfo ENOTFOUND sqs.us-east-1.amazonaws.com","instanceId":"Abdullah-pc","level":"error","message":"Error receiving messages","service":"notification-worker-service","timestamp":"I1O8601","version":"1.0.0"}
{"environment":"development","error":{"$metadata":{"attempts":3,"totalRetryDelay":111},"code":"ENOTFOUND","errno":-3008,"hostname":"sqs.us-east-1.amazonaws.com","syscall":"getaddrinfo"},"instanceId":"Abdullah-pc","level":"error","message":"Full error","service":"notification-worker-service","timestamp":"I1O8601","version":"1.0.0"}
{"environment":"development","error":"getaddrinfo ENOTFOUND sqs.us-east-1.amazonaws.com","instanceId":"Abdullah-pc","level":"error","message":"Error receiving messages","service":"notification-worker-service","timestamp":"I2O8601","version":"1.0.0"}
{"environment":"development","error":{"$metadata":{"attempts":3,"totalRetryDelay":61},"code":"ENOTFOUND","errno":-3008,"hostname":"sqs.us-east-1.amazonaws.com","syscall":"getaddrinfo"},"instanceId":"Abdullah-pc","level":"error","message":"Full error","service":"notification-worker-service","timestamp":"I2O8601","version":"1.0.0"}
{"environment":"development","error":"getaddrinfo ENOTFOUND sqs.us-east-1.amazonaws.com","instanceId":"Abdullah-pc","level":"error","message":"Error receiving messages","service":"worker-service","timestamp":"I3O8601","version":"1.0.0"}
{"environment":"development","error":{"$metadata":{"attempts":3,"totalRetryDelay":210},"code":"ENOTFOUND","errno":-3008,"hostname":"sqs.us-east-1.amazonaws.com","syscall":"getaddrinfo"},"instanceId":"Abdullah-pc","level":"error","message":"Full error","service":"worker-service","timestamp":"I3O8601","version":"1.0.0"}
{"environment":"development","error":"getaddrinfo ENOTFOUND sqs.us-east-1.amazonaws.com","instanceId":"Abdullah-pc","level":"error","message":"Error receiving messages","service":"notification-worker-service","timestamp":"I4O8601","version":"1.0.0"}
{"environment":"development","error":{"$metadata":{"attempts":3,"totalRetryDelay":211},"code":"ENOTFOUND","errno":-3008,"hostname":"sqs.us-east-1.amazonaws.com","syscall":"getaddrinfo"},"instanceId":"Abdullah-pc","level":"error","message":"Full error","service":"notification-worker-service","timestamp":"I4O8601","version":"1.0.0"}
{"environment":"development","error":"getaddrinfo ENOTFOUND sqs.us-east-1.amazonaws.com","instanceId":"Abdullah-pc","level":"error","message":"Error receiving messages","service":"worker-service","timestamp":"I5O8601","version":"1.0.0"}
{"environment":"development","error":{"$metadata":{"attempts":3,"totalRetryDelay":141},"code":"ENOTFOUND","errno":-3008,"hostname":"sqs.us-east-1.amazonaws.com","syscall":"getaddrinfo"},"instanceId":"Abdullah-pc","level":"error","message":"Full error","service":"worker-service","timestamp":"I5O8601","version":"1.0.0"}
{"environment":"development","error":"getaddrinfo ENOTFOUND sqs.us-east-1.amazonaws.com","instanceId":"Abdullah-pc","level":"error","message":"Error receiving messages","service":"notification-worker-service","timestamp":"I5O8601","version":"1.0.0"}
{"environment":"development","error":{"$metadata":{"attempts":3,"totalRetryDelay":60},"code":"ENOTFOUND","errno":-3008,"hostname":"sqs.us-east-1.amazonaws.com","syscall":"getaddrinfo"},"instanceId":"Abdullah-pc","level":"error","message":"Full error","service":"notification-worker-service","timestamp":"I5O8601","version":"1.0.0"}
{"environment":"development","error":"getaddrinfo ENOTFOUND sqs.us-east-1.amazonaws.com","instanceId":"Abdullah-pc","level":"error","message":"Error receiving messages","service":"notification-worker-service","timestamp":"I7O8601","version":"1.0.0"}
{"environment":"development","error":"getaddrinfo ENOTFOUND sqs.us-east-1.amazonaws.com","instanceId":"Abdullah-pc","level":"error","message":"Error receiving messages","service":"worker-service","timestamp":"I7O8601","version":"1.0.0"}
{"environment":"development","error":{"$metadata":{"attempts":3,"totalRetryDelay":226},"code":"ENOTFOUND","errno":-3008,"hostname":"sqs.us-east-1.amazonaws.com","syscall":"getaddrinfo"},"instanceId":"Abdullah-pc","level":"error","message":"Full error","service":"worker-service","timestamp":"I7O8601","version":"1.0.0"}
{"environment":"development","error":{"$metadata":{"attempts":3,"totalRetryDelay":208},"code":"ENOTFOUND","errno":-3008,"hostname":"sqs.us-east-1.amazonaws.com","syscall":"getaddrinfo"},"instanceId":"Abdullah-pc","level":"error","message":"Full error","service":"notification-worker-service","timestamp":"I7O8601","version":"1.0.0"}
{"environment":"development","error":"getaddrinfo ENOTFOUND sqs.us-east-1.amazonaws.com","instanceId":"Abdullah-pc","level":"error","message":"Error receiving messages","service":"worker-service","timestamp":"I9O8601","version":"1.0.0"}
{"environment":"development","error":{"$metadata":{"attempts":3,"totalRetryDelay":74},"code":"ENOTFOUND","errno":-3008,"hostname":"sqs.us-east-1.amazonaws.com","syscall":"getaddrinfo"},"instanceId":"Abdullah-pc","level":"error","message":"Full error","service":"worker-service","timestamp":"I9O8601","version":"1.0.0"}
{"environment":"development","error":"getaddrinfo ENOTFOUND sqs.us-east-1.amazonaws.com","instanceId":"Abdullah-pc","level":"error","message":"Error receiving messages","service":"notification-worker-service","timestamp":"I9O8601","version":"1.0.0"}
{"environment":"development","error":{"$metadata":{"attempts":3,"totalRetryDelay":96},"code":"ENOTFOUND","errno":-3008,"hostname":"sqs.us-east-1.amazonaws.com","syscall":"getaddrinfo"},"instanceId":"Abdullah-pc","level":"error","message":"Full error","service":"notification-worker-service","timestamp":"I9O8601","version":"1.0.0"}
{"environment":"development","error":"getaddrinfo ENOTFOUND sqs.us-east-1.amazonaws.com","instanceId":"Abdullah-pc","level":"error","message":"Error receiving messages","service":"notification-worker-service","timestamp":"I0O8601","version":"1.0.0"}
{"environment":"development","error":{"$metadata":{"attempts":3,"totalRetryDelay":133},"code":"ENOTFOUND","errno":-3008,"hostname":"sqs.us-east-1.amazonaws.com","syscall":"getaddrinfo"},"instanceId":"Abdullah-pc","level":"error","message":"Full error","service":"notification-worker-service","timestamp":"I0O8601","version":"1.0.0"}
{"environment":"development","error":"getaddrinfo ENOTFOUND sqs.us-east-1.amazonaws.com","instanceId":"Abdullah-pc","level":"error","message":"Error receiving messages","service":"worker-service","timestamp":"I1O8601","version":"1.0.0"}
{"environment":"development","error":{"$metadata":{"attempts":3,"totalRetryDelay":248},"code":"ENOTFOUND","errno":-3008,"hostname":"sqs.us-east-1.amazonaws.com","syscall":"getaddrinfo"},"instanceId":"Abdullah-pc","level":"error","message":"Full error","service":"worker-service","timestamp":"I1O8601","version":"1.0.0"}
{"environment":"development","error":"getaddrinfo ENOTFOUND sqs.us-east-1.amazonaws.com","instanceId":"Abdullah-pc","level":"error","message":"Error receiving messages","service":"notification-worker-service","timestamp":"I2O8601","version":"1.0.0"}
{"environment":"development","error":{"$metadata":{"attempts":3,"totalRetryDelay":148},"code":"ENOTFOUND","errno":-3008,"hostname":"sqs.us-east-1.amazonaws.com","syscall":"getaddrinfo"},"instanceId":"Abdullah-pc","level":"error","message":"Full error","service":"notification-worker-service","timestamp":"I2O8601","version":"1.0.0"}
{"environment":"development","error":"getaddrinfo ENOTFOUND sqs.us-east-1.amazonaws.com","instanceId":"Abdullah-pc","level":"error","message":"Error receiving messages","service":"notification-worker-service","timestamp":"I3O8601","version":"1.0.0"}
{"environment":"development","error":{"$metadata":{"attempts":3,"totalRetryDelay":60},"code":"ENOTFOUND","errno":-3008,"hostname":"sqs.us-east-1.amazonaws.com","syscall":"getaddrinfo"},"instanceId":"Abdullah-pc","level":"error","message":"Full error","service":"notification-worker-service","timestamp":"I3O8601","version":"1.0.0"}
{"environment":"development","error":"getaddrinfo ENOTFOUND sqs.us-east-1.amazonaws.com","instanceId":"Abdullah-pc","level":"error","message":"Error receiving messages","service":"worker-service","timestamp":"I3O8601","version":"1.0.0"}
{"environment":"development","error":{"$metadata":{"attempts":3,"totalRetryDelay":175},"code":"ENOTFOUND","errno":-3008,"hostname":"sqs.us-east-1.amazonaws.com","syscall":"getaddrinfo"},"instanceId":"Abdullah-pc","level":"error","message":"Full error","service":"worker-service","timestamp":"I3O8601","version":"1.0.0"}
{"environment":"development","error":"getaddrinfo ENOTFOUND sqs.us-east-1.amazonaws.com","instanceId":"Abdullah-pc","level":"error","message":"Error receiving messages","service":"notification-worker-service","timestamp":"I4O8601","version":"1.0.0"}
{"environment":"development","error":{"$metadata":{"attempts":3,"totalRetryDelay":77},"code":"ENOTFOUND","errno":-3008,"hostname":"sqs.us-east-1.amazonaws.com","syscall":"getaddrinfo"},"instanceId":"Abdullah-pc","level":"error","message":"Full error","service":"notification-worker-service","timestamp":"I4O8601","version":"1.0.0"}
{"environment":"development","error":"getaddrinfo ENOTFOUND sqs.us-east-1.amazonaws.com","instanceId":"Abdullah-pc","level":"error","message":"Error receiving messages","service":"worker-service","timestamp":"I5O8601","version":"1.0.0"}
{"environment":"development","error":{"$metadata":{"attempts":3,"totalRetryDelay":166},"code":"ENOTFOUND","errno":-3008,"hostname":"sqs.us-east-1.amazonaws.com","syscall":"getaddrinfo"},"instanceId":"Abdullah-pc","level":"error","message":"Full error","service":"worker-service","timestamp":"I5O8601","version":"1.0.0"}
{"environment":"development","error":"getaddrinfo ENOTFOUND sqs.us-east-1.amazonaws.com","instanceId":"Abdullah-pc","level":"error","message":"Error receiving messages","service":"notification-worker-service","timestamp":"I6O8601","version":"1.0.0"}
{"environment":"development","error":{"$metadata":{"attempts":3,"totalRetryDelay":164},"code":"ENOTFOUND","errno":-3008,"hostname":"sqs.us-east-1.amazonaws.com","syscall":"getaddrinfo"},"instanceId":"Abdullah-pc","level":"error","message":"Full error","service":"notification-worker-service","timestamp":"I6O8601","version":"1.0.0"}
{"environment":"development","error":"getaddrinfo ENOTFOUND sqs.us-east-1.amazonaws.com","instanceId":"Abdullah-pc","level":"error","message":"Error receiving messages","service":"worker-service","timestamp":"I8O8601","version":"1.0.0"}
{"environment":"development","error":{"$metadata":{"attempts":3,"totalRetryDelay":215},"code":"ENOTFOUND","errno":-3008,"hostname":"sqs.us-east-1.amazonaws.com","syscall":"getaddrinfo"},"instanceId":"Abdullah-pc","level":"error","message":"Full error","service":"worker-service","timestamp":"I8O8601","version":"1.0.0"}
{"environment":"development","error":"getaddrinfo ENOTFOUND sqs.us-east-1.amazonaws.com","instanceId":"Abdullah-pc","level":"error","message":"Error receiving messages","service":"notification-worker-service","timestamp":"I8O8601","version":"1.0.0"}
{"environment":"development","error":{"$metadata":{"attempts":3,"totalRetryDelay":165},"code":"ENOTFOUND","errno":-3008,"hostname":"sqs.us-east-1.amazonaws.com","syscall":"getaddrinfo"},"instanceId":"Abdullah-pc","level":"error","message":"Full error","service":"notification-worker-service","timestamp":"I8O8601","version":"1.0.0"}
{"environment":"development","error":"getaddrinfo ENOTFOUND sqs.us-east-1.amazonaws.com","instanceId":"Abdullah-pc","level":"error","message":"Error receiving messages","service":"worker-service","timestamp":"I10O8601","version":"1.0.0"}
{"environment":"development","error":{"$metadata":{"attempts":3,"totalRetryDelay":185},"code":"ENOTFOUND","errno":-3008,"hostname":"sqs.us-east-1.amazonaws.com","syscall":"getaddrinfo"},"instanceId":"Abdullah-pc","level":"error","message":"Full error","service":"worker-service","timestamp":"I10O8601","version":"1.0.0"}
{"environment":"development","error":"getaddrinfo ENOTFOUND sqs.us-east-1.amazonaws.com","instanceId":"Abdullah-pc","level":"error","message":"Error receiving messages","service":"notification-worker-service","timestamp":"I0O8601","version":"1.0.0"}
{"environment":"development","error":{"$metadata":{"attempts":3,"totalRetryDelay":147},"code":"ENOTFOUND","errno":-3008,"hostname":"sqs.us-east-1.amazonaws.com","syscall":"getaddrinfo"},"instanceId":"Abdullah-pc","level":"error","message":"Full error","service":"notification-worker-service","timestamp":"I0O8601","version":"1.0.0"}
{"environment":"development","error":"getaddrinfo ENOTFOUND sqs.us-east-1.amazonaws.com","instanceId":"Abdullah-pc","level":"error","message":"Error receiving messages","service":"notification-worker-service","timestamp":"I2O8601","version":"1.0.0"}
{"environment":"development","error":{"$metadata":{"attempts":3,"totalRetryDelay":144},"code":"ENOTFOUND","errno":-3008,"hostname":"sqs.us-east-1.amazonaws.com","syscall":"getaddrinfo"},"instanceId":"Abdullah-pc","level":"error","message":"Full error","service":"notification-worker-service","timestamp":"I2O8601","version":"1.0.0"}
{"environment":"development","error":"getaddrinfo ENOTFOUND sqs.us-east-1.amazonaws.com","instanceId":"Abdullah-pc","level":"error","message":"Error receiving messages","service":"worker-service","timestamp":"I3O8601","version":"1.0.0"}
{"environment":"development","error":{"$metadata":{"attempts":3,"totalRetryDelay":239},"code":"ENOTFOUND","errno":-3008,"hostname":"sqs.us-east-1.amazonaws.com","syscall":"getaddrinfo"},"instanceId":"Abdullah-pc","level":"error","message":"Full error","service":"worker-service","timestamp":"I3O8601","version":"1.0.0"}
{"environment":"development","error":"getaddrinfo ENOTFOUND sqs.us-east-1.amazonaws.com","instanceId":"Abdullah-pc","level":"error","message":"Error receiving messages","service":"notification-worker-service","timestamp":"I3O8601","version":"1.0.0"}
{"environment":"development","error":{"$metadata":{"attempts":3,"totalRetryDelay":94},"code":"ENOTFOUND","errno":-3008,"hostname":"sqs.us-east-1.amazonaws.com","syscall":"getaddrinfo"},"instanceId":"Abdullah-pc","level":"error","message":"Full error","service":"notification-worker-service","timestamp":"I3O8601","version":"1.0.0"}
{"environment":"development","error":"getaddrinfo ENOTFOUND sqs.us-east-1.amazonaws.com","instanceId":"Abdullah-pc","level":"error","message":"Error receiving messages","service":"worker-service","timestamp":"I4O8601","version":"1.0.0"}
{"environment":"development","error":{"$metadata":{"attempts":3,"totalRetryDelay":66},"code":"ENOTFOUND","errno":-3008,"hostname":"sqs.us-east-1.amazonaws.com","syscall":"getaddrinfo"},"instanceId":"Abdullah-pc","level":"error","message":"Full error","service":"worker-service","timestamp":"I4O8601","version":"1.0.0"}
{"environment":"development","error":"getaddrinfo ENOTFOUND sqs.us-east-1.amazonaws.com","instanceId":"Abdullah-pc","level":"error","message":"Error receiving messages","service":"notification-worker-service","timestamp":"I5O8601","version":"1.0.0"}
{"environment":"development","error":{"$metadata":{"attempts":3,"totalRetryDelay":162},"code":"ENOTFOUND","errno":-3008,"hostname":"sqs.us-east-1.amazonaws.com","syscall":"getaddrinfo"},"instanceId":"Abdullah-pc","level":"error","message":"Full error","service":"notification-worker-service","timestamp":"I5O8601","version":"1.0.0"}
{"environment":"development","error":"getaddrinfo ENOTFOUND sqs.us-east-1.amazonaws.com","instanceId":"Abdullah-pc","level":"error","message":"Error receiving messages","service":"worker-service","timestamp":"I6O8601","version":"1.0.0"}
{"environment":"development","error":{"$metadata":{"attempts":3,"totalRetryDelay":152},"code":"ENOTFOUND","errno":-3008,"hostname":"sqs.us-east-1.amazonaws.com","syscall":"getaddrinfo"},"instanceId":"Abdullah-pc","level":"error","message":"Full error","service":"worker-service","timestamp":"I6O8601","version":"1.0.0"}
{"environment":"development","error":"getaddrinfo ENOTFOUND sqs.us-east-1.amazonaws.com","instanceId":"Abdullah-pc","level":"error","message":"Error receiving messages","service":"notification-worker-service","timestamp":"I8O8601","version":"1.0.0"}
{"environment":"development","error":{"$metadata":{"attempts":3,"totalRetryDelay":253},"code":"ENOTFOUND","errno":-3008,"hostname":"sqs.us-east-1.amazonaws.com","syscall":"getaddrinfo"},"instanceId":"Abdullah-pc","level":"error","message":"Full error","service":"notification-worker-service","timestamp":"I8O8601","version":"1.0.0"}
{"environment":"development","error":"getaddrinfo ENOTFOUND sqs.us-east-1.amazonaws.com","instanceId":"Abdullah-pc","level":"error","message":"Error receiving messages","service":"worker-service","timestamp":"I8O8601","version":"1.0.0"}
{"environment":"development","error":{"$metadata":{"attempts":3,"totalRetryDelay":222},"code":"ENOTFOUND","errno":-3008,"hostname":"sqs.us-east-1.amazonaws.com","syscall":"getaddrinfo"},"instanceId":"Abdullah-pc","level":"error","message":"Full error","service":"worker-service","timestamp":"I8O8601","version":"1.0.0"}
{"environment":"development","error":"getaddrinfo ENOTFOUND sqs.us-east-1.amazonaws.com","instanceId":"Abdullah-pc","level":"error","message":"Error receiving messages","service":"notification-worker-service","timestamp":"I9O8601","version":"1.0.0"}
{"environment":"development","error":{"$metadata":{"attempts":3,"totalRetryDelay":124},"code":"ENOTFOUND","errno":-3008,"hostname":"sqs.us-east-1.amazonaws.com","syscall":"getaddrinfo"},"instanceId":"Abdullah-pc","level":"error","message":"Full error","service":"notification-worker-service","timestamp":"I9O8601","version":"1.0.0"}
{"environment":"development","error":"getaddrinfo ENOTFOUND sqs.us-east-1.amazonaws.com","instanceId":"Abdullah-pc","level":"error","message":"Error receiving messages","service":"worker-service","timestamp":"I9O8601","version":"1.0.0"}
{"environment":"development","error":{"$metadata":{"attempts":3,"totalRetryDelay":116},"code":"ENOTFOUND","errno":-3008,"hostname":"sqs.us-east-1.amazonaws.com","syscall":"getaddrinfo"},"instanceId":"Abdullah-pc","level":"error","message":"Full error","service":"worker-service","timestamp":"I9O8601","version":"1.0.0"}
{"environment":"development","error":"getaddrinfo ENOTFOUND sqs.us-east-1.amazonaws.com","instanceId":"Abdullah-pc","level":"error","message":"Error receiving messages","service":"notification-worker-service","timestamp":"I2O8601","version":"1.0.0"}
{"environment":"development","error":{"$metadata":{"attempts":3,"totalRetryDelay":209},"code":"ENOTFOUND","errno":-3008,"hostname":"sqs.us-east-1.amazonaws.com","syscall":"getaddrinfo"},"instanceId":"Abdullah-pc","level":"error","message":"Full error","service":"notification-worker-service","timestamp":"I2O8601","version":"1.0.0"}
{"environment":"development","error":"getaddrinfo ENOTFOUND sqs.us-east-1.amazonaws.com","instanceId":"Abdullah-pc","level":"error","message":"Error receiving messages","service":"worker-service","timestamp":"I2O8601","version":"1.0.0"}
{"environment":"development","error":{"$metadata":{"attempts":3,"totalRetryDelay":194},"code":"ENOTFOUND","errno":-3008,"hostname":"sqs.us-east-1.amazonaws.com","syscall":"getaddrinfo"},"instanceId":"Abdullah-pc","level":"error","message":"Full error","service":"worker-service","timestamp":"I2O8601","version":"1.0.0"}
{"environment":"development","error":"getaddrinfo ENOTFOUND sqs.us-east-1.amazonaws.com","instanceId":"Abdullah-pc","level":"error","message":"Error receiving messages","service":"notification-worker-service","timestamp":"I3O8601","version":"1.0.0"}
{"environment":"development","error":{"$metadata":{"attempts":3,"totalRetryDelay":90},"code":"ENOTFOUND","errno":-3008,"hostname":"sqs.us-east-1.amazonaws.com","syscall":"getaddrinfo"},"instanceId":"Abdullah-pc","level":"error","message":"Full error","service":"notification-worker-service","timestamp":"I3O8601","version":"1.0.0"}
{"environment":"development","error":"getaddrinfo ENOTFOUND sqs.us-east-1.amazonaws.com","instanceId":"Abdullah-pc","level":"error","message":"Error receiving messages","service":"worker-service","timestamp":"I4O8601","version":"1.0.0"}
{"environment":"development","error":{"$metadata":{"attempts":3,"totalRetryDelay":159},"code":"ENOTFOUND","errno":-3008,"hostname":"sqs.us-east-1.amazonaws.com","syscall":"getaddrinfo"},"instanceId":"Abdullah-pc","level":"error","message":"Full error","service":"worker-service","timestamp":"I4O8601","version":"1.0.0"}
{"environment":"development","error":"getaddrinfo ENOTFOUND sqs.us-east-1.amazonaws.com","instanceId":"Abdullah-pc","level":"error","message":"Error receiving messages","service":"notification-worker-service","timestamp":"I4O8601","version":"1.0.0"}
{"environment":"development","error":{"$metadata":{"attempts":3,"totalRetryDelay":131},"code":"ENOTFOUND","errno":-3008,"hostname":"sqs.us-east-1.amazonaws.com","syscall":"getaddrinfo"},"instanceId":"Abdullah-pc","level":"error","message":"Full error","service":"notification-worker-service","timestamp":"I4O8601","version":"1.0.0"}
{"environment":"development","error":"getaddrinfo ENOTFOUND sqs.us-east-1.amazonaws.com","instanceId":"Abdullah-pc","level":"error","message":"Error receiving messages","service":"worker-service","timestamp":"I6O8601","version":"1.0.0"}
{"environment":"development","error":{"$metadata":{"attempts":3,"totalRetryDelay":231},"code":"ENOTFOUND","errno":-3008,"hostname":"sqs.us-east-1.amazonaws.com","syscall":"getaddrinfo"},"instanceId":"Abdullah-pc","level":"error","message":"Full error","service":"worker-service","timestamp":"I6O8601","version":"1.0.0"}
{"environment":"development","error":"getaddrinfo ENOTFOUND sqs.us-east-1.amazonaws.com","instanceId":"Abdullah-pc","level":"error","message":"Error receiving messages","service":"notification-worker-service","timestamp":"I7O8601","version":"1.0.0"}
{"environment":"development","error":{"$metadata":{"attempts":3,"totalRetryDelay":193},"code":"ENOTFOUND","errno":-3008,"hostname":"sqs.us-east-1.amazonaws.com","syscall":"getaddrinfo"},"instanceId":"Abdullah-pc","level":"error","message":"Full error","service":"notification-worker-service","timestamp":"I7O8601","version":"1.0.0"}
{"environment":"development","error":"getaddrinfo ENOTFOUND sqs.us-east-1.amazonaws.com","instanceId":"Abdullah-pc","level":"error","message":"Error receiving messages","service":"worker-service","timestamp":"I7O8601","version":"1.0.0"}
{"environment":"development","error":{"$metadata":{"attempts":3,"totalRetryDelay":92},"code":"ENOTFOUND","errno":-3008,"hostname":"sqs.us-east-1.amazonaws.com","syscall":"getaddrinfo"},"instanceId":"Abdullah-pc","level":"error","message":"Full error","service":"worker-service","timestamp":"I7O8601","version":"1.0.0"}
{"environment":"development","error":"getaddrinfo ENOTFOUND sqs.us-east-1.amazonaws.com","instanceId":"Abdullah-pc","level":"error","message":"Error receiving messages","service":"notification-worker-service","timestamp":"I9O8601","version":"1.0.0"}
{"environment":"development","error":{"$metadata":{"attempts":3,"totalRetryDelay":211},"code":"ENOTFOUND","errno":-3008,"hostname":"sqs.us-east-1.amazonaws.com","syscall":"getaddrinfo"},"instanceId":"Abdullah-pc","level":"error","message":"Full error","service":"notification-worker-service","timestamp":"I9O8601","version":"1.0.0"}
{"environment":"development","error":"getaddrinfo ENOTFOUND sqs.us-east-1.amazonaws.com","instanceId":"Abdullah-pc","level":"error","message":"Error receiving messages","service":"worker-service","timestamp":"I0O8601","version":"1.0.0"}
{"environment":"development","error":{"$metadata":{"attempts":3,"totalRetryDelay":261},"code":"ENOTFOUND","errno":-3008,"hostname":"sqs.us-east-1.amazonaws.com","syscall":"getaddrinfo"},"instanceId":"Abdullah-pc","level":"error","message":"Full error","service":"worker-service","timestamp":"I0O8601","version":"1.0.0"}
{"environment":"development","error":"getaddrinfo ENOTFOUND sqs.us-east-1.amazonaws.com","instanceId":"Abdullah-pc","level":"error","message":"Error receiving messages","service":"notification-worker-service","timestamp":"I1O8601","version":"1.0.0"}
{"environment":"development","error":{"$metadata":{"attempts":3,"totalRetryDelay":137},"code":"ENOTFOUND","errno":-3008,"hostname":"sqs.us-east-1.amazonaws.com","syscall":"getaddrinfo"},"instanceId":"Abdullah-pc","level":"error","message":"Full error","service":"notification-worker-service","timestamp":"I1O8601","version":"1.0.0"}
{"environment":"development","error":"getaddrinfo ENOTFOUND sqs.us-east-1.amazonaws.com","instanceId":"Abdullah-pc","level":"error","message":"Error receiving messages","service":"worker-service","timestamp":"I2O8601","version":"1.0.0"}
{"environment":"development","error":{"$metadata":{"attempts":3,"totalRetryDelay":144},"code":"ENOTFOUND","errno":-3008,"hostname":"sqs.us-east-1.amazonaws.com","syscall":"getaddrinfo"},"instanceId":"Abdullah-pc","level":"error","message":"Full error","service":"worker-service","timestamp":"I2O8601","version":"1.0.0"}
{"environment":"development","error":"getaddrinfo ENOTFOUND sqs.us-east-1.amazonaws.com","instanceId":"Abdullah-pc","level":"error","message":"Error receiving messages","service":"notification-worker-service","timestamp":"I2O8601","version":"1.0.0"}
{"environment":"development","error":{"$metadata":{"attempts":3,"totalRetryDelay":146},"code":"ENOTFOUND","errno":-3008,"hostname":"sqs.us-east-1.amazonaws.com","syscall":"getaddrinfo"},"instanceId":"Abdullah-pc","level":"error","message":"Full error","service":"notification-worker-service","timestamp":"I2O8601","version":"1.0.0"}
{"environment":"development","error":"getaddrinfo ENOTFOUND sqs.us-east-1.amazonaws.com","instanceId":"Abdullah-pc","level":"error","message":"Error receiving messages","service":"worker-service","timestamp":"I4O8601","version":"1.0.0"}
{"environment":"development","error":"getaddrinfo ENOTFOUND sqs.us-east-1.amazonaws.com","instanceId":"Abdullah-pc","level":"error","message":"Error receiving messages","service":"notification-worker-service","timestamp":"I4O8601","version":"1.0.0"}
{"environment":"development","error":{"$metadata":{"attempts":3,"totalRetryDelay":179},"code":"ENOTFOUND","errno":-3008,"hostname":"sqs.us-east-1.amazonaws.com","syscall":"getaddrinfo"},"instanceId":"Abdullah-pc","level":"error","message":"Full error","service":"worker-service","timestamp":"I4O8601","version":"1.0.0"}
{"environment":"development","error":{"$metadata":{"attempts":3,"totalRetryDelay":145},"code":"ENOTFOUND","errno":-3008,"hostname":"sqs.us-east-1.amazonaws.com","syscall":"getaddrinfo"},"instanceId":"Abdullah-pc","level":"error","message":"Full error","service":"notification-worker-service","timestamp":"I4O8601","version":"1.0.0"}
{"environment":"development","error":"getaddrinfo ENOTFOUND sqs.us-east-1.amazonaws.com","instanceId":"Abdullah-pc","level":"error","message":"Error receiving messages","service":"notification-worker-service","timestamp":"I6O8601","version":"1.0.0"}
{"environment":"development","error":{"$metadata":{"attempts":3,"totalRetryDelay":150},"code":"ENOTFOUND","errno":-3008,"hostname":"sqs.us-east-1.amazonaws.com","syscall":"getaddrinfo"},"instanceId":"Abdullah-pc","level":"error","message":"Full error","service":"notification-worker-service","timestamp":"I6O8601","version":"1.0.0"}
{"environment":"development","error":"getaddrinfo ENOTFOUND sqs.us-east-1.amazonaws.com","instanceId":"Abdullah-pc","level":"error","message":"Error receiving messages","service":"worker-service","timestamp":"I6O8601","version":"1.0.0"}
{"environment":"development","error":{"$metadata":{"attempts":3,"totalRetryDelay":192},"code":"ENOTFOUND","errno":-3008,"hostname":"sqs.us-east-1.amazonaws.com","syscall":"getaddrinfo"},"instanceId":"Abdullah-pc","level":"error","message":"Full error","service":"worker-service","timestamp":"I6O8601","version":"1.0.0"}
{"environment":"development","error":"getaddrinfo ENOTFOUND sqs.us-east-1.amazonaws.com","instanceId":"Abdullah-pc","level":"error","message":"Error receiving messages","service":"notification-worker-service","timestamp":"I8O8601","version":"1.0.0"}
{"environment":"development","error":{"$metadata":{"attempts":3,"totalRetryDelay":185},"code":"ENOTFOUND","errno":-3008,"hostname":"sqs.us-east-1.amazonaws.com","syscall":"getaddrinfo"},"instanceId":"Abdullah-pc","level":"error","message":"Full error","service":"notification-worker-service","timestamp":"I8O8601","version":"1.0.0"}
{"environment":"development","error":"getaddrinfo ENOTFOUND sqs.us-east-1.amazonaws.com","instanceId":"Abdullah-pc","level":"error","message":"Error receiving messages","service":"worker-service","timestamp":"I8O8601","version":"1.0.0"}
{"environment":"development","error":{"$metadata":{"attempts":3,"totalRetryDelay":167},"code":"ENOTFOUND","errno":-3008,"hostname":"sqs.us-east-1.amazonaws.com","syscall":"getaddrinfo"},"instanceId":"Abdullah-pc","level":"error","message":"Full error","service":"worker-service","timestamp":"I8O8601","version":"1.0.0"}
{"environment":"development","error":"getaddrinfo ENOTFOUND sqs.us-east-1.amazonaws.com","instanceId":"Abdullah-pc","level":"error","message":"Error receiving messages","service":"notification-worker-service","timestamp":"I0O8601","version":"1.0.0"}
{"environment":"development","error":{"$metadata":{"attempts":3,"totalRetryDelay":214},"code":"ENOTFOUND","errno":-3008,"hostname":"sqs.us-east-1.amazonaws.com","syscall":"getaddrinfo"},"instanceId":"Abdullah-pc","level":"error","message":"Full error","service":"notification-worker-service","timestamp":"I0O8601","version":"1.0.0"}
{"environment":"development","error":"getaddrinfo ENOTFOUND sqs.us-east-1.amazonaws.com","instanceId":"Abdullah-pc","level":"error","message":"Error receiving messages","service":"worker-service","timestamp":"I1O8601","version":"1.0.0"}
{"environment":"development","error":{"$metadata":{"attempts":3,"totalRetryDelay":217},"code":"ENOTFOUND","errno":-3008,"hostname":"sqs.us-east-1.amazonaws.com","syscall":"getaddrinfo"},"instanceId":"Abdullah-pc","level":"error","message":"Full error","service":"worker-service","timestamp":"I1O8601","version":"1.0.0"}
{"environment":"development","error":"getaddrinfo ENOTFOUND sqs.us-east-1.amazonaws.com","instanceId":"Abdullah-pc","level":"error","message":"Error receiving messages","service":"notification-worker-service","timestamp":"I2O8601","version":"1.0.0"}
{"environment":"development","error":{"$metadata":{"attempts":3,"totalRetryDelay":127},"code":"ENOTFOUND","errno":-3008,"hostname":"sqs.us-east-1.amazonaws.com","syscall":"getaddrinfo"},"instanceId":"Abdullah-pc","level":"error","message":"Full error","service":"notification-worker-service","timestamp":"I2O8601","version":"1.0.0"}
{"environment":"development","error":"getaddrinfo ENOTFOUND sqs.us-east-1.amazonaws.com","instanceId":"Abdullah-pc","level":"error","message":"Error receiving messages","service":"notification-worker-service","timestamp":"I3O8601","version":"1.0.0"}
{"environment":"development","error":{"$metadata":{"attempts":3,"totalRetryDelay":57},"code":"ENOTFOUND","errno":-3008,"hostname":"sqs.us-east-1.amazonaws.com","syscall":"getaddrinfo"},"instanceId":"Abdullah-pc","level":"error","message":"Full error","service":"notification-worker-service","timestamp":"I3O8601","version":"1.0.0"}
{"environment":"development","error":"getaddrinfo ENOTFOUND sqs.us-east-1.amazonaws.com","instanceId":"Abdullah-pc","level":"error","message":"Error receiving messages","service":"worker-service","timestamp":"I3O8601","version":"1.0.0"}
{"environment":"development","error":{"$metadata":{"attempts":3,"totalRetryDelay":213},"code":"ENOTFOUND","errno":-3008,"hostname":"sqs.us-east-1.amazonaws.com","syscall":"getaddrinfo"},"instanceId":"Abdullah-pc","level":"error","message":"Full error","service":"worker-service","timestamp":"I3O8601","version":"1.0.0"}
{"environment":"development","error":"getaddrinfo ENOTFOUND sqs.us-east-1.amazonaws.com","instanceId":"Abdullah-pc","level":"error","message":"Error receiving messages","service":"notification-worker-service","timestamp":"I4O8601","version":"1.0.0"}
{"environment":"development","error":{"$metadata":{"attempts":3,"totalRetryDelay":90},"code":"ENOTFOUND","errno":-3008,"hostname":"sqs.us-east-1.amazonaws.com","syscall":"getaddrinfo"},"instanceId":"Abdullah-pc","level":"error","message":"Full error","service":"notification-worker-service","timestamp":"I4O8601","version":"1.0.0"}
{"environment":"development","error":"getaddrinfo ENOTFOUND sqs.us-east-1.amazonaws.com","instanceId":"Abdullah-pc","level":"error","message":"Error receiving messages","service":"worker-service","timestamp":"I6O8601","version":"1.0.0"}
{"environment":"development","error":{"$metadata":{"attempts":3,"totalRetryDelay":207},"code":"ENOTFOUND","errno":-3008,"hostname":"sqs.us-east-1.amazonaws.com","syscall":"getaddrinfo"},"instanceId":"Abdullah-pc","level":"error","message":"Full error","service":"worker-service","timestamp":"I6O8601","version":"1.0.0"}
{"environment":"development","error":"getaddrinfo ENOTFOUND sqs.us-east-1.amazonaws.com","instanceId":"Abdullah-pc","level":"error","message":"Error receiving messages","service":"notification-worker-service","timestamp":"I7O8601","version":"1.0.0"}
{"environment":"development","error":{"$metadata":{"attempts":3,"totalRetryDelay":245},"code":"ENOTFOUND","errno":-3008,"hostname":"sqs.us-east-1.amazonaws.com","syscall":"getaddrinfo"},"instanceId":"Abdullah-pc","level":"error","message":"Full error","service":"notification-worker-service","timestamp":"I7O8601","version":"1.0.0"}
{"environment":"development","error":"getaddrinfo ENOTFOUND sqs.us-east-1.amazonaws.com","instanceId":"Abdullah-pc","level":"error","message":"Error receiving messages","service":"worker-service","timestamp":"I7O8601","version":"1.0.0"}
{"environment":"development","error":{"$metadata":{"attempts":3,"totalRetryDelay":143},"code":"ENOTFOUND","errno":-3008,"hostname":"sqs.us-east-1.amazonaws.com","syscall":"getaddrinfo"},"instanceId":"Abdullah-pc","level":"error","message":"Full error","service":"worker-service","timestamp":"I7O8601","version":"1.0.0"}
{"environment":"development","error":"getaddrinfo ENOTFOUND sqs.us-east-1.amazonaws.com","instanceId":"Abdullah-pc","level":"error","message":"Error receiving messages","service":"notification-worker-service","timestamp":"I9O8601","version":"1.0.0"}
{"environment":"development","error":{"$metadata":{"attempts":3,"totalRetryDelay":182},"code":"ENOTFOUND","errno":-3008,"hostname":"sqs.us-east-1.amazonaws.com","syscall":"getaddrinfo"},"instanceId":"Abdullah-pc","level":"error","message":"Full error","service":"notification-worker-service","timestamp":"I9O8601","version":"1.0.0"}
{"environment":"development","error":"getaddrinfo ENOTFOUND sqs.us-east-1.amazonaws.com","instanceId":"Abdullah-pc","level":"error","message":"Error receiving messages","service":"worker-service","timestamp":"I10O8601","version":"1.0.0"}
{"environment":"development","error":{"$metadata":{"attempts":3,"totalRetryDelay":226},"code":"ENOTFOUND","errno":-3008,"hostname":"sqs.us-east-1.amazonaws.com","syscall":"getaddrinfo"},"instanceId":"Abdullah-pc","level":"error","message":"Full error","service":"worker-service","timestamp":"I10O8601","version":"1.0.0"}
{"environment":"development","error":"getaddrinfo ENOTFOUND sqs.us-east-1.amazonaws.com","instanceId":"Abdullah-pc","level":"error","message":"Error receiving messages","service":"worker-service","timestamp":"I1O8601","version":"1.0.0"}
{"environment":"development","error":{"$metadata":{"attempts":3,"totalRetryDelay":82},"code":"ENOTFOUND","errno":-3008,"hostname":"sqs.us-east-1.amazonaws.com","syscall":"getaddrinfo"},"instanceId":"Abdullah-pc","level":"error","message":"Full error","service":"worker-service","timestamp":"I1O8601","version":"1.0.0"}
{"environment":"development","error":"getaddrinfo ENOTFOUND sqs.us-east-1.amazonaws.com","instanceId":"Abdullah-pc","level":"error","message":"Error receiving messages","service":"notification-worker-service","timestamp":"I1O8601","version":"1.0.0"}
{"environment":"development","error":{"$metadata":{"attempts":3,"totalRetryDelay":186},"code":"ENOTFOUND","errno":-3008,"hostname":"sqs.us-east-1.amazonaws.com","syscall":"getaddrinfo"},"instanceId":"Abdullah-pc","level":"error","message":"Full error","service":"notification-worker-service","timestamp":"I1O8601","version":"1.0.0"}
{"environment":"development","error":"getaddrinfo ENOTFOUND sqs.us-east-1.amazonaws.com","instanceId":"Abdullah-pc","level":"error","message":"Error receiving messages","service":"notification-worker-service","timestamp":"I3O8601","version":"1.0.0"}
{"environment":"development","error":{"$metadata":{"attempts":3,"totalRetryDelay":170},"code":"ENOTFOUND","errno":-3008,"hostname":"sqs.us-east-1.amazonaws.com","syscall":"getaddrinfo"},"instanceId":"Abdullah-pc","level":"error","message":"Full error","service":"notification-worker-service","timestamp":"I3O8601","version":"1.0.0"}
{"environment":"development","error":"getaddrinfo ENOTFOUND sqs.us-east-1.amazonaws.com","instanceId":"Abdullah-pc","level":"error","message":"Error receiving messages","service":"notification-worker-service","timestamp":"I4O8601","version":"1.0.0"}
{"environment":"development","error":{"$metadata":{"attempts":3,"totalRetryDelay":13},"code":"ENOTFOUND","errno":-3008,"hostname":"sqs.us-east-1.amazonaws.com","syscall":"getaddrinfo"},"instanceId":"Abdullah-pc","level":"error","message":"Full error","service":"notification-worker-service","timestamp":"I4O8601","version":"1.0.0"}
{"environment":"development","error":"getaddrinfo ENOTFOUND sqs.us-east-1.amazonaws.com","instanceId":"Abdullah-pc","level":"error","message":"Error receiving messages","service":"worker-service","timestamp":"I4O8601","version":"1.0.0"}
{"environment":"development","error":{"$metadata":{"attempts":3,"totalRetryDelay":258},"code":"ENOTFOUND","errno":-3008,"hostname":"sqs.us-east-1.amazonaws.com","syscall":"getaddrinfo"},"instanceId":"Abdullah-pc","level":"error","message":"Full error","service":"worker-service","timestamp":"I4O8601","version":"1.0.0"}
{"environment":"development","error":"getaddrinfo ENOTFOUND sqs.us-east-1.amazonaws.com","instanceId":"Abdullah-pc","level":"error","message":"Error receiving messages","service":"worker-service","timestamp":"I5O8601","version":"1.0.0"}
{"environment":"development","error":{"$metadata":{"attempts":3,"totalRetryDelay":108},"code":"ENOTFOUND","errno":-3008,"hostname":"sqs.us-east-1.amazonaws.com","syscall":"getaddrinfo"},"instanceId":"Abdullah-pc","level":"error","message":"Full error","service":"worker-service","timestamp":"I5O8601","version":"1.0.0"}
{"environment":"development","error":"getaddrinfo ENOTFOUND sqs.us-east-1.amazonaws.com","instanceId":"Abdullah-pc","level":"error","message":"Error receiving messages","service":"notification-worker-service","timestamp":"I6O8601","version":"1.0.0"}
{"environment":"development","error":{"$metadata":{"attempts":3,"totalRetryDelay":158},"code":"ENOTFOUND","errno":-3008,"hostname":"sqs.us-east-1.amazonaws.com","syscall":"getaddrinfo"},"instanceId":"Abdullah-pc","level":"error","message":"Full error","service":"notification-worker-service","timestamp":"I6O8601","version":"1.0.0"}
{"environment":"development","error":"getaddrinfo ENOTFOUND sqs.us-east-1.amazonaws.com","instanceId":"Abdullah-pc","level":"error","message":"Error receiving messages","service":"worker-service","timestamp":"I7O8601","version":"1.0.0"}
{"environment":"development","error":{"$metadata":{"attempts":3,"totalRetryDelay":112},"code":"ENOTFOUND","errno":-3008,"hostname":"sqs.us-east-1.amazonaws.com","syscall":"getaddrinfo"},"instanceId":"Abdullah-pc","level":"error","message":"Full error","service":"worker-service","timestamp":"I7O8601","version":"1.0.0"}
{"environment":"development","error":"getaddrinfo ENOTFOUND sqs.us-east-1.amazonaws.com","instanceId":"Abdullah-pc","level":"error","message":"Error receiving messages","service":"notification-worker-service","timestamp":"I8O8601","version":"1.0.0"}
{"environment":"development","error":{"$metadata":{"attempts":3,"totalRetryDelay":182},"code":"ENOTFOUND","errno":-3008,"hostname":"sqs.us-east-1.amazonaws.com","syscall":"getaddrinfo"},"instanceId":"Abdullah-pc","level":"error","message":"Full error","service":"notification-worker-service","timestamp":"I8O8601","version":"1.0.0"}
{"environment":"development","error":"getaddrinfo ENOTFOUND sqs.us-east-1.amazonaws.com","instanceId":"Abdullah-pc","level":"error","message":"Error receiving messages","service":"worker-service","timestamp":"I8O8601","version":"1.0.0"}
{"environment":"development","error":{"$metadata":{"attempts":3,"totalRetryDelay":131},"code":"ENOTFOUND","errno":-3008,"hostname":"sqs.us-east-1.amazonaws.com","syscall":"getaddrinfo"},"instanceId":"Abdullah-pc","level":"error","message":"Full error","service":"worker-service","timestamp":"I8O8601","version":"1.0.0"}
{"environment":"development","error":"getaddrinfo ENOTFOUND sqs.us-east-1.amazonaws.com","instanceId":"Abdullah-pc","level":"error","message":"Error receiving messages","service":"worker-service","timestamp":"I9O8601","version":"1.0.0"}
{"environment":"development","error":{"$metadata":{"attempts":3,"totalRetryDelay":19},"code":"ENOTFOUND","errno":-3008,"hostname":"sqs.us-east-1.amazonaws.com","syscall":"getaddrinfo"},"instanceId":"Abdullah-pc","level":"error","message":"Full error","service":"worker-service","timestamp":"I9O8601","version":"1.0.0"}
{"environment":"development","error":"getaddrinfo ENOTFOUND sqs.us-east-1.amazonaws.com","instanceId":"Abdullah-pc","level":"error","message":"Error receiving messages","service":"notification-worker-service","timestamp":"I9O8601","version":"1.0.0"}
{"environment":"development","error":{"$metadata":{"attempts":3,"totalRetryDelay":110},"code":"ENOTFOUND","errno":-3008,"hostname":"sqs.us-east-1.amazonaws.com","syscall":"getaddrinfo"},"instanceId":"Abdullah-pc","level":"error","message":"Full error","service":"notification-worker-service","timestamp":"I9O8601","version":"1.0.0"}
{"environment":"development","error":"getaddrinfo ENOTFOUND sqs.us-east-1.amazonaws.com","instanceId":"Abdullah-pc","level":"error","message":"Error receiving messages","service":"worker-service","timestamp":"I1O8601","version":"1.0.0"}
{"environment":"development","error":"getaddrinfo ENOTFOUND sqs.us-east-1.amazonaws.com","instanceId":"Abdullah-pc","level":"error","message":"Error receiving messages","service":"notification-worker-service","timestamp":"I1O8601","version":"1.0.0"}
{"environment":"development","error":{"$metadata":{"attempts":3,"totalRetryDelay":191},"code":"ENOTFOUND","errno":-3008,"hostname":"sqs.us-east-1.amazonaws.com","syscall":"getaddrinfo"},"instanceId":"Abdullah-pc","level":"error","message":"Full error","service":"worker-service","timestamp":"I1O8601","version":"1.0.0"}
{"environment":"development","error":{"$metadata":{"attempts":3,"totalRetryDelay":134},"code":"ENOTFOUND","errno":-3008,"hostname":"sqs.us-east-1.amazonaws.com","syscall":"getaddrinfo"},"instanceId":"Abdullah-pc","level":"error","message":"Full error","service":"notification-worker-service","timestamp":"I1O8601","version":"1.0.0"}
{"environment":"development","error":"getaddrinfo ENOTFOUND sqs.us-east-1.amazonaws.com","instanceId":"Abdullah-pc","level":"error","message":"Error receiving messages","service":"notification-worker-service","timestamp":"I3O8601","version":"1.0.0"}
{"environment":"development","error":{"$metadata":{"attempts":3,"totalRetryDelay":141},"code":"ENOTFOUND","errno":-3008,"hostname":"sqs.us-east-1.amazonaws.com","syscall":"getaddrinfo"},"instanceId":"Abdullah-pc","level":"error","message":"Full error","service":"notification-worker-service","timestamp":"I3O8601","version":"1.0.0"}
{"environment":"development","error":"getaddrinfo ENOTFOUND sqs.us-east-1.amazonaws.com","instanceId":"Abdullah-pc","level":"error","message":"Error receiving messages","service":"worker-service","timestamp":"I4O8601","version":"1.0.0"}
{"environment":"development","error":{"$metadata":{"attempts":3,"totalRetryDelay":261},"code":"ENOTFOUND","errno":-3008,"hostname":"sqs.us-east-1.amazonaws.com","syscall":"getaddrinfo"},"instanceId":"Abdullah-pc","level":"error","message":"Full error","service":"worker-service","timestamp":"I4O8601","version":"1.0.0"}
{"environment":"development","error":"getaddrinfo ENOTFOUND sqs.us-east-1.amazonaws.com","instanceId":"Abdullah-pc","level":"error","message":"Error receiving messages","service":"notification-worker-service","timestamp":"I5O8601","version":"1.0.0"}
{"environment":"development","error":{"$metadata":{"attempts":3,"totalRetryDelay":165},"code":"ENOTFOUND","errno":-3008,"hostname":"sqs.us-east-1.amazonaws.com","syscall":"getaddrinfo"},"instanceId":"Abdullah-pc","level":"error","message":"Full error","service":"notification-worker-service","timestamp":"I5O8601","version":"1.0.0"}
{"environment":"development","error":"getaddrinfo ENOTFOUND sqs.us-east-1.amazonaws.com","instanceId":"Abdullah-pc","level":"error","message":"Error receiving messages","service":"worker-service","timestamp":"I7O8601","version":"1.0.0"}
{"environment":"development","error":{"$metadata":{"attempts":3,"totalRetryDelay":269},"code":"ENOTFOUND","errno":-3008,"hostname":"sqs.us-east-1.amazonaws.com","syscall":"getaddrinfo"},"instanceId":"Abdullah-pc","level":"error","message":"Full error","service":"worker-service","timestamp":"I7O8601","version":"1.0.0"}
{"environment":"development","error":"getaddrinfo ENOTFOUND sqs.us-east-1.amazonaws.com","instanceId":"Abdullah-pc","level":"error","message":"Error receiving messages","service":"notification-worker-service","timestamp":"I8O8601","version":"1.0.0"}
{"environment":"development","error":{"$metadata":{"attempts":3,"totalRetryDelay":260},"code":"ENOTFOUND","errno":-3008,"hostname":"sqs.us-east-1.amazonaws.com","syscall":"getaddrinfo"},"instanceId":"Abdullah-pc","level":"error","message":"Full error","service":"notification-worker-service","timestamp":"I8O8601","version":"1.0.0"}
{"environment":"development","error":"getaddrinfo ENOTFOUND sqs.us-east-1.amazonaws.com","instanceId":"Abdullah-pc","level":"error","message":"Error receiving messages","service":"worker-service","timestamp":"I8O8601","version":"1.0.0"}
{"environment":"development","error":{"$metadata":{"attempts":3,"totalRetryDelay":87},"code":"ENOTFOUND","errno":-3008,"hostname":"sqs.us-east-1.amazonaws.com","syscall":"getaddrinfo"},"instanceId":"Abdullah-pc","level":"error","message":"Full error","service":"worker-service","timestamp":"I8O8601","version":"1.0.0"}
{"environment":"development","error":"getaddrinfo ENOTFOUND sqs.us-east-1.amazonaws.com","instanceId":"Abdullah-pc","level":"error","message":"Error receiving messages","service":"notification-worker-service","timestamp":"I10O8601","version":"1.0.0"}
{"environment":"development","error":{"$metadata":{"attempts":3,"totalRetryDelay":170},"code":"ENOTFOUND","errno":-3008,"hostname":"sqs.us-east-1.amazonaws.com","syscall":"getaddrinfo"},"instanceId":"Abdullah-pc","level":"error","message":"Full error","service":"notification-worker-service","timestamp":"I10O8601","version":"1.0.0"}
{"environment":"development","error":"getaddrinfo ENOTFOUND sqs.us-east-1.amazonaws.com","instanceId":"Abdullah-pc","level":"error","message":"Error receiving messages","service":"worker-service","timestamp":"I0O8601","version":"1.0.0"}
{"environment":"development","error":{"$metadata":{"attempts":3,"totalRetryDelay":158},"code":"ENOTFOUND","errno":-3008,"hostname":"sqs.us-east-1.amazonaws.com","syscall":"getaddrinfo"},"instanceId":"Abdullah-pc","level":"error","message":"Full error","service":"worker-service","timestamp":"I0O8601","version":"1.0.0"}
{"environment":"development","error":"getaddrinfo ENOTFOUND sqs.us-east-1.amazonaws.com","instanceId":"Abdullah-pc","level":"error","message":"Error receiving messages","service":"notification-worker-service","timestamp":"I2O8601","version":"1.0.0"}
{"environment":"development","error":{"$metadata":{"attempts":3,"totalRetryDelay":209},"code":"ENOTFOUND","errno":-3008,"hostname":"sqs.us-east-1.amazonaws.com","syscall":"getaddrinfo"},"instanceId":"Abdullah-pc","level":"error","message":"Full error","service":"notification-worker-service","timestamp":"I2O8601","version":"1.0.0"}
{"environment":"development","error":"getaddrinfo ENOTFOUND sqs.us-east-1.amazonaws.com","instanceId":"Abdullah-pc","level":"error","message":"Error receiving messages","service":"worker-service","timestamp":"I2O8601","version":"1.0.0"}
{"environment":"development","error":{"$metadata":{"attempts":3,"totalRetryDelay":192},"code":"ENOTFOUND","errno":-3008,"hostname":"sqs.us-east-1.amazonaws.com","syscall":"getaddrinfo"},"instanceId":"Abdullah-pc","level":"error","message":"Full error","service":"worker-service","timestamp":"I2O8601","version":"1.0.0"}
{"environment":"development","error":"getaddrinfo ENOTFOUND sqs.us-east-1.amazonaws.com","instanceId":"Abdullah-pc","level":"error","message":"Error receiving messages","service":"notification-worker-service","timestamp":"I4O8601","version":"1.0.0"}
{"environment":"development","error":{"$metadata":{"attempts":3,"totalRetryDelay":173},"code":"ENOTFOUND","errno":-3008,"hostname":"sqs.us-east-1.amazonaws.com","syscall":"getaddrinfo"},"instanceId":"Abdullah-pc","level":"error","message":"Full error","service":"notification-worker-service","timestamp":"I4O8601","version":"1.0.0"}
{"environment":"development","error":"getaddrinfo ENOTFOUND sqs.us-east-1.amazonaws.com","instanceId":"Abdullah-pc","level":"error","message":"Error receiving messages","service":"worker-service","timestamp":"I5O8601","version":"1.0.0"}
{"environment":"development","error":{"$metadata":{"attempts":3,"totalRetryDelay":236},"code":"ENOTFOUND","errno":-3008,"hostname":"sqs.us-east-1.amazonaws.com","syscall":"getaddrinfo"},"instanceId":"Abdullah-pc","level":"error","message":"Full error","service":"worker-service","timestamp":"I5O8601","version":"1.0.0"}
{"environment":"development","error":"getaddrinfo ENOTFOUND sqs.us-east-1.amazonaws.com","instanceId":"Abdullah-pc","level":"error","message":"Error receiving messages","service":"notification-worker-service","timestamp":"I5O8601","version":"1.0.0"}
{"environment":"development","error":{"$metadata":{"attempts":3,"totalRetryDelay":81},"code":"ENOTFOUND","errno":-3008,"hostname":"sqs.us-east-1.amazonaws.com","syscall":"getaddrinfo"},"instanceId":"Abdullah-pc","level":"error","message":"Full error","service":"notification-worker-service","timestamp":"I5O8601","version":"1.0.0"}
{"environment":"development","error":"getaddrinfo ENOTFOUND sqs.us-east-1.amazonaws.com","instanceId":"Abdullah-pc","level":"error","message":"Error receiving messages","service":"worker-service","timestamp":"I7O8601","version":"1.0.0"}
{"environment":"development","error":{"$metadata":{"attempts":3,"totalRetryDelay":134},"code":"ENOTFOUND","errno":-3008,"hostname":"sqs.us-east-1.amazonaws.com","syscall":"getaddrinfo"},"instanceId":"Abdullah-pc","level":"error","message":"Full error","service":"worker-service","timestamp":"I7O8601","version":"1.0.0"}
{"environment":"development","error":"getaddrinfo ENOTFOUND sqs.us-east-1.amazonaws.com","instanceId":"Abdullah-pc","level":"error","message":"Error receiving messages","service":"notification-worker-service","timestamp":"I7O8601","version":"1.0.0"}
{"environment":"development","error":{"$metadata":{"attempts":3,"totalRetryDelay":202},"code":"ENOTFOUND","errno":-3008,"hostname":"sqs.us-east-1.amazonaws.com","syscall":"getaddrinfo"},"instanceId":"Abdullah-pc","level":"error","message":"Full error","service":"notification-worker-service","timestamp":"I7O8601","version":"1.0.0"}
{"environment":"development","error":"getaddrinfo ENOTFOUND sqs.us-east-1.amazonaws.com","instanceId":"Abdullah-pc","level":"error","message":"Error receiving messages","service":"worker-service","timestamp":"I9O8601","version":"1.0.0"}
{"environment":"development","error":{"$metadata":{"attempts":3,"totalRetryDelay":246},"code":"ENOTFOUND","errno":-3008,"hostname":"sqs.us-east-1.amazonaws.com","syscall":"getaddrinfo"},"instanceId":"Abdullah-pc","level":"error","message":"Full error","service":"worker-service","timestamp":"I9O8601","version":"1.0.0"}
{"environment":"development","error":"getaddrinfo ENOTFOUND sqs.us-east-1.amazonaws.com","instanceId":"Abdullah-pc","level":"error","message":"Error receiving messages","service":"notification-worker-service","timestamp":"I10O8601","version":"1.0.0"}
{"environment":"development","error":{"$metadata":{"attempts":3,"totalRetryDelay":180},"code":"ENOTFOUND","errno":-3008,"hostname":"sqs.us-east-1.amazonaws.com","syscall":"getaddrinfo"},"instanceId":"Abdullah-pc","level":"error","message":"Full error","service":"notification-worker-service","timestamp":"I10O8601","version":"1.0.0"}
{"environment":"development","error":"getaddrinfo ENOTFOUND sqs.us-east-1.amazonaws.com","instanceId":"Abdullah-pc","level":"error","message":"Error receiving messages","service":"worker-service","timestamp":"I0O8601","version":"1.0.0"}
{"environment":"development","error":{"$metadata":{"attempts":3,"totalRetryDelay":43},"code":"ENOTFOUND","errno":-3008,"hostname":"sqs.us-east-1.amazonaws.com","syscall":"getaddrinfo"},"instanceId":"Abdullah-pc","level":"error","message":"Full error","service":"worker-service","timestamp":"I0O8601","version":"1.0.0"}
{"environment":"development","error":"getaddrinfo ENOTFOUND sqs.us-east-1.amazonaws.com","instanceId":"Abdullah-pc","level":"error","message":"Error receiving messages","service":"notification-worker-service","timestamp":"I1O8601","version":"1.0.0"}
{"environment":"development","error":{"$metadata":{"attempts":3,"totalRetryDelay":125},"code":"ENOTFOUND","errno":-3008,"hostname":"sqs.us-east-1.amazonaws.com","syscall":"getaddrinfo"},"instanceId":"Abdullah-pc","level":"error","message":"Full error","service":"notification-worker-service","timestamp":"I1O8601","version":"1.0.0"}
{"environment":"development","error":"getaddrinfo ENOTFOUND sqs.us-east-1.amazonaws.com","instanceId":"Abdullah-pc","level":"error","message":"Error receiving messages","service":"worker-service","timestamp":"I1O8601","version":"1.0.0"}
{"environment":"development","error":{"$metadata":{"attempts":3,"totalRetryDelay":101},"code":"ENOTFOUND","errno":-3008,"hostname":"sqs.us-east-1.amazonaws.com","syscall":"getaddrinfo"},"instanceId":"Abdullah-pc","level":"error","message":"Full error","service":"worker-service","timestamp":"I1O8601","version":"1.0.0"}
{"environment":"development","error":"getaddrinfo ENOTFOUND sqs.us-east-1.amazonaws.com","instanceId":"Abdullah-pc","level":"error","message":"Error receiving messages","service":"notification-worker-service","timestamp":"I2O8601","version":"1.0.0"}
{"environment":"development","error":{"$metadata":{"attempts":3,"totalRetryDelay":47},"code":"ENOTFOUND","errno":-3008,"hostname":"sqs.us-east-1.amazonaws.com","syscall":"getaddrinfo"},"instanceId":"Abdullah-pc","level":"error","message":"Full error","service":"notification-worker-service","timestamp":"I2O8601","version":"1.0.0"}
{"environment":"development","error":"getaddrinfo ENOTFOUND sqs.us-east-1.amazonaws.com","instanceId":"Abdullah-pc","level":"error","message":"Error receiving messages","service":"worker-service","timestamp":"I4O8601","version":"1.0.0"}
{"environment":"development","error":{"$metadata":{"attempts":3,"totalRetryDelay":193},"code":"ENOTFOUND","errno":-3008,"hostname":"sqs.us-east-1.amazonaws.com","syscall":"getaddrinfo"},"instanceId":"Abdullah-pc","level":"error","message":"Full error","service":"worker-service","timestamp":"I4O8601","version":"1.0.0"}
{"environment":"development","error":"getaddrinfo ENOTFOUND sqs.us-east-1.amazonaws.com","instanceId":"Abdullah-pc","level":"error","message":"Error receiving messages","service":"worker-service","timestamp":"I5O8601","version":"1.0.0"}
{"environment":"development","error":"getaddrinfo ENOTFOUND sqs.us-east-1.amazonaws.com","instanceId":"Abdullah-pc","level":"error","message":"Error receiving messages","service":"notification-worker-service","timestamp":"I5O8601","version":"1.0.0"}
{"environment":"development","error":{"$metadata":{"attempts":3,"totalRetryDelay":97},"code":"ENOTFOUND","errno":-3008,"hostname":"sqs.us-east-1.amazonaws.com","syscall":"getaddrinfo"},"instanceId":"Abdullah-pc","level":"error","message":"Full error","service":"worker-service","timestamp":"I5O8601","version":"1.0.0"}
{"environment":"development","error":{"$metadata":{"attempts":3,"totalRetryDelay":262},"code":"ENOTFOUND","errno":-3008,"hostname":"sqs.us-east-1.amazonaws.com","syscall":"getaddrinfo"},"instanceId":"Abdullah-pc","level":"error","message":"Full error","service":"notification-worker-service","timestamp":"I5O8601","version":"1.0.0"}
{"environment":"development","error":"getaddrinfo ENOTFOUND sqs.us-east-1.amazonaws.com","instanceId":"Abdullah-pc","level":"error","message":"Error receiving messages","service":"notification-worker-service","timestamp":"I6O8601","version":"1.0.0"}
{"environment":"development","error":{"$metadata":{"attempts":3,"totalRetryDelay":101},"code":"ENOTFOUND","errno":-3008,"hostname":"sqs.us-east-1.amazonaws.com","syscall":"getaddrinfo"},"instanceId":"Abdullah-pc","level":"error","message":"Full error","service":"notification-worker-service","timestamp":"I6O8601","version":"1.0.0"}
{"environment":"development","error":"getaddrinfo ENOTFOUND sqs.us-east-1.amazonaws.com","instanceId":"Abdullah-pc","level":"error","message":"Error receiving messages","service":"worker-service","timestamp":"I7O8601","version":"1.0.0"}
{"environment":"development","error":{"$metadata":{"attempts":3,"totalRetryDelay":169},"code":"ENOTFOUND","errno":-3008,"hostname":"sqs.us-east-1.amazonaws.com","syscall":"getaddrinfo"},"instanceId":"Abdullah-pc","level":"error","message":"Full error","service":"worker-service","timestamp":"I7O8601","version":"1.0.0"}
{"environment":"development","error":"getaddrinfo ENOTFOUND sqs.us-east-1.amazonaws.com","instanceId":"Abdullah-pc","level":"error","message":"Error receiving messages","service":"notification-worker-service","timestamp":"I8O8601","version":"1.0.0"}
{"environment":"development","error":{"$metadata":{"attempts":3,"totalRetryDelay":132},"code":"ENOTFOUND","errno":-3008,"hostname":"sqs.us-east-1.amazonaws.com","syscall":"getaddrinfo"},"instanceId":"Abdullah-pc","level":"error","message":"Full error","service":"notification-worker-service","timestamp":"I8O8601","version":"1.0.0"}
{"environment":"development","error":"getaddrinfo ENOTFOUND sqs.us-east-1.amazonaws.com","instanceId":"Abdullah-pc","level":"error","message":"Error receiving messages","service":"notification-worker-service","timestamp":"I9O8601","version":"1.0.0"}
{"environment":"development","error":{"$metadata":{"attempts":3,"totalRetryDelay":102},"code":"ENOTFOUND","errno":-3008,"hostname":"sqs.us-east-1.amazonaws.com","syscall":"getaddrinfo"},"instanceId":"Abdullah-pc","level":"error","message":"Full error","service":"notification-worker-service","timestamp":"I9O8601","version":"1.0.0"}
{"environment":"development","error":"getaddrinfo ENOTFOUND sqs.us-east-1.amazonaws.com","instanceId":"Abdullah-pc","level":"error","message":"Error receiving messages","service":"worker-service","timestamp":"I0O8601","version":"1.0.0"}
{"environment":"development","error":{"$metadata":{"attempts":3,"totalRetryDelay":290},"code":"ENOTFOUND","errno":-3008,"hostname":"sqs.us-east-1.amazonaws.com","syscall":"getaddrinfo"},"instanceId":"Abdullah-pc","level":"error","message":"Full error","service":"worker-service","timestamp":"I0O8601","version":"1.0.0"}
{"environment":"development","error":"getaddrinfo ENOTFOUND sqs.us-east-1.amazonaws.com","instanceId":"Abdullah-pc","level":"error","message":"Error receiving messages","service":"worker-service","timestamp":"I1O8601","version":"1.0.0"}
{"environment":"development","error":{"$metadata":{"attempts":3,"totalRetryDelay":49},"code":"ENOTFOUND","errno":-3008,"hostname":"sqs.us-east-1.amazonaws.com","syscall":"getaddrinfo"},"instanceId":"Abdullah-pc","level":"error","message":"Full error","service":"worker-service","timestamp":"I1O8601","version":"1.0.0"}
{"environment":"development","error":"getaddrinfo ENOTFOUND sqs.us-east-1.amazonaws.com","instanceId":"Abdullah-pc","level":"error","message":"Error receiving messages","service":"notification-worker-service","timestamp":"I1O8601","version":"1.0.0"}
{"environment":"development","error":{"$metadata":{"attempts":3,"totalRetryDelay":192},"code":"ENOTFOUND","errno":-3008,"hostname":"sqs.us-east-1.amazonaws.com","syscall":"getaddrinfo"},"instanceId":"Abdullah-pc","level":"error","message":"Full error","service":"notification-worker-service","timestamp":"I1O8601","version":"1.0.0"}
{"environment":"development","error":"getaddrinfo ENOTFOUND sqs.us-east-1.amazonaws.com","instanceId":"Abdullah-pc","level":"error","message":"Error receiving messages","service":"worker-service","timestamp":"I2O8601","version":"1.0.0"}
{"environment":"development","error":"getaddrinfo ENOTFOUND sqs.us-east-1.amazonaws.com","instanceId":"Abdullah-pc","level":"error","message":"Error receiving messages","service":"notification-worker-service","timestamp":"I2O8601","version":"1.0.0"}
{"environment":"development","error":{"$metadata":{"attempts":3,"totalRetryDelay":105},"code":"ENOTFOUND","errno":-3008,"hostname":"sqs.us-east-1.amazonaws.com","syscall":"getaddrinfo"},"instanceId":"Abdullah-pc","level":"error","message":"Full error","service":"worker-service","timestamp":"I2O8601","version":"1.0.0"}
{"environment":"development","error":{"$metadata":{"attempts":3,"totalRetryDelay":78},"code":"ENOTFOUND","errno":-3008,"hostname":"sqs.us-east-1.amazonaws.com","syscall":"getaddrinfo"},"instanceId":"Abdullah-pc","level":"error","message":"Full error","service":"notification-worker-service","timestamp":"I2O8601","version":"1.0.0"}
{"environment":"development","error":"getaddrinfo ENOTFOUND sqs.us-east-1.amazonaws.com","instanceId":"Abdullah-pc","level":"error","message":"Error receiving messages","service":"notification-worker-service","timestamp":"I4O8601","version":"1.0.0"}
{"environment":"development","error":{"$metadata":{"attempts":3,"totalRetryDelay":113},"code":"ENOTFOUND","errno":-3008,"hostname":"sqs.us-east-1.amazonaws.com","syscall":"getaddrinfo"},"instanceId":"Abdullah-pc","level":"error","message":"Full error","service":"notification-worker-service","timestamp":"I4O8601","version":"1.0.0"}
{"environment":"development","error":"getaddrinfo ENOTFOUND sqs.us-east-1.amazonaws.com","instanceId":"Abdullah-pc","level":"error","message":"Error receiving messages","service":"worker-service","timestamp":"I4O8601","version":"1.0.0"}
{"environment":"development","error":{"$metadata":{"attempts":3,"totalRetryDelay":162},"code":"ENOTFOUND","errno":-3008,"hostname":"sqs.us-east-1.amazonaws.com","syscall":"getaddrinfo"},"instanceId":"Abdullah-pc","level":"error","message":"Full error","service":"worker-service","timestamp":"I4O8601","version":"1.0.0"}
{"environment":"development","error":"getaddrinfo ENOTFOUND sqs.us-east-1.amazonaws.com","instanceId":"Abdullah-pc","level":"error","message":"Error receiving messages","service":"worker-service","timestamp":"I6O8601","version":"1.0.0"}
{"environment":"development","error":{"$metadata":{"attempts":3,"totalRetryDelay":138},"code":"ENOTFOUND","errno":-3008,"hostname":"sqs.us-east-1.amazonaws.com","syscall":"getaddrinfo"},"instanceId":"Abdullah-pc","level":"error","message":"Full error","service":"worker-service","timestamp":"I6O8601","version":"1.0.0"}
{"environment":"development","error":"getaddrinfo ENOTFOUND sqs.us-east-1.amazonaws.com","instanceId":"Abdullah-pc","level":"error","message":"Error receiving messages","service":"worker-service","timestamp":"I7O8601","version":"1.0.0"}
{"environment":"development","error":"getaddrinfo ENOTFOUND sqs.us-east-1.amazonaws.com","instanceId":"Abdullah-pc","level":"error","message":"Error receiving messages","service":"notification-worker-service","timestamp":"I7O8601","version":"1.0.0"}
{"environment":"development","error":{"$metadata":{"attempts":3,"totalRetryDelay":41},"code":"ENOTFOUND","errno":-3008,"hostname":"sqs.us-east-1.amazonaws.com","syscall":"getaddrinfo"},"instanceId":"Abdullah-pc","level":"error","message":"Full error","service":"worker-service","timestamp":"I7O8601","version":"1.0.0"}
{"environment":"development","error":{"$metadata":{"attempts":3,"totalRetryDelay":271},"code":"ENOTFOUND","errno":-3008,"hostname":"sqs.us-east-1.amazonaws.com","syscall":"getaddrinfo"},"instanceId":"Abdullah-pc","level":"error","message":"Full error","service":"notification-worker-service","timestamp":"I7O8601","version":"1.0.0"}
{"environment":"development","error":"getaddrinfo ENOTFOUND sqs.us-east-1.amazonaws.com","instanceId":"Abdullah-pc","level":"error","message":"Error receiving messages","service":"notification-worker-service","timestamp":"I9O8601","version":"1.0.0"}
{"environment":"development","error":{"$metadata":{"attempts":3,"totalRetryDelay":144},"code":"ENOTFOUND","errno":-3008,"hostname":"sqs.us-east-1.amazonaws.com","syscall":"getaddrinfo"},"instanceId":"Abdullah-pc","level":"error","message":"Full error","service":"notification-worker-service","timestamp":"I9O8601","version":"1.0.0"}
{"environment":"development","error":"getaddrinfo ENOTFOUND sqs.us-east-1.amazonaws.com","instanceId":"Abdullah-pc","level":"error","message":"Error receiving messages","service":"worker-service","timestamp":"I9O8601","version":"1.0.0"}
{"environment":"development","error":{"$metadata":{"attempts":3,"totalRetryDelay":199},"code":"ENOTFOUND","errno":-3008,"hostname":"sqs.us-east-1.amazonaws.com","syscall":"getaddrinfo"},"instanceId":"Abdullah-pc","level":"error","message":"Full error","service":"worker-service","timestamp":"I9O8601","version":"1.0.0"}
{"environment":"development","error":"getaddrinfo ENOTFOUND sqs.us-east-1.amazonaws.com","instanceId":"Abdullah-pc","level":"error","message":"Error receiving messages","service":"notification-worker-service","timestamp":"I0O8601","version":"1.0.0"}
{"environment":"development","error":{"$metadata":{"attempts":3,"totalRetryDelay":138},"code":"ENOTFOUND","errno":-3008,"hostname":"sqs.us-east-1.amazonaws.com","syscall":"getaddrinfo"},"instanceId":"Abdullah-pc","level":"error","message":"Full error","service":"notification-worker-service","timestamp":"I0O8601","version":"1.0.0"}
{"environment":"development","error":"getaddrinfo ENOTFOUND sqs.us-east-1.amazonaws.com","instanceId":"Abdullah-pc","level":"error","message":"Error receiving messages","service":"notification-worker-service","timestamp":"I1O8601","version":"1.0.0"}
{"environment":"development","error":"getaddrinfo ENOTFOUND sqs.us-east-1.amazonaws.com","instanceId":"Abdullah-pc","level":"error","message":"Error receiving messages","service":"worker-service","timestamp":"I1O8601","version":"1.0.0"}
{"environment":"development","error":{"$metadata":{"attempts":3,"totalRetryDelay":134},"code":"ENOTFOUND","errno":-3008,"hostname":"sqs.us-east-1.amazonaws.com","syscall":"getaddrinfo"},"instanceId":"Abdullah-pc","level":"error","message":"Full error","service":"worker-service","timestamp":"I1O8601","version":"1.0.0"}
{"environment":"development","error":{"$metadata":{"attempts":3,"totalRetryDelay":32},"code":"ENOTFOUND","errno":-3008,"hostname":"sqs.us-east-1.amazonaws.com","syscall":"getaddrinfo"},"instanceId":"Abdullah-pc","level":"error","message":"Full error","service":"notification-worker-service","timestamp":"I1O8601","version":"1.0.0"}
{"environment":"development","error":"getaddrinfo ENOTFOUND sqs.us-east-1.amazonaws.com","instanceId":"Abdullah-pc","level":"error","message":"Error receiving messages","service":"notification-worker-service","timestamp":"I2O8601","version":"1.0.0"}
{"environment":"development","error":{"$metadata":{"attempts":3,"totalRetryDelay":56},"code":"ENOTFOUND","errno":-3008,"hostname":"sqs.us-east-1.amazonaws.com","syscall":"getaddrinfo"},"instanceId":"Abdullah-pc","level":"error","message":"Full error","service":"notification-worker-service","timestamp":"I2O8601","version":"1.0.0"}
{"environment":"development","error":"getaddrinfo ENOTFOUND sqs.us-east-1.amazonaws.com","instanceId":"Abdullah-pc","level":"error","message":"Error receiving messages","service":"worker-service","timestamp":"I2O8601","version":"1.0.0"}
{"environment":"development","error":{"$metadata":{"attempts":3,"totalRetryDelay":132},"code":"ENOTFOUND","errno":-3008,"hostname":"sqs.us-east-1.amazonaws.com","syscall":"getaddrinfo"},"instanceId":"Abdullah-pc","level":"error","message":"Full error","service":"worker-service","timestamp":"I2O8601","version":"1.0.0"}
{"environment":"development","error":"getaddrinfo ENOTFOUND sqs.us-east-1.amazonaws.com","instanceId":"Abdullah-pc","level":"error","message":"Error receiving messages","service":"notification-worker-service","timestamp":"I4O8601","version":"1.0.0"}
{"environment":"development","error":{"$metadata":{"attempts":3,"totalRetryDelay":192},"code":"ENOTFOUND","errno":-3008,"hostname":"sqs.us-east-1.amazonaws.com","syscall":"getaddrinfo"},"instanceId":"Abdullah-pc","level":"error","message":"Full error","service":"notification-worker-service","timestamp":"I4O8601","version":"1.0.0"}
{"environment":"development","error":"getaddrinfo ENOTFOUND sqs.us-east-1.amazonaws.com","instanceId":"Abdullah-pc","level":"error","message":"Error receiving messages","service":"worker-service","timestamp":"I4O8601","version":"1.0.0"}
{"environment":"development","error":{"$metadata":{"attempts":3,"totalRetryDelay":162},"code":"ENOTFOUND","errno":-3008,"hostname":"sqs.us-east-1.amazonaws.com","syscall":"getaddrinfo"},"instanceId":"Abdullah-pc","level":"error","message":"Full error","service":"worker-service","timestamp":"I4O8601","version":"1.0.0"}
{"environment":"development","error":"getaddrinfo ENOTFOUND sqs.us-east-1.amazonaws.com","instanceId":"Abdullah-pc","level":"error","message":"Error receiving messages","service":"worker-service","timestamp":"I7O8601","version":"1.0.0"}
{"environment":"development","error":"getaddrinfo ENOTFOUND sqs.us-east-1.amazonaws.com","instanceId":"Abdullah-pc","level":"error","message":"Error receiving messages","service":"notification-worker-service","timestamp":"I7O8601","version":"1.0.0"}
{"environment":"development","error":{"$metadata":{"attempts":3,"totalRetryDelay":220},"code":"ENOTFOUND","errno":-3008,"hostname":"sqs.us-east-1.amazonaws.com","syscall":"getaddrinfo"},"instanceId":"Abdullah-pc","level":"error","message":"Full error","service":"worker-service","timestamp":"I7O8601","version":"1.0.0"}
{"environment":"development","error":{"$metadata":{"attempts":3,"totalRetryDelay":257},"code":"ENOTFOUND","errno":-3008,"hostname":"sqs.us-east-1.amazonaws.com","syscall":"getaddrinfo"},"instanceId":"Abdullah-pc","level":"error","message":"Full error","service":"notification-worker-service","timestamp":"I7O8601","version":"1.0.0"}
{"environment":"development","error":"getaddrinfo ENOTFOUND sqs.us-east-1.amazonaws.com","instanceId":"Abdullah-pc","level":"error","message":"Error receiving messages","service":"worker-service","timestamp":"I8O8601","version":"1.0.0"}
{"environment":"development","error":{"$metadata":{"attempts":3,"totalRetryDelay":105},"code":"ENOTFOUND","errno":-3008,"hostname":"sqs.us-east-1.amazonaws.com","syscall":"getaddrinfo"},"instanceId":"Abdullah-pc","level":"error","message":"Full error","service":"worker-service","timestamp":"I8O8601","version":"1.0.0"}
{"environment":"development","error":"getaddrinfo ENOTFOUND sqs.us-east-1.amazonaws.com","instanceId":"Abdullah-pc","level":"error","message":"Error receiving messages","service":"notification-worker-service","timestamp":"I9O8601","version":"1.0.0"}
{"environment":"development","error":{"$metadata":{"attempts":3,"totalRetryDelay":219},"code":"ENOTFOUND","errno":-3008,"hostname":"sqs.us-east-1.amazonaws.com","syscall":"getaddrinfo"},"instanceId":"Abdullah-pc","level":"error","message":"Full error","service":"notification-worker-service","timestamp":"I9O8601","version":"1.0.0"}
{"environment":"development","error":"getaddrinfo ENOTFOUND sqs.us-east-1.amazonaws.com","instanceId":"Abdullah-pc","level":"error","message":"Error receiving messages","service":"worker-service","timestamp":"I0O8601","version":"1.0.0"}
{"environment":"development","error":{"$metadata":{"attempts":3,"totalRetryDelay":189},"code":"ENOTFOUND","errno":-3008,"hostname":"sqs.us-east-1.amazonaws.com","syscall":"getaddrinfo"},"instanceId":"Abdullah-pc","level":"error","message":"Full error","service":"worker-service","timestamp":"I0O8601","version":"1.0.0"}
{"environment":"development","error":"getaddrinfo ENOTFOUND sqs.us-east-1.amazonaws.com","instanceId":"Abdullah-pc","level":"error","message":"Error receiving messages","service":"notification-worker-service","timestamp":"I1O8601","version":"1.0.0"}
{"environment":"development","error":{"$metadata":{"attempts":3,"totalRetryDelay":197},"code":"ENOTFOUND","errno":-3008,"hostname":"sqs.us-east-1.amazonaws.com","syscall":"getaddrinfo"},"instanceId":"Abdullah-pc","level":"error","message":"Full error","service":"notification-worker-service","timestamp":"I1O8601","version":"1.0.0"}
{"environment":"development","error":"getaddrinfo ENOTFOUND sqs.us-east-1.amazonaws.com","instanceId":"Abdullah-pc","level":"error","message":"Error receiving messages","service":"worker-service","timestamp":"I2O8601","version":"1.0.0"}
{"environment":"development","error":{"$metadata":{"attempts":3,"totalRetryDelay":186},"code":"ENOTFOUND","errno":-3008,"hostname":"sqs.us-east-1.amazonaws.com","syscall":"getaddrinfo"},"instanceId":"Abdullah-pc","level":"error","message":"Full error","service":"worker-service","timestamp":"I2O8601","version":"1.0.0"}
{"environment":"development","error":"getaddrinfo ENOTFOUND sqs.us-east-1.amazonaws.com","instanceId":"Abdullah-pc","level":"error","message":"Error receiving messages","service":"notification-worker-service","timestamp":"I3O8601","version":"1.0.0"}
{"environment":"development","error":{"$metadata":{"attempts":3,"totalRetryDelay":131},"code":"ENOTFOUND","errno":-3008,"hostname":"sqs.us-east-1.amazonaws.com","syscall":"getaddrinfo"},"instanceId":"Abdullah-pc","level":"error","message":"Full error","service":"notification-worker-service","timestamp":"I3O8601","version":"1.0.0"}
{"environment":"development","error":"getaddrinfo ENOTFOUND sqs.us-east-1.amazonaws.com","instanceId":"Abdullah-pc","level":"error","message":"Error receiving messages","service":"worker-service","timestamp":"I5O8601","version":"1.0.0"}
{"environment":"development","error":{"$metadata":{"attempts":3,"totalRetryDelay":228},"code":"ENOTFOUND","errno":-3008,"hostname":"sqs.us-east-1.amazonaws.com","syscall":"getaddrinfo"},"instanceId":"Abdullah-pc","level":"error","message":"Full error","service":"worker-service","timestamp":"I5O8601","version":"1.0.0"}
{"environment":"development","error":"getaddrinfo ENOTFOUND sqs.us-east-1.amazonaws.com","instanceId":"Abdullah-pc","level":"error","message":"Error receiving messages","service":"notification-worker-service","timestamp":"I6O8601","version":"1.0.0"}
{"environment":"development","error":{"$metadata":{"attempts":3,"totalRetryDelay":259},"code":"ENOTFOUND","errno":-3008,"hostname":"sqs.us-east-1.amazonaws.com","syscall":"getaddrinfo"},"instanceId":"Abdullah-pc","level":"error","message":"Full error","service":"notification-worker-service","timestamp":"I6O8601","version":"1.0.0"}
{"environment":"development","error":"getaddrinfo ENOTFOUND sqs.us-east-1.amazonaws.com","instanceId":"Abdullah-pc","level":"error","message":"Error receiving messages","service":"worker-service","timestamp":"I6O8601","version":"1.0.0"}
{"environment":"development","error":{"$metadata":{"attempts":3,"totalRetryDelay":107},"code":"ENOTFOUND","errno":-3008,"hostname":"sqs.us-east-1.amazonaws.com","syscall":"getaddrinfo"},"instanceId":"Abdullah-pc","level":"error","message":"Full error","service":"worker-service","timestamp":"I6O8601","version":"1.0.0"}
{"environment":"development","error":"getaddrinfo ENOTFOUND sqs.us-east-1.amazonaws.com","instanceId":"Abdullah-pc","level":"error","message":"Error receiving messages","service":"notification-worker-service","timestamp":"I7O8601","version":"1.0.0"}
{"environment":"development","error":{"$metadata":{"attempts":3,"totalRetryDelay":113},"code":"ENOTFOUND","errno":-3008,"hostname":"sqs.us-east-1.amazonaws.com","syscall":"getaddrinfo"},"instanceId":"Abdullah-pc","level":"error","message":"Full error","service":"notification-worker-service","timestamp":"I7O8601","version":"1.0.0"}
{"environment":"development","error":"getaddrinfo ENOTFOUND sqs.us-east-1.amazonaws.com","instanceId":"Abdullah-pc","level":"error","message":"Error receiving messages","service":"worker-service","timestamp":"I9O8601","version":"1.0.0"}
{"environment":"development","error":{"$metadata":{"attempts":3,"totalRetryDelay":228},"code":"ENOTFOUND","errno":-3008,"hostname":"sqs.us-east-1.amazonaws.com","syscall":"getaddrinfo"},"instanceId":"Abdullah-pc","level":"error","message":"Full error","service":"worker-service","timestamp":"I9O8601","version":"1.0.0"}
{"environment":"development","error":"getaddrinfo ENOTFOUND sqs.us-east-1.amazonaws.com","instanceId":"Abdullah-pc","level":"error","message":"Error receiving messages","service":"worker-service","timestamp":"I0O8601","version":"1.0.0"}
{"environment":"development","error":{"$metadata":{"attempts":3,"totalRetryDelay":88},"code":"ENOTFOUND","errno":-3008,"hostname":"sqs.us-east-1.amazonaws.com","syscall":"getaddrinfo"},"instanceId":"Abdullah-pc","level":"error","message":"Full error","service":"worker-service","timestamp":"I0O8601","version":"1.0.0"}
{"environment":"development","error":"getaddrinfo ENOTFOUND sqs.us-east-1.amazonaws.com","instanceId":"Abdullah-pc","level":"error","message":"Error receiving messages","service":"notification-worker-service","timestamp":"I0O8601","version":"1.0.0"}
{"environment":"development","error":{"$metadata":{"attempts":3,"totalRetryDelay":265},"code":"ENOTFOUND","errno":-3008,"hostname":"sqs.us-east-1.amazonaws.com","syscall":"getaddrinfo"},"instanceId":"Abdullah-pc","level":"error","message":"Full error","service":"notification-worker-service","timestamp":"I0O8601","version":"1.0.0"}
{"environment":"development","error":"getaddrinfo ENOTFOUND sqs.us-east-1.amazonaws.com","instanceId":"Abdullah-pc","level":"error","message":"Error receiving messages","service":"notification-worker-service","timestamp":"I2O8601","version":"1.0.0"}
{"environment":"development","error":{"$metadata":{"attempts":3,"totalRetryDelay":96},"code":"ENOTFOUND","errno":-3008,"hostname":"sqs.us-east-1.amazonaws.com","syscall":"getaddrinfo"},"instanceId":"Abdullah-pc","level":"error","message":"Full error","service":"notification-worker-service","timestamp":"I2O8601","version":"1.0.0"}
{"environment":"development","error":"getaddrinfo ENOTFOUND sqs.us-east-1.amazonaws.com","instanceId":"Abdullah-pc","level":"error","message":"Error receiving messages","service":"worker-service","timestamp":"I2O8601","version":"1.0.0"}
{"environment":"development","error":{"$metadata":{"attempts":3,"totalRetryDelay":206},"code":"ENOTFOUND","errno":-3008,"hostname":"sqs.us-east-1.amazonaws.com","syscall":"getaddrinfo"},"instanceId":"Abdullah-pc","level":"error","message":"Full error","service":"worker-service","timestamp":"I2O8601","version":"1.0.0"}
{"environment":"development","error":"getaddrinfo ENOTFOUND sqs.us-east-1.amazonaws.com","instanceId":"Abdullah-pc","level":"error","message":"Error receiving messages","service":"notification-worker-service","timestamp":"I5O8601","version":"1.0.0"}
{"environment":"development","error":"getaddrinfo ENOTFOUND sqs.us-east-1.amazonaws.com","instanceId":"Abdullah-pc","level":"error","message":"Error receiving messages","service":"worker-service","timestamp":"I5O8601","version":"1.0.0"}
{"environment":"development","error":{"$metadata":{"attempts":3,"totalRetryDelay":259},"code":"ENOTFOUND","errno":-3008,"hostname":"sqs.us-east-1.amazonaws.com","syscall":"getaddrinfo"},"instanceId":"Abdullah-pc","level":"error","message":"Full error","service":"notification-worker-service","timestamp":"I5O8601","version":"1.0.0"}
{"environment":"development","error":{"$metadata":{"attempts":3,"totalRetryDelay":195},"code":"ENOTFOUND","errno":-3008,"hostname":"sqs.us-east-1.amazonaws.com","syscall":"getaddrinfo"},"instanceId":"Abdullah-pc","level":"error","message":"Full error","service":"worker-service","timestamp":"I5O8601","version":"1.0.0"}
{"environment":"development","error":"getaddrinfo ENOTFOUND sqs.us-east-1.amazonaws.com","instanceId":"Abdullah-pc","level":"error","message":"Error receiving messages","service":"notification-worker-service","timestamp":"I6O8601","version":"1.0.0"}
{"environment":"development","error":{"$metadata":{"attempts":3,"totalRetryDelay":83},"code":"ENOTFOUND","errno":-3008,"hostname":"sqs.us-east-1.amazonaws.com","syscall":"getaddrinfo"},"instanceId":"Abdullah-pc","level":"error","message":"Full error","service":"notification-worker-service","timestamp":"I6O8601","version":"1.0.0"}
{"environment":"development","error":"getaddrinfo ENOTFOUND sqs.us-east-1.amazonaws.com","instanceId":"Abdullah-pc","level":"error","message":"Error receiving messages","service":"notification-worker-service","timestamp":"I7O8601","version":"1.0.0"}
{"environment":"development","error":{"$metadata":{"attempts":3,"totalRetryDelay":62},"code":"ENOTFOUND","errno":-3008,"hostname":"sqs.us-east-1.amazonaws.com","syscall":"getaddrinfo"},"instanceId":"Abdullah-pc","level":"error","message":"Full error","service":"notification-worker-service","timestamp":"I7O8601","version":"1.0.0"}
{"environment":"development","error":"getaddrinfo ENOTFOUND sqs.us-east-1.amazonaws.com","instanceId":"Abdullah-pc","level":"error","message":"Error receiving messages","service":"worker-service","timestamp":"I7O8601","version":"1.0.0"}
{"environment":"development","error":{"$metadata":{"attempts":3,"totalRetryDelay":224},"code":"ENOTFOUND","errno":-3008,"hostname":"sqs.us-east-1.amazonaws.com","syscall":"getaddrinfo"},"instanceId":"Abdullah-pc","level":"error","message":"Full error","service":"worker-service","timestamp":"I7O8601","version":"1.0.0"}
{"environment":"development","error":"getaddrinfo ENOTFOUND sqs.us-east-1.amazonaws.com","instanceId":"Abdullah-pc","level":"error","message":"Error receiving messages","service":"worker-service","timestamp":"I8O8601","version":"1.0.0"}
{"environment":"development","error":{"$metadata":{"attempts":3,"totalRetryDelay":48},"code":"ENOTFOUND","errno":-3008,"hostname":"sqs.us-east-1.amazonaws.com","syscall":"getaddrinfo"},"instanceId":"Abdullah-pc","level":"error","message":"Full error","service":"worker-service","timestamp":"I8O8601","version":"1.0.0"}
{"environment":"development","error":"getaddrinfo ENOTFOUND sqs.us-east-1.amazonaws.com","instanceId":"Abdullah-pc","level":"error","message":"Error receiving messages","service":"notification-worker-service","timestamp":"I9O8601","version":"1.0.0"}
{"environment":"development","error":{"$metadata":{"attempts":3,"totalRetryDelay":131},"code":"ENOTFOUND","errno":-3008,"hostname":"sqs.us-east-1.amazonaws.com","syscall":"getaddrinfo"},"instanceId":"Abdullah-pc","level":"error","message":"Full error","service":"notification-worker-service","timestamp":"I9O8601","version":"1.0.0"}
{"environment":"development","error":"getaddrinfo ENOTFOUND sqs.us-east-1.amazonaws.com","instanceId":"Abdullah-pc","level":"error","message":"Error receiving messages","service":"worker-service","timestamp":"I10O8601","version":"1.0.0"}
{"environment":"development","error":{"$metadata":{"attempts":3,"totalRetryDelay":107},"code":"ENOTFOUND","errno":-3008,"hostname":"sqs.us-east-1.amazonaws.com","syscall":"getaddrinfo"},"instanceId":"Abdullah-pc","level":"error","message":"Full error","service":"worker-service","timestamp":"I10O8601","version":"1.0.0"}
{"environment":"development","error":"getaddrinfo ENOTFOUND sqs.us-east-1.amazonaws.com","instanceId":"Abdullah-pc","level":"error","message":"Error receiving messages","service":"notification-worker-service","timestamp":"I1O8601","version":"1.0.0"}
{"environment":"development","error":{"$metadata":{"attempts":3,"totalRetryDelay":177},"code":"ENOTFOUND","errno":-3008,"hostname":"sqs.us-east-1.amazonaws.com","syscall":"getaddrinfo"},"instanceId":"Abdullah-pc","level":"error","message":"Full error","service":"notification-worker-service","timestamp":"I1O8601","version":"1.0.0"}
{"environment":"development","error":"getaddrinfo ENOTFOUND sqs.us-east-1.amazonaws.com","instanceId":"Abdullah-pc","level":"error","message":"Error receiving messages","service":"worker-service","timestamp":"I1O8601","version":"1.0.0"}
{"environment":"development","error":{"$metadata":{"attempts":3,"totalRetryDelay":130},"code":"ENOTFOUND","errno":-3008,"hostname":"sqs.us-east-1.amazonaws.com","syscall":"getaddrinfo"},"instanceId":"Abdullah-pc","level":"error","message":"Full error","service":"worker-service","timestamp":"I2O8601","version":"1.0.0"}
{"environment":"development","error":"getaddrinfo ENOTFOUND sqs.us-east-1.amazonaws.com","instanceId":"Abdullah-pc","level":"error","message":"Error receiving messages","service":"worker-service","timestamp":"I2O8601","version":"1.0.0"}
{"environment":"development","error":"getaddrinfo ENOTFOUND sqs.us-east-1.amazonaws.com","instanceId":"Abdullah-pc","level":"error","message":"Error receiving messages","service":"notification-worker-service","timestamp":"I2O8601","version":"1.0.0"}
{"environment":"development","error":{"$metadata":{"attempts":3,"totalRetryDelay":113},"code":"ENOTFOUND","errno":-3008,"hostname":"sqs.us-east-1.amazonaws.com","syscall":"getaddrinfo"},"instanceId":"Abdullah-pc","level":"error","message":"Full error","service":"notification-worker-service","timestamp":"I2O8601","version":"1.0.0"}
{"environment":"development","error":{"$metadata":{"attempts":3,"totalRetryDelay":23},"code":"ENOTFOUND","errno":-3008,"hostname":"sqs.us-east-1.amazonaws.com","syscall":"getaddrinfo"},"instanceId":"Abdullah-pc","level":"error","message":"Full error","service":"worker-service","timestamp":"I2O8601","version":"1.0.0"}
{"environment":"development","error":"getaddrinfo ENOTFOUND sqs.us-east-1.amazonaws.com","instanceId":"Abdullah-pc","level":"error","message":"Error receiving messages","service":"notification-worker-service","timestamp":"I2O8601","version":"1.0.0"}
{"environment":"development","error":{"$metadata":{"attempts":3,"totalRetryDelay":2},"code":"ENOTFOUND","errno":-3008,"hostname":"sqs.us-east-1.amazonaws.com","syscall":"getaddrinfo"},"instanceId":"Abdullah-pc","level":"error","message":"Full error","service":"notification-worker-service","timestamp":"I2O8601","version":"1.0.0"}
{"environment":"development","error":"getaddrinfo ENOTFOUND sqs.us-east-1.amazonaws.com","instanceId":"Abdullah-pc","level":"error","message":"Error receiving messages","service":"worker-service","timestamp":"I4O8601","version":"1.0.0"}
{"environment":"development","error":{"$metadata":{"attempts":3,"totalRetryDelay":101},"code":"ENOTFOUND","errno":-3008,"hostname":"sqs.us-east-1.amazonaws.com","syscall":"getaddrinfo"},"instanceId":"Abdullah-pc","level":"error","message":"Full error","service":"worker-service","timestamp":"I4O8601","version":"1.0.0"}
{"environment":"development","error":"getaddrinfo ENOTFOUND sqs.us-east-1.amazonaws.com","instanceId":"Abdullah-pc","level":"error","message":"Error receiving messages","service":"notification-worker-service","timestamp":"I5O8601","version":"1.0.0"}
{"environment":"development","error":{"$metadata":{"attempts":3,"totalRetryDelay":243},"code":"ENOTFOUND","errno":-3008,"hostname":"sqs.us-east-1.amazonaws.com","syscall":"getaddrinfo"},"instanceId":"Abdullah-pc","level":"error","message":"Full error","service":"notification-worker-service","timestamp":"I5O8601","version":"1.0.0"}
{"environment":"development","error":"getaddrinfo ENOTFOUND sqs.us-east-1.amazonaws.com","instanceId":"Abdullah-pc","level":"error","message":"Error receiving messages","service":"worker-service","timestamp":"I6O8601","version":"1.0.0"}
{"environment":"development","error":{"$metadata":{"attempts":3,"totalRetryDelay":243},"code":"ENOTFOUND","errno":-3008,"hostname":"sqs.us-east-1.amazonaws.com","syscall":"getaddrinfo"},"instanceId":"Abdullah-pc","level":"error","message":"Full error","service":"worker-service","timestamp":"I6O8601","version":"1.0.0"}
{"environment":"development","error":"getaddrinfo ENOTFOUND sqs.us-east-1.amazonaws.com","instanceId":"Abdullah-pc","level":"error","message":"Error receiving messages","service":"notification-worker-service","timestamp":"I7O8601","version":"1.0.0"}
{"environment":"development","error":{"$metadata":{"attempts":3,"totalRetryDelay":143},"code":"ENOTFOUND","errno":-3008,"hostname":"sqs.us-east-1.amazonaws.com","syscall":"getaddrinfo"},"instanceId":"Abdullah-pc","level":"error","message":"Full error","service":"notification-worker-service","timestamp":"I7O8601","version":"1.0.0"}
{"environment":"development","error":"getaddrinfo ENOTFOUND sqs.us-east-1.amazonaws.com","instanceId":"Abdullah-pc","level":"error","message":"Error receiving messages","service":"worker-service","timestamp":"I9O8601","version":"1.0.0"}
{"environment":"development","error":{"$metadata":{"attempts":3,"totalRetryDelay":223},"code":"ENOTFOUND","errno":-3008,"hostname":"sqs.us-east-1.amazonaws.com","syscall":"getaddrinfo"},"instanceId":"Abdullah-pc","level":"error","message":"Full error","service":"worker-service","timestamp":"I9O8601","version":"1.0.0"}
{"environment":"development","error":"getaddrinfo ENOTFOUND sqs.us-east-1.amazonaws.com","instanceId":"Abdullah-pc","level":"error","message":"Error receiving messages","service":"notification-worker-service","timestamp":"I9O8601","version":"1.0.0"}
{"environment":"development","error":{"$metadata":{"attempts":3,"totalRetryDelay":150},"code":"ENOTFOUND","errno":-3008,"hostname":"sqs.us-east-1.amazonaws.com","syscall":"getaddrinfo"},"instanceId":"Abdullah-pc","level":"error","message":"Full error","service":"notification-worker-service","timestamp":"I9O8601","version":"1.0.0"}
{"environment":"development","error":"getaddrinfo ENOTFOUND sqs.us-east-1.amazonaws.com","instanceId":"Abdullah-pc","level":"error","message":"Error receiving messages","service":"worker-service","timestamp":"I9O8601","version":"1.0.0"}
{"environment":"development","error":{"$metadata":{"attempts":3,"totalRetryDelay":56},"code":"ENOTFOUND","errno":-3008,"hostname":"sqs.us-east-1.amazonaws.com","syscall":"getaddrinfo"},"instanceId":"Abdullah-pc","level":"error","message":"Full error","service":"worker-service","timestamp":"I9O8601","version":"1.0.0"}
{"environment":"development","error":"getaddrinfo ENOTFOUND sqs.us-east-1.amazonaws.com","instanceId":"Abdullah-pc","level":"error","message":"Error receiving messages","service":"notification-worker-service","timestamp":"I0O8601","version":"1.0.0"}
{"environment":"development","error":{"$metadata":{"attempts":3,"totalRetryDelay":131},"code":"ENOTFOUND","errno":-3008,"hostname":"sqs.us-east-1.amazonaws.com","syscall":"getaddrinfo"},"instanceId":"Abdullah-pc","level":"error","message":"Full error","service":"notification-worker-service","timestamp":"I0O8601","version":"1.0.0"}
{"environment":"development","error":"getaddrinfo ENOTFOUND sqs.us-east-1.amazonaws.com","instanceId":"Abdullah-pc","level":"error","message":"Error receiving messages","service":"notification-worker-service","timestamp":"I2O8601","version":"1.0.0"}
{"environment":"development","error":"getaddrinfo ENOTFOUND sqs.us-east-1.amazonaws.com","instanceId":"Abdullah-pc","level":"error","message":"Error receiving messages","service":"worker-service","timestamp":"I2O8601","version":"1.0.0"}
{"environment":"development","error":{"$metadata":{"attempts":3,"totalRetryDelay":216},"code":"ENOTFOUND","errno":-3008,"hostname":"sqs.us-east-1.amazonaws.com","syscall":"getaddrinfo"},"instanceId":"Abdullah-pc","level":"error","message":"Full error","service":"worker-service","timestamp":"I2O8601","version":"1.0.0"}
{"environment":"development","error":{"$metadata":{"attempts":3,"totalRetryDelay":119},"code":"ENOTFOUND","errno":-3008,"hostname":"sqs.us-east-1.amazonaws.com","syscall":"getaddrinfo"},"instanceId":"Abdullah-pc","level":"error","message":"Full error","service":"notification-worker-service","timestamp":"I2O8601","version":"1.0.0"}
{"environment":"development","error":"getaddrinfo ENOTFOUND sqs.us-east-1.amazonaws.com","instanceId":"Abdullah-pc","level":"error","message":"Error receiving messages","service":"worker-service","timestamp":"I3O8601","version":"1.0.0"}
{"environment":"development","error":"getaddrinfo ENOTFOUND sqs.us-east-1.amazonaws.com","instanceId":"Abdullah-pc","level":"error","message":"Error receiving messages","service":"notification-worker-service","timestamp":"I3O8601","version":"1.0.0"}
{"environment":"development","error":{"$metadata":{"attempts":3,"totalRetryDelay":89},"code":"ENOTFOUND","errno":-3008,"hostname":"sqs.us-east-1.amazonaws.com","syscall":"getaddrinfo"},"instanceId":"Abdullah-pc","level":"error","message":"Full error","service":"notification-worker-service","timestamp":"I3O8601","version":"1.0.0"}
{"environment":"development","error":{"$metadata":{"attempts":3,"totalRetryDelay":75},"code":"ENOTFOUND","errno":-3008,"hostname":"sqs.us-east-1.amazonaws.com","syscall":"getaddrinfo"},"instanceId":"Abdullah-pc","level":"error","message":"Full error","service":"worker-service","timestamp":"I3O8601","version":"1.0.0"}
{"environment":"development","error":"getaddrinfo ENOTFOUND sqs.us-east-1.amazonaws.com","instanceId":"Abdullah-pc","level":"error","message":"Error receiving messages","service":"worker-service","timestamp":"I4O8601","version":"1.0.0"}
{"environment":"development","error":{"$metadata":{"attempts":3,"totalRetryDelay":58},"code":"ENOTFOUND","errno":-3008,"hostname":"sqs.us-east-1.amazonaws.com","syscall":"getaddrinfo"},"instanceId":"Abdullah-pc","level":"error","message":"Full error","service":"worker-service","timestamp":"I4O8601","version":"1.0.0"}
{"environment":"development","error":"getaddrinfo ENOTFOUND sqs.us-east-1.amazonaws.com","instanceId":"Abdullah-pc","level":"error","message":"Error receiving messages","service":"worker-service","timestamp":"I4O8601","version":"1.0.0"}
{"environment":"development","error":{"$metadata":{"attempts":3,"totalRetryDelay":26},"code":"ENOTFOUND","errno":-3008,"hostname":"sqs.us-east-1.amazonaws.com","syscall":"getaddrinfo"},"instanceId":"Abdullah-pc","level":"error","message":"Full error","service":"worker-service","timestamp":"I4O8601","version":"1.0.0"}
{"environment":"development","error":"getaddrinfo ENOTFOUND sqs.us-east-1.amazonaws.com","instanceId":"Abdullah-pc","level":"error","message":"Error receiving messages","service":"notification-worker-service","timestamp":"I5O8601","version":"1.0.0"}
{"environment":"development","error":{"$metadata":{"attempts":3,"totalRetryDelay":165},"code":"ENOTFOUND","errno":-3008,"hostname":"sqs.us-east-1.amazonaws.com","syscall":"getaddrinfo"},"instanceId":"Abdullah-pc","level":"error","message":"Full error","service":"notification-worker-service","timestamp":"I5O8601","version":"1.0.0"}
{"environment":"development","error":"getaddrinfo ENOTFOUND sqs.us-east-1.amazonaws.com","instanceId":"Abdullah-pc","level":"error","message":"Error receiving messages","service":"worker-service","timestamp":"I5O8601","version":"1.0.0"}
{"environment":"development","error":{"$metadata":{"attempts":3,"totalRetryDelay":68},"code":"ENOTFOUND","errno":-3008,"hostname":"sqs.us-east-1.amazonaws.com","syscall":"getaddrinfo"},"instanceId":"Abdullah-pc","level":"error","message":"Full error","service":"worker-service","timestamp":"I5O8601","version":"1.0.0"}
{"environment":"development","error":"getaddrinfo ENOTFOUND sqs.us-east-1.amazonaws.com","instanceId":"Abdullah-pc","level":"error","message":"Error receiving messages","service":"notification-worker-service","timestamp":"I7O8601","version":"1.0.0"}
{"environment":"development","error":"getaddrinfo ENOTFOUND sqs.us-east-1.amazonaws.com","instanceId":"Abdullah-pc","level":"error","message":"Error receiving messages","service":"worker-service","timestamp":"I7O8601","version":"1.0.0"}
{"environment":"development","error":{"$metadata":{"attempts":3,"totalRetryDelay":172},"code":"ENOTFOUND","errno":-3008,"hostname":"sqs.us-east-1.amazonaws.com","syscall":"getaddrinfo"},"instanceId":"Abdullah-pc","level":"error","message":"Full error","service":"notification-worker-service","timestamp":"I7O8601","version":"1.0.0"}
{"environment":"development","error":{"$metadata":{"attempts":3,"totalRetryDelay":127},"code":"ENOTFOUND","errno":-3008,"hostname":"sqs.us-east-1.amazonaws.com","syscall":"getaddrinfo"},"instanceId":"Abdullah-pc","level":"error","message":"Full error","service":"worker-service","timestamp":"I7O8601","version":"1.0.0"}
{"environment":"development","error":"getaddrinfo ENOTFOUND sqs.us-east-1.amazonaws.com","instanceId":"Abdullah-pc","level":"error","message":"Error receiving messages","service":"notification-worker-service","timestamp":"I8O8601","version":"1.0.0"}
{"environment":"development","error":{"$metadata":{"attempts":3,"totalRetryDelay":91},"code":"ENOTFOUND","errno":-3008,"hostname":"sqs.us-east-1.amazonaws.com","syscall":"getaddrinfo"},"instanceId":"Abdullah-pc","level":"error","message":"Full error","service":"notification-worker-service","timestamp":"I8O8601","version":"1.0.0"}
{"environment":"development","error":"getaddrinfo ENOTFOUND sqs.us-east-1.amazonaws.com","instanceId":"Abdullah-pc","level":"error","message":"Error receiving messages","service":"worker-service","timestamp":"I8O8601","version":"1.0.0"}
{"environment":"development","error":{"$metadata":{"attempts":3,"totalRetryDelay":113},"code":"ENOTFOUND","errno":-3008,"hostname":"sqs.us-east-1.amazonaws.com","syscall":"getaddrinfo"},"instanceId":"Abdullah-pc","level":"error","message":"Full error","service":"worker-service","timestamp":"I9O8601","version":"1.0.0"}
{"environment":"development","error":"getaddrinfo ENOTFOUND sqs.us-east-1.amazonaws.com","instanceId":"Abdullah-pc","level":"error","message":"Error receiving messages","service":"notification-worker-service","timestamp":"I0O8601","version":"1.0.0"}
{"environment":"development","error":{"$metadata":{"attempts":3,"totalRetryDelay":184},"code":"ENOTFOUND","errno":-3008,"hostname":"sqs.us-east-1.amazonaws.com","syscall":"getaddrinfo"},"instanceId":"Abdullah-pc","level":"error","message":"Full error","service":"notification-worker-service","timestamp":"I0O8601","version":"1.0.0"}
{"environment":"development","error":"getaddrinfo ENOTFOUND sqs.us-east-1.amazonaws.com","instanceId":"Abdullah-pc","level":"error","message":"Error receiving messages","service":"worker-service","timestamp":"I1O8601","version":"1.0.0"}
{"environment":"development","error":{"$metadata":{"attempts":3,"totalRetryDelay":258},"code":"ENOTFOUND","errno":-3008,"hostname":"sqs.us-east-1.amazonaws.com","syscall":"getaddrinfo"},"instanceId":"Abdullah-pc","level":"error","message":"Full error","service":"worker-service","timestamp":"I1O8601","version":"1.0.0"}
{"environment":"development","error":"getaddrinfo ENOTFOUND sqs.us-east-1.amazonaws.com","instanceId":"Abdullah-pc","level":"error","message":"Error receiving messages","service":"worker-service","timestamp":"I3O8601","version":"1.0.0"}
{"environment":"development","error":{"$metadata":{"attempts":3,"totalRetryDelay":127},"code":"ENOTFOUND","errno":-3008,"hostname":"sqs.us-east-1.amazonaws.com","syscall":"getaddrinfo"},"instanceId":"Abdullah-pc","level":"error","message":"Full error","service":"worker-service","timestamp":"I3O8601","version":"1.0.0"}
{"environment":"development","error":"getaddrinfo ENOTFOUND sqs.us-east-1.amazonaws.com","instanceId":"Abdullah-pc","level":"error","message":"Error receiving messages","service":"notification-worker-service","timestamp":"I4O8601","version":"1.0.0"}
{"environment":"development","error":{"$metadata":{"attempts":3,"totalRetryDelay":278},"code":"ENOTFOUND","errno":-3008,"hostname":"sqs.us-east-1.amazonaws.com","syscall":"getaddrinfo"},"instanceId":"Abdullah-pc","level":"error","message":"Full error","service":"notification-worker-service","timestamp":"I4O8601","version":"1.0.0"}
{"environment":"development","error":"getaddrinfo ENOTFOUND sqs.us-east-1.amazonaws.com","instanceId":"Abdullah-pc","level":"error","message":"Error receiving messages","service":"worker-service","timestamp":"I4O8601","version":"1.0.0"}
{"environment":"development","error":{"$metadata":{"attempts":3,"totalRetryDelay":111},"code":"ENOTFOUND","errno":-3008,"hostname":"sqs.us-east-1.amazonaws.com","syscall":"getaddrinfo"},"instanceId":"Abdullah-pc","level":"error","message":"Full error","service":"worker-service","timestamp":"I4O8601","version":"1.0.0"}
{"environment":"development","error":"getaddrinfo ENOTFOUND sqs.us-east-1.amazonaws.com","instanceId":"Abdullah-pc","level":"error","message":"Error receiving messages","service":"notification-worker-service","timestamp":"I5O8601","version":"1.0.0"}
{"environment":"development","error":{"$metadata":{"attempts":3,"totalRetryDelay":106},"code":"ENOTFOUND","errno":-3008,"hostname":"sqs.us-east-1.amazonaws.com","syscall":"getaddrinfo"},"instanceId":"Abdullah-pc","level":"error","message":"Full error","service":"notification-worker-service","timestamp":"I5O8601","version":"1.0.0"}
{"environment":"development","error":"getaddrinfo ENOTFOUND sqs.us-east-1.amazonaws.com","instanceId":"Abdullah-pc","level":"error","message":"Error receiving messages","service":"worker-service","timestamp":"I7O8601","version":"1.0.0"}
{"environment":"development","error":{"$metadata":{"attempts":3,"totalRetryDelay":204},"code":"ENOTFOUND","errno":-3008,"hostname":"sqs.us-east-1.amazonaws.com","syscall":"getaddrinfo"},"instanceId":"Abdullah-pc","level":"error","message":"Full error","service":"worker-service","timestamp":"I7O8601","version":"1.0.0"}
{"environment":"development","error":"getaddrinfo ENOTFOUND sqs.us-east-1.amazonaws.com","instanceId":"Abdullah-pc","level":"error","message":"Error receiving messages","service":"notification-worker-service","timestamp":"I7O8601","version":"1.0.0"}
{"environment":"development","error":{"$metadata":{"attempts":3,"totalRetryDelay":154},"code":"ENOTFOUND","errno":-3008,"hostname":"sqs.us-east-1.amazonaws.com","syscall":"getaddrinfo"},"instanceId":"Abdullah-pc","level":"error","message":"Full error","service":"notification-worker-service","timestamp":"I7O8601","version":"1.0.0"}
{"environment":"development","error":"getaddrinfo ENOTFOUND sqs.us-east-1.amazonaws.com","instanceId":"Abdullah-pc","level":"error","message":"Error receiving messages","service":"worker-service","timestamp":"I8O8601","version":"1.0.0"}
{"environment":"development","error":{"$metadata":{"attempts":3,"totalRetryDelay":102},"code":"ENOTFOUND","errno":-3008,"hostname":"sqs.us-east-1.amazonaws.com","syscall":"getaddrinfo"},"instanceId":"Abdullah-pc","level":"error","message":"Full error","service":"worker-service","timestamp":"I8O8601","version":"1.0.0"}
{"environment":"development","error":"getaddrinfo ENOTFOUND sqs.us-east-1.amazonaws.com","instanceId":"Abdullah-pc","level":"error","message":"Error receiving messages","service":"notification-worker-service","timestamp":"I8O8601","version":"1.0.0"}
{"environment":"development","error":{"$metadata":{"attempts":3,"totalRetryDelay":88},"code":"ENOTFOUND","errno":-3008,"hostname":"sqs.us-east-1.amazonaws.com","syscall":"getaddrinfo"},"instanceId":"Abdullah-pc","level":"error","message":"Full error","service":"notification-worker-service","timestamp":"I8O8601","version":"1.0.0"}
{"environment":"development","error":"getaddrinfo ENOTFOUND sqs.us-east-1.amazonaws.com","instanceId":"Abdullah-pc","level":"error","message":"Error receiving messages","service":"notification-worker-service","timestamp":"I0O8601","version":"1.0.0"}
{"environment":"development","error":{"$metadata":{"attempts":3,"totalRetryDelay":174},"code":"ENOTFOUND","errno":-3008,"hostname":"sqs.us-east-1.amazonaws.com","syscall":"getaddrinfo"},"instanceId":"Abdullah-pc","level":"error","message":"Full error","service":"notification-worker-service","timestamp":"I0O8601","version":"1.0.0"}
{"environment":"development","error":"getaddrinfo ENOTFOUND sqs.us-east-1.amazonaws.com","instanceId":"Abdullah-pc","level":"error","message":"Error receiving messages","service":"worker-service","timestamp":"I0O8601","version":"1.0.0"}
{"environment":"development","error":{"$metadata":{"attempts":3,"totalRetryDelay":211},"code":"ENOTFOUND","errno":-3008,"hostname":"sqs.us-east-1.amazonaws.com","syscall":"getaddrinfo"},"instanceId":"Abdullah-pc","level":"error","message":"Full error","service":"worker-service","timestamp":"I1O8601","version":"1.0.0"}
{"environment":"development","error":"getaddrinfo ENOTFOUND sqs.us-east-1.amazonaws.com","instanceId":"Abdullah-pc","level":"error","message":"Error receiving messages","service":"notification-worker-service","timestamp":"I2O8601","version":"1.0.0"}
{"environment":"development","error":{"$metadata":{"attempts":3,"totalRetryDelay":128},"code":"ENOTFOUND","errno":-3008,"hostname":"sqs.us-east-1.amazonaws.com","syscall":"getaddrinfo"},"instanceId":"Abdullah-pc","level":"error","message":"Full error","service":"notification-worker-service","timestamp":"I2O8601","version":"1.0.0"}
{"environment":"development","error":"getaddrinfo ENOTFOUND sqs.us-east-1.amazonaws.com","instanceId":"Abdullah-pc","level":"error","message":"Error receiving messages","service":"worker-service","timestamp":"I2O8601","version":"1.0.0"}
{"environment":"development","error":{"$metadata":{"attempts":3,"totalRetryDelay":148},"code":"ENOTFOUND","errno":-3008,"hostname":"sqs.us-east-1.amazonaws.com","syscall":"getaddrinfo"},"instanceId":"Abdullah-pc","level":"error","message":"Full error","service":"worker-service","timestamp":"I2O8601","version":"1.0.0"}
{"environment":"development","error":"getaddrinfo ENOTFOUND sqs.us-east-1.amazonaws.com","instanceId":"Abdullah-pc","level":"error","message":"Error receiving messages","service":"worker-service","timestamp":"I3O8601","version":"1.0.0"}
{"environment":"development","error":{"$metadata":{"attempts":3,"totalRetryDelay":63},"code":"ENOTFOUND","errno":-3008,"hostname":"sqs.us-east-1.amazonaws.com","syscall":"getaddrinfo"},"instanceId":"Abdullah-pc","level":"error","message":"Full error","service":"worker-service","timestamp":"I3O8601","version":"1.0.0"}
{"environment":"development","error":"getaddrinfo ENOTFOUND sqs.us-east-1.amazonaws.com","instanceId":"Abdullah-pc","level":"error","message":"Error receiving messages","service":"worker-service","timestamp":"I5O8601","version":"1.0.0"}
{"environment":"development","error":{"$metadata":{"attempts":3,"totalRetryDelay":118},"code":"ENOTFOUND","errno":-3008,"hostname":"sqs.us-east-1.amazonaws.com","syscall":"getaddrinfo"},"instanceId":"Abdullah-pc","level":"error","message":"Full error","service":"worker-service","timestamp":"I5O8601","version":"1.0.0"}
{"environment":"development","error":"getaddrinfo ENOTFOUND sqs.us-east-1.amazonaws.com","instanceId":"Abdullah-pc","level":"error","message":"Error receiving messages","service":"notification-worker-service","timestamp":"I5O8601","version":"1.0.0"}
{"environment":"development","error":{"$metadata":{"attempts":3,"totalRetryDelay":293},"code":"ENOTFOUND","errno":-3008,"hostname":"sqs.us-east-1.amazonaws.com","syscall":"getaddrinfo"},"instanceId":"Abdullah-pc","level":"error","message":"Full error","service":"notification-worker-service","timestamp":"I5O8601","version":"1.0.0"}
{"environment":"development","error":"getaddrinfo ENOTFOUND sqs.us-east-1.amazonaws.com","instanceId":"Abdullah-pc","level":"error","message":"Error receiving messages","service":"worker-service","timestamp":"I6O8601","version":"1.0.0"}
{"environment":"development","error":{"$metadata":{"attempts":3,"totalRetryDelay":98},"code":"ENOTFOUND","errno":-3008,"hostname":"sqs.us-east-1.amazonaws.com","syscall":"getaddrinfo"},"instanceId":"Abdullah-pc","level":"error","message":"Full error","service":"worker-service","timestamp":"I6O8601","version":"1.0.0"}
{"environment":"development","error":"getaddrinfo ENOTFOUND sqs.us-east-1.amazonaws.com","instanceId":"Abdullah-pc","level":"error","message":"Error receiving messages","service":"worker-service","timestamp":"I7O8601","version":"1.0.0"}
{"environment":"development","error":{"$metadata":{"attempts":3,"totalRetryDelay":18},"code":"ENOTFOUND","errno":-3008,"hostname":"sqs.us-east-1.amazonaws.com","syscall":"getaddrinfo"},"instanceId":"Abdullah-pc","level":"error","message":"Full error","service":"worker-service","timestamp":"I7O8601","version":"1.0.0"}
{"environment":"development","error":"getaddrinfo ENOTFOUND sqs.us-east-1.amazonaws.com","instanceId":"Abdullah-pc","level":"error","message":"Error receiving messages","service":"notification-worker-service","timestamp":"I7O8601","version":"1.0.0"}
{"environment":"development","error":{"$metadata":{"attempts":3,"totalRetryDelay":146},"code":"ENOTFOUND","errno":-3008,"hostname":"sqs.us-east-1.amazonaws.com","syscall":"getaddrinfo"},"instanceId":"Abdullah-pc","level":"error","message":"Full error","service":"notification-worker-service","timestamp":"I7O8601","version":"1.0.0"}
{"environment":"development","error":"getaddrinfo ENOTFOUND sqs.us-east-1.amazonaws.com","instanceId":"Abdullah-pc","level":"error","message":"Error receiving messages","service":"worker-service","timestamp":"I9O8601","version":"1.0.0"}
{"environment":"development","error":{"$metadata":{"attempts":3,"totalRetryDelay":195},"code":"ENOTFOUND","errno":-3008,"hostname":"sqs.us-east-1.amazonaws.com","syscall":"getaddrinfo"},"instanceId":"Abdullah-pc","level":"error","message":"Full error","service":"worker-service","timestamp":"I9O8601","version":"1.0.0"}
{"environment":"development","error":"getaddrinfo ENOTFOUND sqs.us-east-1.amazonaws.com","instanceId":"Abdullah-pc","level":"error","message":"Error receiving messages","service":"notification-worker-service","timestamp":"I9O8601","version":"1.0.0"}
{"environment":"development","error":{"$metadata":{"attempts":3,"totalRetryDelay":229},"code":"ENOTFOUND","errno":-3008,"hostname":"sqs.us-east-1.amazonaws.com","syscall":"getaddrinfo"},"instanceId":"Abdullah-pc","level":"error","message":"Full error","service":"notification-worker-service","timestamp":"I9O8601","version":"1.0.0"}
{"environment":"development","error":"getaddrinfo ENOTFOUND sqs.us-east-1.amazonaws.com","instanceId":"Abdullah-pc","level":"error","message":"Error receiving messages","service":"worker-service","timestamp":"I1O8601","version":"1.0.0"}
{"environment":"development","error":{"$metadata":{"attempts":3,"totalRetryDelay":192},"code":"ENOTFOUND","errno":-3008,"hostname":"sqs.us-east-1.amazonaws.com","syscall":"getaddrinfo"},"instanceId":"Abdullah-pc","level":"error","message":"Full error","service":"worker-service","timestamp":"I1O8601","version":"1.0.0"}
{"environment":"development","error":"getaddrinfo ENOTFOUND sqs.us-east-1.amazonaws.com","instanceId":"Abdullah-pc","level":"error","message":"Error receiving messages","service":"notification-worker-service","timestamp":"I1O8601","version":"1.0.0"}
{"environment":"development","error":{"$metadata":{"attempts":3,"totalRetryDelay":150},"code":"ENOTFOUND","errno":-3008,"hostname":"sqs.us-east-1.amazonaws.com","syscall":"getaddrinfo"},"instanceId":"Abdullah-pc","level":"error","message":"Full error","service":"notification-worker-service","timestamp":"I1O8601","version":"1.0.0"}
{"environment":"development","error":"getaddrinfo ENOTFOUND sqs.us-east-1.amazonaws.com","instanceId":"Abdullah-pc","level":"error","message":"Error receiving messages","service":"worker-service","timestamp":"I2O8601","version":"1.0.0"}
{"environment":"development","error":{"$metadata":{"attempts":3,"totalRetryDelay":67},"code":"ENOTFOUND","errno":-3008,"hostname":"sqs.us-east-1.amazonaws.com","syscall":"getaddrinfo"},"instanceId":"Abdullah-pc","level":"error","message":"Full error","service":"worker-service","timestamp":"I2O8601","version":"1.0.0"}
{"environment":"development","error":"getaddrinfo ENOTFOUND sqs.us-east-1.amazonaws.com","instanceId":"Abdullah-pc","level":"error","message":"Error receiving messages","service":"notification-worker-service","timestamp":"I3O8601","version":"1.0.0"}
{"environment":"development","error":{"$metadata":{"attempts":3,"totalRetryDelay":166},"code":"ENOTFOUND","errno":-3008,"hostname":"sqs.us-east-1.amazonaws.com","syscall":"getaddrinfo"},"instanceId":"Abdullah-pc","level":"error","message":"Full error","service":"notification-worker-service","timestamp":"I3O8601","version":"1.0.0"}
{"environment":"development","error":"getaddrinfo ENOTFOUND sqs.us-east-1.amazonaws.com","instanceId":"Abdullah-pc","level":"error","message":"Error receiving messages","service":"worker-service","timestamp":"I4O8601","version":"1.0.0"}
{"environment":"development","error":{"$metadata":{"attempts":3,"totalRetryDelay":140},"code":"ENOTFOUND","errno":-3008,"hostname":"sqs.us-east-1.amazonaws.com","syscall":"getaddrinfo"},"instanceId":"Abdullah-pc","level":"error","message":"Full error","service":"worker-service","timestamp":"I4O8601","version":"1.0.0"}
{"environment":"development","error":"getaddrinfo ENOTFOUND sqs.us-east-1.amazonaws.com","instanceId":"Abdullah-pc","level":"error","message":"Error receiving messages","service":"worker-service","timestamp":"I5O8601","version":"1.0.0"}
{"environment":"development","error":"getaddrinfo ENOTFOUND sqs.us-east-1.amazonaws.com","instanceId":"Abdullah-pc","level":"error","message":"Error receiving messages","service":"notification-worker-service","timestamp":"I5O8601","version":"1.0.0"}
{"environment":"development","error":{"$metadata":{"attempts":3,"totalRetryDelay":114},"code":"ENOTFOUND","errno":-3008,"hostname":"sqs.us-east-1.amazonaws.com","syscall":"getaddrinfo"},"instanceId":"Abdullah-pc","level":"error","message":"Full error","service":"worker-service","timestamp":"I5O8601","version":"1.0.0"}
{"environment":"development","error":{"$metadata":{"attempts":3,"totalRetryDelay":150},"code":"ENOTFOUND","errno":-3008,"hostname":"sqs.us-east-1.amazonaws.com","syscall":"getaddrinfo"},"instanceId":"Abdullah-pc","level":"error","message":"Full error","service":"notification-worker-service","timestamp":"I5O8601","version":"1.0.0"}
{"environment":"development","error":"getaddrinfo ENOTFOUND sqs.us-east-1.amazonaws.com","instanceId":"Abdullah-pc","level":"error","message":"Error receiving messages","service":"notification-worker-service","timestamp":"I7O8601","version":"1.0.0"}
{"environment":"development","error":{"$metadata":{"attempts":3,"totalRetryDelay":150},"code":"ENOTFOUND","errno":-3008,"hostname":"sqs.us-east-1.amazonaws.com","syscall":"getaddrinfo"},"instanceId":"Abdullah-pc","level":"error","message":"Full error","service":"notification-worker-service","timestamp":"I7O8601","version":"1.0.0"}
{"environment":"development","error":"getaddrinfo ENOTFOUND sqs.us-east-1.amazonaws.com","instanceId":"Abdullah-pc","level":"error","message":"Error receiving messages","service":"worker-service","timestamp":"I7O8601","version":"1.0.0"}
{"environment":"development","error":{"$metadata":{"attempts":3,"totalRetryDelay":208},"code":"ENOTFOUND","errno":-3008,"hostname":"sqs.us-east-1.amazonaws.com","syscall":"getaddrinfo"},"instanceId":"Abdullah-pc","level":"error","message":"Full error","service":"worker-service","timestamp":"I7O8601","version":"1.0.0"}
{"environment":"development","error":"getaddrinfo ENOTFOUND sqs.us-east-1.amazonaws.com","instanceId":"Abdullah-pc","level":"error","message":"Error receiving messages","service":"notification-worker-service","timestamp":"I8O8601","version":"1.0.0"}
{"environment":"development","error":{"$metadata":{"attempts":3,"totalRetryDelay":127},"code":"ENOTFOUND","errno":-3008,"hostname":"sqs.us-east-1.amazonaws.com","syscall":"getaddrinfo"},"instanceId":"Abdullah-pc","level":"error","message":"Full error","service":"notification-worker-service","timestamp":"I8O8601","version":"1.0.0"}
{"environment":"development","error":"getaddrinfo ENOTFOUND sqs.us-east-1.amazonaws.com","instanceId":"Abdullah-pc","level":"error","message":"Error receiving messages","service":"worker-service","timestamp":"I9O8601","version":"1.0.0"}
{"environment":"development","error":{"$metadata":{"attempts":3,"totalRetryDelay":147},"code":"ENOTFOUND","errno":-3008,"hostname":"sqs.us-east-1.amazonaws.com","syscall":"getaddrinfo"},"instanceId":"Abdullah-pc","level":"error","message":"Full error","service":"worker-service","timestamp":"I9O8601","version":"1.0.0"}
{"environment":"development","error":"getaddrinfo ENOTFOUND sqs.us-east-1.amazonaws.com","instanceId":"Abdullah-pc","level":"error","message":"Error receiving messages","service":"notification-worker-service","timestamp":"I10O8601","version":"1.0.0"}
{"environment":"development","error":{"$metadata":{"attempts":3,"totalRetryDelay":103},"code":"ENOTFOUND","errno":-3008,"hostname":"sqs.us-east-1.amazonaws.com","syscall":"getaddrinfo"},"instanceId":"Abdullah-pc","level":"error","message":"Full error","service":"notification-worker-service","timestamp":"I10O8601","version":"1.0.0"}
{"environment":"development","error":"getaddrinfo ENOTFOUND sqs.us-east-1.amazonaws.com","instanceId":"Abdullah-pc","level":"error","message":"Error receiving messages","service":"notification-worker-service","timestamp":"I1O8601","version":"1.0.0"}
{"environment":"development","error":{"$metadata":{"attempts":3,"totalRetryDelay":61},"code":"ENOTFOUND","errno":-3008,"hostname":"sqs.us-east-1.amazonaws.com","syscall":"getaddrinfo"},"instanceId":"Abdullah-pc","level":"error","message":"Full error","service":"notification-worker-service","timestamp":"I1O8601","version":"1.0.0"}
{"environment":"development","error":"getaddrinfo ENOTFOUND sqs.us-east-1.amazonaws.com","instanceId":"Abdullah-pc","level":"error","message":"Error receiving messages","service":"worker-service","timestamp":"I1O8601","version":"1.0.0"}
{"environment":"development","error":{"$metadata":{"attempts":3,"totalRetryDelay":214},"code":"ENOTFOUND","errno":-3008,"hostname":"sqs.us-east-1.amazonaws.com","syscall":"getaddrinfo"},"instanceId":"Abdullah-pc","level":"error","message":"Full error","service":"worker-service","timestamp":"I2O8601","version":"1.0.0"}
{"environment":"development","error":"getaddrinfo ENOTFOUND sqs.us-east-1.amazonaws.com","instanceId":"Abdullah-pc","level":"error","message":"Error receiving messages","service":"notification-worker-service","timestamp":"I2O8601","version":"1.0.0"}
{"environment":"development","error":{"$metadata":{"attempts":3,"totalRetryDelay":107},"code":"ENOTFOUND","errno":-3008,"hostname":"sqs.us-east-1.amazonaws.com","syscall":"getaddrinfo"},"instanceId":"Abdullah-pc","level":"error","message":"Full error","service":"notification-worker-service","timestamp":"I2O8601","version":"1.0.0"}
{"environment":"development","error":"getaddrinfo ENOTFOUND sqs.us-east-1.amazonaws.com","instanceId":"Abdullah-pc","level":"error","message":"Error receiving messages","service":"worker-service","timestamp":"I3O8601","version":"1.0.0"}
{"environment":"development","error":{"$metadata":{"attempts":3,"totalRetryDelay":67},"code":"ENOTFOUND","errno":-3008,"hostname":"sqs.us-east-1.amazonaws.com","syscall":"getaddrinfo"},"instanceId":"Abdullah-pc","level":"error","message":"Full error","service":"worker-service","timestamp":"I3O8601","version":"1.0.0"}
{"environment":"development","error":"getaddrinfo ENOTFOUND sqs.us-east-1.amazonaws.com","instanceId":"Abdullah-pc","level":"error","message":"Error receiving messages","service":"notification-worker-service","timestamp":"I3O8601","version":"1.0.0"}
{"environment":"development","error":{"$metadata":{"attempts":3,"totalRetryDelay":88},"code":"ENOTFOUND","errno":-3008,"hostname":"sqs.us-east-1.amazonaws.com","syscall":"getaddrinfo"},"instanceId":"Abdullah-pc","level":"error","message":"Full error","service":"notification-worker-service","timestamp":"I3O8601","version":"1.0.0"}
{"environment":"development","error":"getaddrinfo ENOTFOUND sqs.us-east-1.amazonaws.com","instanceId":"Abdullah-pc","level":"error","message":"Error receiving messages","service":"notification-worker-service","timestamp":"I5O8601","version":"1.0.0"}
{"environment":"development","error":{"$metadata":{"attempts":3,"totalRetryDelay":89},"code":"ENOTFOUND","errno":-3008,"hostname":"sqs.us-east-1.amazonaws.com","syscall":"getaddrinfo"},"instanceId":"Abdullah-pc","level":"error","message":"Full error","service":"notification-worker-service","timestamp":"I5O8601","version":"1.0.0"}
{"environment":"development","error":"getaddrinfo ENOTFOUND sqs.us-east-1.amazonaws.com","instanceId":"Abdullah-pc","level":"error","message":"Error receiving messages","service":"worker-service","timestamp":"I5O8601","version":"1.0.0"}
{"environment":"development","error":{"$metadata":{"attempts":3,"totalRetryDelay":174},"code":"ENOTFOUND","errno":-3008,"hostname":"sqs.us-east-1.amazonaws.com","syscall":"getaddrinfo"},"instanceId":"Abdullah-pc","level":"error","message":"Full error","service":"worker-service","timestamp":"I5O8601","version":"1.0.0"}
{"environment":"development","error":"getaddrinfo ENOTFOUND sqs.us-east-1.amazonaws.com","instanceId":"Abdullah-pc","level":"error","message":"Error receiving messages","service":"notification-worker-service","timestamp":"I6O8601","version":"1.0.0"}
{"environment":"development","error":{"$metadata":{"attempts":3,"totalRetryDelay":130},"code":"ENOTFOUND","errno":-3008,"hostname":"sqs.us-east-1.amazonaws.com","syscall":"getaddrinfo"},"instanceId":"Abdullah-pc","level":"error","message":"Full error","service":"notification-worker-service","timestamp":"I6O8601","version":"1.0.0"}
{"environment":"development","error":"getaddrinfo ENOTFOUND sqs.us-east-1.amazonaws.com","instanceId":"Abdullah-pc","level":"error","message":"Error receiving messages","service":"worker-service","timestamp":"I7O8601","version":"1.0.0"}
{"environment":"development","error":{"$metadata":{"attempts":3,"totalRetryDelay":153},"code":"ENOTFOUND","errno":-3008,"hostname":"sqs.us-east-1.amazonaws.com","syscall":"getaddrinfo"},"instanceId":"Abdullah-pc","level":"error","message":"Full error","service":"worker-service","timestamp":"I7O8601","version":"1.0.0"}
{"environment":"development","error":"getaddrinfo ENOTFOUND sqs.us-east-1.amazonaws.com","instanceId":"Abdullah-pc","level":"error","message":"Error receiving messages","service":"notification-worker-service","timestamp":"I8O8601","version":"1.0.0"}
{"environment":"development","error":{"$metadata":{"attempts":3,"totalRetryDelay":114},"code":"ENOTFOUND","errno":-3008,"hostname":"sqs.us-east-1.amazonaws.com","syscall":"getaddrinfo"},"instanceId":"Abdullah-pc","level":"error","message":"Full error","service":"notification-worker-service","timestamp":"I8O8601","version":"1.0.0"}
{"environment":"development","error":"getaddrinfo ENOTFOUND sqs.us-east-1.amazonaws.com","instanceId":"Abdullah-pc","level":"error","message":"Error receiving messages","service":"worker-service","timestamp":"I8O8601","version":"1.0.0"}
{"environment":"development","error":{"$metadata":{"attempts":3,"totalRetryDelay":88},"code":"ENOTFOUND","errno":-3008,"hostname":"sqs.us-east-1.amazonaws.com","syscall":"getaddrinfo"},"instanceId":"Abdullah-pc","level":"error","message":"Full error","service":"worker-service","timestamp":"I8O8601","version":"1.0.0"}
{"environment":"development","error":"getaddrinfo ENOTFOUND sqs.us-east-1.amazonaws.com","instanceId":"Abdullah-pc","level":"error","message":"Error receiving messages","service":"notification-worker-service","timestamp":"I9O8601","version":"1.0.0"}
{"environment":"development","error":{"$metadata":{"attempts":3,"totalRetryDelay":134},"code":"ENOTFOUND","errno":-3008,"hostname":"sqs.us-east-1.amazonaws.com","syscall":"getaddrinfo"},"instanceId":"Abdullah-pc","level":"error","message":"Full error","service":"notification-worker-service","timestamp":"I9O8601","version":"1.0.0"}
{"environment":"development","error":"getaddrinfo ENOTFOUND sqs.us-east-1.amazonaws.com","instanceId":"Abdullah-pc","level":"error","message":"Error receiving messages","service":"worker-service","timestamp":"I1O8601","version":"1.0.0"}
{"environment":"development","error":{"$metadata":{"attempts":3,"totalRetryDelay":199},"code":"ENOTFOUND","errno":-3008,"hostname":"sqs.us-east-1.amazonaws.com","syscall":"getaddrinfo"},"instanceId":"Abdullah-pc","level":"error","message":"Full error","service":"worker-service","timestamp":"I1O8601","version":"1.0.0"}
{"environment":"development","error":"getaddrinfo ENOTFOUND sqs.us-east-1.amazonaws.com","instanceId":"Abdullah-pc","level":"error","message":"Error receiving messages","service":"notification-worker-service","timestamp":"I1O8601","version":"1.0.0"}
{"environment":"development","error":{"$metadata":{"attempts":3,"totalRetryDelay":154},"code":"ENOTFOUND","errno":-3008,"hostname":"sqs.us-east-1.amazonaws.com","syscall":"getaddrinfo"},"instanceId":"Abdullah-pc","level":"error","message":"Full error","service":"notification-worker-service","timestamp":"I1O8601","version":"1.0.0"}
{"environment":"development","error":"getaddrinfo ENOTFOUND sqs.us-east-1.amazonaws.com","instanceId":"Abdullah-pc","level":"error","message":"Error receiving messages","service":"notification-worker-service","timestamp":"I2O8601","version":"1.0.0"}
{"environment":"development","error":{"$metadata":{"attempts":3,"totalRetryDelay":80},"code":"ENOTFOUND","errno":-3008,"hostname":"sqs.us-east-1.amazonaws.com","syscall":"getaddrinfo"},"instanceId":"Abdullah-pc","level":"error","message":"Full error","service":"notification-worker-service","timestamp":"I2O8601","version":"1.0.0"}
{"environment":"development","error":"getaddrinfo ENOTFOUND sqs.us-east-1.amazonaws.com","instanceId":"Abdullah-pc","level":"error","message":"Error receiving messages","service":"worker-service","timestamp":"I3O8601","version":"1.0.0"}
{"environment":"development","error":{"$metadata":{"attempts":3,"totalRetryDelay":257},"code":"ENOTFOUND","errno":-3008,"hostname":"sqs.us-east-1.amazonaws.com","syscall":"getaddrinfo"},"instanceId":"Abdullah-pc","level":"error","message":"Full error","service":"worker-service","timestamp":"I3O8601","version":"1.0.0"}
{"environment":"development","error":"getaddrinfo ENOTFOUND sqs.us-east-1.amazonaws.com","instanceId":"Abdullah-pc","level":"error","message":"Error receiving messages","service":"notification-worker-service","timestamp":"I4O8601","version":"1.0.0"}
{"environment":"development","error":{"$metadata":{"attempts":3,"totalRetryDelay":191},"code":"ENOTFOUND","errno":-3008,"hostname":"sqs.us-east-1.amazonaws.com","syscall":"getaddrinfo"},"instanceId":"Abdullah-pc","level":"error","message":"Full error","service":"notification-worker-service","timestamp":"I4O8601","version":"1.0.0"}
{"environment":"development","error":"getaddrinfo ENOTFOUND sqs.us-east-1.amazonaws.com","instanceId":"Abdullah-pc","level":"error","message":"Error receiving messages","service":"notification-worker-service","timestamp":"I6O8601","version":"1.0.0"}
{"environment":"development","error":{"$metadata":{"attempts":3,"totalRetryDelay":109},"code":"ENOTFOUND","errno":-3008,"hostname":"sqs.us-east-1.amazonaws.com","syscall":"getaddrinfo"},"instanceId":"Abdullah-pc","level":"error","message":"Full error","service":"notification-worker-service","timestamp":"I6O8601","version":"1.0.0"}
{"environment":"development","error":"getaddrinfo ENOTFOUND sqs.us-east-1.amazonaws.com","instanceId":"Abdullah-pc","level":"error","message":"Error receiving messages","service":"worker-service","timestamp":"I6O8601","version":"1.0.0"}
{"environment":"development","error":{"$metadata":{"attempts":3,"totalRetryDelay":249},"code":"ENOTFOUND","errno":-3008,"hostname":"sqs.us-east-1.amazonaws.com","syscall":"getaddrinfo"},"instanceId":"Abdullah-pc","level":"error","message":"Full error","service":"worker-service","timestamp":"I6O8601","version":"1.0.0"}
{"environment":"development","error":"getaddrinfo ENOTFOUND sqs.us-east-1.amazonaws.com","instanceId":"Abdullah-pc","level":"error","message":"Error receiving messages","service":"worker-service","timestamp":"I7O8601","version":"1.0.0"}
{"environment":"development","error":{"$metadata":{"attempts":3,"totalRetryDelay":60},"code":"ENOTFOUND","errno":-3008,"hostname":"sqs.us-east-1.amazonaws.com","syscall":"getaddrinfo"},"instanceId":"Abdullah-pc","level":"error","message":"Full error","service":"worker-service","timestamp":"I7O8601","version":"1.0.0"}
{"environment":"development","error":"getaddrinfo ENOTFOUND sqs.us-east-1.amazonaws.com","instanceId":"Abdullah-pc","level":"error","message":"Error receiving messages","service":"notification-worker-service","timestamp":"I9O8601","version":"1.0.0"}
{"environment":"development","error":{"$metadata":{"attempts":3,"totalRetryDelay":248},"code":"ENOTFOUND","errno":-3008,"hostname":"sqs.us-east-1.amazonaws.com","syscall":"getaddrinfo"},"instanceId":"Abdullah-pc","level":"error","message":"Full error","service":"notification-worker-service","timestamp":"I9O8601","version":"1.0.0"}
{"environment":"development","error":"getaddrinfo ENOTFOUND sqs.us-east-1.amazonaws.com","instanceId":"Abdullah-pc","level":"error","message":"Error receiving messages","service":"worker-service","timestamp":"I9O8601","version":"1.0.0"}
{"environment":"development","error":{"$metadata":{"attempts":3,"totalRetryDelay":179},"code":"ENOTFOUND","errno":-3008,"hostname":"sqs.us-east-1.amazonaws.com","syscall":"getaddrinfo"},"instanceId":"Abdullah-pc","level":"error","message":"Full error","service":"worker-service","timestamp":"I9O8601","version":"1.0.0"}
{"environment":"development","error":"getaddrinfo ENOTFOUND sqs.us-east-1.amazonaws.com","instanceId":"Abdullah-pc","level":"error","message":"Error receiving messages","service":"notification-worker-service","timestamp":"I0O8601","version":"1.0.0"}
{"environment":"development","error":{"$metadata":{"attempts":3,"totalRetryDelay":102},"code":"ENOTFOUND","errno":-3008,"hostname":"sqs.us-east-1.amazonaws.com","syscall":"getaddrinfo"},"instanceId":"Abdullah-pc","level":"error","message":"Full error","service":"notification-worker-service","timestamp":"I0O8601","version":"1.0.0"}
{"environment":"development","error":"getaddrinfo ENOTFOUND sqs.us-east-1.amazonaws.com","instanceId":"Abdullah-pc","level":"error","message":"Error receiving messages","service":"worker-service","timestamp":"I2O8601","version":"1.0.0"}
{"environment":"development","error":{"$metadata":{"attempts":3,"totalRetryDelay":217},"code":"ENOTFOUND","errno":-3008,"hostname":"sqs.us-east-1.amazonaws.com","syscall":"getaddrinfo"},"instanceId":"Abdullah-pc","level":"error","message":"Full error","service":"worker-service","timestamp":"I2O8601","version":"1.0.0"}
{"environment":"development","error":"getaddrinfo ENOTFOUND sqs.us-east-1.amazonaws.com","instanceId":"Abdullah-pc","level":"error","message":"Error receiving messages","service":"notification-worker-service","timestamp":"I2O8601","version":"1.0.0"}
{"environment":"development","error":{"$metadata":{"attempts":3,"totalRetryDelay":188},"code":"ENOTFOUND","errno":-3008,"hostname":"sqs.us-east-1.amazonaws.com","syscall":"getaddrinfo"},"instanceId":"Abdullah-pc","level":"error","message":"Full error","service":"notification-worker-service","timestamp":"I2O8601","version":"1.0.0"}
{"environment":"development","error":"getaddrinfo ENOTFOUND sqs.us-east-1.amazonaws.com","instanceId":"Abdullah-pc","level":"error","message":"Error receiving messages","service":"worker-service","timestamp":"I4O8601","version":"1.0.0"}
{"environment":"development","error":{"$metadata":{"attempts":3,"totalRetryDelay":197},"code":"ENOTFOUND","errno":-3008,"hostname":"sqs.us-east-1.amazonaws.com","syscall":"getaddrinfo"},"instanceId":"Abdullah-pc","level":"error","message":"Full error","service":"worker-service","timestamp":"I4O8601","version":"1.0.0"}
{"environment":"development","error":"getaddrinfo ENOTFOUND sqs.us-east-1.amazonaws.com","instanceId":"Abdullah-pc","level":"error","message":"Error receiving messages","service":"notification-worker-service","timestamp":"I5O8601","version":"1.0.0"}
{"environment":"development","error":{"$metadata":{"attempts":3,"totalRetryDelay":229},"code":"ENOTFOUND","errno":-3008,"hostname":"sqs.us-east-1.amazonaws.com","syscall":"getaddrinfo"},"instanceId":"Abdullah-pc","level":"error","message":"Full error","service":"notification-worker-service","timestamp":"I5O8601","version":"1.0.0"}
{"environment":"development","error":"getaddrinfo ENOTFOUND sqs.us-east-1.amazonaws.com","instanceId":"Abdullah-pc","level":"error","message":"Error receiving messages","service":"worker-service","timestamp":"I6O8601","version":"1.0.0"}
{"environment":"development","error":{"$metadata":{"attempts":3,"totalRetryDelay":114},"code":"ENOTFOUND","errno":-3008,"hostname":"sqs.us-east-1.amazonaws.com","syscall":"getaddrinfo"},"instanceId":"Abdullah-pc","level":"error","message":"Full error","service":"worker-service","timestamp":"I6O8601","version":"1.0.0"}
{"environment":"development","error":"getaddrinfo ENOTFOUND sqs.us-east-1.amazonaws.com","instanceId":"Abdullah-pc","level":"error","message":"Error receiving messages","service":"worker-service","timestamp":"I7O8601","version":"1.0.0"}
{"environment":"development","error":{"$metadata":{"attempts":3,"totalRetryDelay":69},"code":"ENOTFOUND","errno":-3008,"hostname":"sqs.us-east-1.amazonaws.com","syscall":"getaddrinfo"},"instanceId":"Abdullah-pc","level":"error","message":"Full error","service":"worker-service","timestamp":"I7O8601","version":"1.0.0"}
{"environment":"development","error":"getaddrinfo ENOTFOUND sqs.us-east-1.amazonaws.com","instanceId":"Abdullah-pc","level":"error","message":"Error receiving messages","service":"notification-worker-service","timestamp":"I7O8601","version":"1.0.0"}
{"environment":"development","error":{"$metadata":{"attempts":3,"totalRetryDelay":212},"code":"ENOTFOUND","errno":-3008,"hostname":"sqs.us-east-1.amazonaws.com","syscall":"getaddrinfo"},"instanceId":"Abdullah-pc","level":"error","message":"Full error","service":"notification-worker-service","timestamp":"I7O8601","version":"1.0.0"}
{"environment":"development","error":"getaddrinfo ENOTFOUND sqs.us-east-1.amazonaws.com","instanceId":"Abdullah-pc","level":"error","message":"Error receiving messages","service":"worker-service","timestamp":"I9O8601","version":"1.0.0"}
{"environment":"development","error":"getaddrinfo ENOTFOUND sqs.us-east-1.amazonaws.com","instanceId":"Abdullah-pc","level":"error","message":"Error receiving messages","service":"notification-worker-service","timestamp":"I9O8601","version":"1.0.0"}
{"environment":"development","error":{"$metadata":{"attempts":3,"totalRetryDelay":194},"code":"ENOTFOUND","errno":-3008,"hostname":"sqs.us-east-1.amazonaws.com","syscall":"getaddrinfo"},"instanceId":"Abdullah-pc","level":"error","message":"Full error","service":"worker-service","timestamp":"I9O8601","version":"1.0.0"}
{"environment":"development","error":{"$metadata":{"attempts":3,"totalRetryDelay":154},"code":"ENOTFOUND","errno":-3008,"hostname":"sqs.us-east-1.amazonaws.com","syscall":"getaddrinfo"},"instanceId":"Abdullah-pc","level":"error","message":"Full error","service":"notification-worker-service","timestamp":"I9O8601","version":"1.0.0"}
{"environment":"development","error":"getaddrinfo ENOTFOUND sqs.us-east-1.amazonaws.com","instanceId":"Abdullah-pc","level":"error","message":"Error receiving messages","service":"notification-worker-service","timestamp":"I1O8601","version":"1.0.0"}
{"environment":"development","error":{"$metadata":{"attempts":3,"totalRetryDelay":143},"code":"ENOTFOUND","errno":-3008,"hostname":"sqs.us-east-1.amazonaws.com","syscall":"getaddrinfo"},"instanceId":"Abdullah-pc","level":"error","message":"Full error","service":"notification-worker-service","timestamp":"I1O8601","version":"1.0.0"}
{"environment":"development","error":"getaddrinfo ENOTFOUND sqs.us-east-1.amazonaws.com","instanceId":"Abdullah-pc","level":"error","message":"Error receiving messages","service":"worker-service","timestamp":"I1O8601","version":"1.0.0"}
{"environment":"development","error":{"$metadata":{"attempts":3,"totalRetryDelay":163},"code":"ENOTFOUND","errno":-3008,"hostname":"sqs.us-east-1.amazonaws.com","syscall":"getaddrinfo"},"instanceId":"Abdullah-pc","level":"error","message":"Full error","service":"worker-service","timestamp":"I1O8601","version":"1.0.0"}
{"environment":"development","error":"getaddrinfo ENOTFOUND sqs.us-east-1.amazonaws.com","instanceId":"Abdullah-pc","level":"error","message":"Error receiving messages","service":"notification-worker-service","timestamp":"I2O8601","version":"1.0.0"}
{"environment":"development","error":{"$metadata":{"attempts":3,"totalRetryDelay":98},"code":"ENOTFOUND","errno":-3008,"hostname":"sqs.us-east-1.amazonaws.com","syscall":"getaddrinfo"},"instanceId":"Abdullah-pc","level":"error","message":"Full error","service":"notification-worker-service","timestamp":"I2O8601","version":"1.0.0"}
{"environment":"development","error":"getaddrinfo ENOTFOUND sqs.us-east-1.amazonaws.com","instanceId":"Abdullah-pc","level":"error","message":"Error receiving messages","service":"worker-service","timestamp":"I3O8601","version":"1.0.0"}
{"environment":"development","error":{"$metadata":{"attempts":3,"totalRetryDelay":136},"code":"ENOTFOUND","errno":-3008,"hostname":"sqs.us-east-1.amazonaws.com","syscall":"getaddrinfo"},"instanceId":"Abdullah-pc","level":"error","message":"Full error","service":"worker-service","timestamp":"I3O8601","version":"1.0.0"}
{"environment":"development","error":"getaddrinfo ENOTFOUND sqs.us-east-1.amazonaws.com","instanceId":"Abdullah-pc","level":"error","message":"Error receiving messages","service":"worker-service","timestamp":"I3O8601","version":"1.0.0"}
{"environment":"development","error":{"$metadata":{"attempts":3,"totalRetryDelay":18},"code":"ENOTFOUND","errno":-3008,"hostname":"sqs.us-east-1.amazonaws.com","syscall":"getaddrinfo"},"instanceId":"Abdullah-pc","level":"error","message":"Full error","service":"worker-service","timestamp":"I3O8601","version":"1.0.0"}
{"environment":"development","error":"getaddrinfo ENOTFOUND sqs.us-east-1.amazonaws.com","instanceId":"Abdullah-pc","level":"error","message":"Error receiving messages","service":"notification-worker-service","timestamp":"I4O8601","version":"1.0.0"}
{"environment":"development","error":{"$metadata":{"attempts":3,"totalRetryDelay":195},"code":"ENOTFOUND","errno":-3008,"hostname":"sqs.us-east-1.amazonaws.com","syscall":"getaddrinfo"},"instanceId":"Abdullah-pc","level":"error","message":"Full error","service":"notification-worker-service","timestamp":"I4O8601","version":"1.0.0"}
{"environment":"development","error":"getaddrinfo ENOTFOUND sqs.us-east-1.amazonaws.com","instanceId":"Abdullah-pc","level":"error","message":"Error receiving messages","service":"worker-service","timestamp":"I6O8601","version":"1.0.0"}
{"environment":"development","error":{"$metadata":{"attempts":3,"totalRetryDelay":266},"code":"ENOTFOUND","errno":-3008,"hostname":"sqs.us-east-1.amazonaws.com","syscall":"getaddrinfo"},"instanceId":"Abdullah-pc","level":"error","message":"Full error","service":"worker-service","timestamp":"I6O8601","version":"1.0.0"}
{"environment":"development","error":"getaddrinfo ENOTFOUND sqs.us-east-1.amazonaws.com","instanceId":"Abdullah-pc","level":"error","message":"Error receiving messages","service":"notification-worker-service","timestamp":"I7O8601","version":"1.0.0"}
{"environment":"development","error":{"$metadata":{"attempts":3,"totalRetryDelay":208},"code":"ENOTFOUND","errno":-3008,"hostname":"sqs.us-east-1.amazonaws.com","syscall":"getaddrinfo"},"instanceId":"Abdullah-pc","level":"error","message":"Full error","service":"notification-worker-service","timestamp":"I7O8601","version":"1.0.0"}
{"environment":"development","error":"getaddrinfo ENOTFOUND sqs.us-east-1.amazonaws.com","instanceId":"Abdullah-pc","level":"error","message":"Error receiving messages","service":"notification-worker-service","timestamp":"I8O8601","version":"1.0.0"}
{"environment":"development","error":{"$metadata":{"attempts":3,"totalRetryDelay":111},"code":"ENOTFOUND","errno":-3008,"hostname":"sqs.us-east-1.amazonaws.com","syscall":"getaddrinfo"},"instanceId":"Abdullah-pc","level":"error","message":"Full error","service":"notification-worker-service","timestamp":"I8O8601","version":"1.0.0"}
{"environment":"development","error":"getaddrinfo ENOTFOUND sqs.us-east-1.amazonaws.com","instanceId":"Abdullah-pc","level":"error","message":"Error receiving messages","service":"worker-service","timestamp":"I8O8601","version":"1.0.0"}
{"environment":"development","error":{"$metadata":{"attempts":3,"totalRetryDelay":178},"code":"ENOTFOUND","errno":-3008,"hostname":"sqs.us-east-1.amazonaws.com","syscall":"getaddrinfo"},"instanceId":"Abdullah-pc","level":"error","message":"Full error","service":"worker-service","timestamp":"I8O8601","version":"1.0.0"}
{"environment":"development","error":"getaddrinfo ENOTFOUND sqs.us-east-1.amazonaws.com","instanceId":"Abdullah-pc","level":"error","message":"Error receiving messages","service":"worker-service","timestamp":"I0O8601","version":"1.0.0"}
{"environment":"development","error":{"$metadata":{"attempts":3,"totalRetryDelay":151},"code":"ENOTFOUND","errno":-3008,"hostname":"sqs.us-east-1.amazonaws.com","syscall":"getaddrinfo"},"instanceId":"Abdullah-pc","level":"error","message":"Full error","service":"worker-service","timestamp":"I0O8601","version":"1.0.0"}
{"environment":"development","error":"getaddrinfo ENOTFOUND sqs.us-east-1.amazonaws.com","instanceId":"Abdullah-pc","level":"error","message":"Error receiving messages","service":"notification-worker-service","timestamp":"I1O8601","version":"1.0.0"}
{"environment":"development","error":{"$metadata":{"attempts":3,"totalRetryDelay":211},"code":"ENOTFOUND","errno":-3008,"hostname":"sqs.us-east-1.amazonaws.com","syscall":"getaddrinfo"},"instanceId":"Abdullah-pc","level":"error","message":"Full error","service":"notification-worker-service","timestamp":"I1O8601","version":"1.0.0"}
{"environment":"development","error":"getaddrinfo ENOTFOUND sqs.us-east-1.amazonaws.com","instanceId":"Abdullah-pc","level":"error","message":"Error receiving messages","service":"worker-service","timestamp":"I2O8601","version":"1.0.0"}
{"environment":"development","error":{"$metadata":{"attempts":3,"totalRetryDelay":145},"code":"ENOTFOUND","errno":-3008,"hostname":"sqs.us-east-1.amazonaws.com","syscall":"getaddrinfo"},"instanceId":"Abdullah-pc","level":"error","message":"Full error","service":"worker-service","timestamp":"I2O8601","version":"1.0.0"}
{"environment":"development","error":"getaddrinfo ENOTFOUND sqs.us-east-1.amazonaws.com","instanceId":"Abdullah-pc","level":"error","message":"Error receiving messages","service":"notification-worker-service","timestamp":"I3O8601","version":"1.0.0"}
{"environment":"development","error":{"$metadata":{"attempts":3,"totalRetryDelay":187},"code":"ENOTFOUND","errno":-3008,"hostname":"sqs.us-east-1.amazonaws.com","syscall":"getaddrinfo"},"instanceId":"Abdullah-pc","level":"error","message":"Full error","service":"notification-worker-service","timestamp":"I3O8601","version":"1.0.0"}
{"environment":"development","error":"getaddrinfo ENOTFOUND sqs.us-east-1.amazonaws.com","instanceId":"Abdullah-pc","level":"error","message":"Error receiving messages","service":"worker-service","timestamp":"I3O8601","version":"1.0.0"}
{"environment":"development","error":{"$metadata":{"attempts":3,"totalRetryDelay":116},"code":"ENOTFOUND","errno":-3008,"hostname":"sqs.us-east-1.amazonaws.com","syscall":"getaddrinfo"},"instanceId":"Abdullah-pc","level":"error","message":"Full error","service":"worker-service","timestamp":"I3O8601","version":"1.0.0"}
{"environment":"development","error":"getaddrinfo ENOTFOUND sqs.us-east-1.amazonaws.com","instanceId":"Abdullah-pc","level":"error","message":"Error receiving messages","service":"worker-service","timestamp":"I4O8601","version":"1.0.0"}
{"environment":"development","error":{"$metadata":{"attempts":3,"totalRetryDelay":69},"code":"ENOTFOUND","errno":-3008,"hostname":"sqs.us-east-1.amazonaws.com","syscall":"getaddrinfo"},"instanceId":"Abdullah-pc","level":"error","message":"Full error","service":"worker-service","timestamp":"I4O8601","version":"1.0.0"}
{"environment":"development","error":"getaddrinfo ENOTFOUND sqs.us-east-1.amazonaws.com","instanceId":"Abdullah-pc","level":"error","message":"Error receiving messages","service":"notification-worker-service","timestamp":"I5O8601","version":"1.0.0"}
{"environment":"development","error":{"$metadata":{"attempts":3,"totalRetryDelay":169},"code":"ENOTFOUND","errno":-3008,"hostname":"sqs.us-east-1.amazonaws.com","syscall":"getaddrinfo"},"instanceId":"Abdullah-pc","level":"error","message":"Full error","service":"notification-worker-service","timestamp":"I5O8601","version":"1.0.0"}
{"environment":"development","error":"getaddrinfo ENOTFOUND sqs.us-east-1.amazonaws.com","instanceId":"Abdullah-pc","level":"error","message":"Error receiving messages","service":"worker-service","timestamp":"I7O8601","version":"1.0.0"}
{"environment":"development","error":{"$metadata":{"attempts":3,"totalRetryDelay":182},"code":"ENOTFOUND","errno":-3008,"hostname":"sqs.us-east-1.amazonaws.com","syscall":"getaddrinfo"},"instanceId":"Abdullah-pc","level":"error","message":"Full error","service":"worker-service","timestamp":"I7O8601","version":"1.0.0"}
{"environment":"development","error":"getaddrinfo ENOTFOUND sqs.us-east-1.amazonaws.com","instanceId":"Abdullah-pc","level":"error","message":"Error receiving messages","service":"notification-worker-service","timestamp":"I8O8601","version":"1.0.0"}
{"environment":"development","error":{"$metadata":{"attempts":3,"totalRetryDelay":235},"code":"ENOTFOUND","errno":-3008,"hostname":"sqs.us-east-1.amazonaws.com","syscall":"getaddrinfo"},"instanceId":"Abdullah-pc","level":"error","message":"Full error","service":"notification-worker-service","timestamp":"I8O8601","version":"1.0.0"}
{"environment":"development","error":"getaddrinfo ENOTFOUND sqs.us-east-1.amazonaws.com","instanceId":"Abdullah-pc","level":"error","message":"Error receiving messages","service":"worker-service","timestamp":"I8O8601","version":"1.0.0"}
{"environment":"development","error":{"$metadata":{"attempts":3,"totalRetryDelay":98},"code":"ENOTFOUND","errno":-3008,"hostname":"sqs.us-east-1.amazonaws.com","syscall":"getaddrinfo"},"instanceId":"Abdullah-pc","level":"error","message":"Full error","service":"worker-service","timestamp":"I8O8601","version":"1.0.0"}
{"environment":"development","error":"getaddrinfo ENOTFOUND sqs.us-east-1.amazonaws.com","instanceId":"Abdullah-pc","level":"error","message":"Error receiving messages","service":"notification-worker-service","timestamp":"I8O8601","version":"1.0.0"}
{"environment":"development","error":{"$metadata":{"attempts":3,"totalRetryDelay":45},"code":"ENOTFOUND","errno":-3008,"hostname":"sqs.us-east-1.amazonaws.com","syscall":"getaddrinfo"},"instanceId":"Abdullah-pc","level":"error","message":"Full error","service":"notification-worker-service","timestamp":"I8O8601","version":"1.0.0"}
{"environment":"development","error":"getaddrinfo ENOTFOUND sqs.us-east-1.amazonaws.com","instanceId":"Abdullah-pc","level":"error","message":"Error receiving messages","service":"notification-worker-service","timestamp":"I10O8601","version":"1.0.0"}
{"environment":"development","error":{"$metadata":{"attempts":3,"totalRetryDelay":98},"code":"ENOTFOUND","errno":-3008,"hostname":"sqs.us-east-1.amazonaws.com","syscall":"getaddrinfo"},"instanceId":"Abdullah-pc","level":"error","message":"Full error","service":"notification-worker-service","timestamp":"I10O8601","version":"1.0.0"}
{"environment":"development","error":"getaddrinfo ENOTFOUND sqs.us-east-1.amazonaws.com","instanceId":"Abdullah-pc","level":"error","message":"Error receiving messages","service":"worker-service","timestamp":"I0O8601","version":"1.0.0"}
{"environment":"development","error":{"$metadata":{"attempts":3,"totalRetryDelay":219},"code":"ENOTFOUND","errno":-3008,"hostname":"sqs.us-east-1.amazonaws.com","syscall":"getaddrinfo"},"instanceId":"Abdullah-pc","level":"error","message":"Full error","service":"worker-service","timestamp":"I0O8601","version":"1.0.0"}
{"environment":"development","error":"getaddrinfo ENOTFOUND sqs.us-east-1.amazonaws.com","instanceId":"Abdullah-pc","level":"error","message":"Error receiving messages","service":"worker-service","timestamp":"I1O8601","version":"1.0.0"}
{"environment":"development","error":{"$metadata":{"attempts":3,"totalRetryDelay":50},"code":"ENOTFOUND","errno":-3008,"hostname":"sqs.us-east-1.amazonaws.com","syscall":"getaddrinfo"},"instanceId":"Abdullah-pc","level":"error","message":"Full error","service":"worker-service","timestamp":"I1O8601","version":"1.0.0"}
{"environment":"development","error":"getaddrinfo ENOTFOUND sqs.us-east-1.amazonaws.com","instanceId":"Abdullah-pc","level":"error","message":"Error receiving messages","service":"notification-worker-service","timestamp":"I2O8601","version":"1.0.0"}
{"environment":"development","error":{"$metadata":{"attempts":3,"totalRetryDelay":213},"code":"ENOTFOUND","errno":-3008,"hostname":"sqs.us-east-1.amazonaws.com","syscall":"getaddrinfo"},"instanceId":"Abdullah-pc","level":"error","message":"Full error","service":"notification-worker-service","timestamp":"I2O8601","version":"1.0.0"}
{"environment":"development","error":"getaddrinfo ENOTFOUND sqs.us-east-1.amazonaws.com","instanceId":"Abdullah-pc","level":"error","message":"Error receiving messages","service":"notification-worker-service","timestamp":"I4O8601","version":"1.0.0"}
{"environment":"development","error":{"$metadata":{"attempts":3,"totalRetryDelay":151},"code":"ENOTFOUND","errno":-3008,"hostname":"sqs.us-east-1.amazonaws.com","syscall":"getaddrinfo"},"instanceId":"Abdullah-pc","level":"error","message":"Full error","service":"notification-worker-service","timestamp":"I4O8601","version":"1.0.0"}
{"environment":"development","error":"getaddrinfo ENOTFOUND sqs.us-east-1.amazonaws.com","instanceId":"Abdullah-pc","level":"error","message":"Error receiving messages","service":"worker-service","timestamp":"I4O8601","version":"1.0.0"}
{"environment":"development","error":{"$metadata":{"attempts":3,"totalRetryDelay":233},"code":"ENOTFOUND","errno":-3008,"hostname":"sqs.us-east-1.amazonaws.com","syscall":"getaddrinfo"},"instanceId":"Abdullah-pc","level":"error","message":"Full error","service":"worker-service","timestamp":"I4O8601","version":"1.0.0"}
{"environment":"development","error":"getaddrinfo ENOTFOUND sqs.us-east-1.amazonaws.com","instanceId":"Abdullah-pc","level":"error","message":"Error receiving messages","service":"worker-service","timestamp":"I5O8601","version":"1.0.0"}
{"environment":"development","error":"getaddrinfo ENOTFOUND sqs.us-east-1.amazonaws.com","instanceId":"Abdullah-pc","level":"error","message":"Error receiving messages","service":"notification-worker-service","timestamp":"I5O8601","version":"1.0.0"}
{"environment":"development","error":{"$metadata":{"attempts":3,"totalRetryDelay":89},"code":"ENOTFOUND","errno":-3008,"hostname":"sqs.us-east-1.amazonaws.com","syscall":"getaddrinfo"},"instanceId":"Abdullah-pc","level":"error","message":"Full error","service":"worker-service","timestamp":"I5O8601","version":"1.0.0"}
{"environment":"development","error":{"$metadata":{"attempts":3,"totalRetryDelay":124},"code":"ENOTFOUND","errno":-3008,"hostname":"sqs.us-east-1.amazonaws.com","syscall":"getaddrinfo"},"instanceId":"Abdullah-pc","level":"error","message":"Full error","service":"notification-worker-service","timestamp":"I6O8601","version":"1.0.0"}
{"environment":"development","error":"getaddrinfo ENOTFOUND sqs.us-east-1.amazonaws.com","instanceId":"Abdullah-pc","level":"error","message":"Error receiving messages","service":"worker-service","timestamp":"I7O8601","version":"1.0.0"}
{"environment":"development","error":{"$metadata":{"attempts":3,"totalRetryDelay":142},"code":"ENOTFOUND","errno":-3008,"hostname":"sqs.us-east-1.amazonaws.com","syscall":"getaddrinfo"},"instanceId":"Abdullah-pc","level":"error","message":"Full error","service":"worker-service","timestamp":"I7O8601","version":"1.0.0"}
{"environment":"development","error":"getaddrinfo ENOTFOUND sqs.us-east-1.amazonaws.com","instanceId":"Abdullah-pc","level":"error","message":"Error receiving messages","service":"notification-worker-service","timestamp":"I8O8601","version":"1.0.0"}
{"environment":"development","error":{"$metadata":{"attempts":3,"totalRetryDelay":179},"code":"ENOTFOUND","errno":-3008,"hostname":"sqs.us-east-1.amazonaws.com","syscall":"getaddrinfo"},"instanceId":"Abdullah-pc","level":"error","message":"Full error","service":"notification-worker-service","timestamp":"I8O8601","version":"1.0.0"}
{"environment":"development","error":"getaddrinfo ENOTFOUND sqs.us-east-1.amazonaws.com","instanceId":"Abdullah-pc","level":"error","message":"Error receiving messages","service":"notification-worker-service","timestamp":"I9O8601","version":"1.0.0"}
{"environment":"development","error":{"$metadata":{"attempts":3,"totalRetryDelay":156},"code":"ENOTFOUND","errno":-3008,"hostname":"sqs.us-east-1.amazonaws.com","syscall":"getaddrinfo"},"instanceId":"Abdullah-pc","level":"error","message":"Full error","service":"notification-worker-service","timestamp":"I9O8601","version":"1.0.0"}
{"environment":"development","error":"getaddrinfo ENOTFOUND sqs.us-east-1.amazonaws.com","instanceId":"Abdullah-pc","level":"error","message":"Error receiving messages","service":"worker-service","timestamp":"I10O8601","version":"1.0.0"}
{"environment":"development","error":{"$metadata":{"attempts":3,"totalRetryDelay":218},"code":"ENOTFOUND","errno":-3008,"hostname":"sqs.us-east-1.amazonaws.com","syscall":"getaddrinfo"},"instanceId":"Abdullah-pc","level":"error","message":"Full error","service":"worker-service","timestamp":"I10O8601","version":"1.0.0"}
{"environment":"development","error":"getaddrinfo ENOTFOUND sqs.us-east-1.amazonaws.com","instanceId":"Abdullah-pc","level":"error","message":"Error receiving messages","service":"notification-worker-service","timestamp":"I2O8601","version":"1.0.0"}
{"environment":"development","error":{"$metadata":{"attempts":3,"totalRetryDelay":212},"code":"ENOTFOUND","errno":-3008,"hostname":"sqs.us-east-1.amazonaws.com","syscall":"getaddrinfo"},"instanceId":"Abdullah-pc","level":"error","message":"Full error","service":"notification-worker-service","timestamp":"I2O8601","version":"1.0.0"}
{"environment":"development","error":"getaddrinfo ENOTFOUND sqs.us-east-1.amazonaws.com","instanceId":"Abdullah-pc","level":"error","message":"Error receiving messages","service":"worker-service","timestamp":"I3O8601","version":"1.0.0"}
{"environment":"development","error":{"$metadata":{"attempts":3,"totalRetryDelay":262},"code":"ENOTFOUND","errno":-3008,"hostname":"sqs.us-east-1.amazonaws.com","syscall":"getaddrinfo"},"instanceId":"Abdullah-pc","level":"error","message":"Full error","service":"worker-service","timestamp":"I3O8601","version":"1.0.0"}
{"environment":"development","error":"getaddrinfo ENOTFOUND sqs.us-east-1.amazonaws.com","instanceId":"Abdullah-pc","level":"error","message":"Error receiving messages","service":"notification-worker-service","timestamp":"I3O8601","version":"1.0.0"}
{"environment":"development","error":{"$metadata":{"attempts":3,"totalRetryDelay":109},"code":"ENOTFOUND","errno":-3008,"hostname":"sqs.us-east-1.amazonaws.com","syscall":"getaddrinfo"},"instanceId":"Abdullah-pc","level":"error","message":"Full error","service":"notification-worker-service","timestamp":"I3O8601","version":"1.0.0"}
{"environment":"development","error":"getaddrinfo ENOTFOUND sqs.us-east-1.amazonaws.com","instanceId":"Abdullah-pc","level":"error","message":"Error receiving messages","service":"worker-service","timestamp":"I4O8601","version":"1.0.0"}
{"environment":"development","error":{"$metadata":{"attempts":3,"totalRetryDelay":86},"code":"ENOTFOUND","errno":-3008,"hostname":"sqs.us-east-1.amazonaws.com","syscall":"getaddrinfo"},"instanceId":"Abdullah-pc","level":"error","message":"Full error","service":"worker-service","timestamp":"I4O8601","version":"1.0.0"}
{"environment":"development","error":"getaddrinfo ENOTFOUND sqs.us-east-1.amazonaws.com","instanceId":"Abdullah-pc","level":"error","message":"Error receiving messages","service":"notification-worker-service","timestamp":"I6O8601","version":"1.0.0"}
{"environment":"development","error":{"$metadata":{"attempts":3,"totalRetryDelay":253},"code":"ENOTFOUND","errno":-3008,"hostname":"sqs.us-east-1.amazonaws.com","syscall":"getaddrinfo"},"instanceId":"Abdullah-pc","level":"error","message":"Full error","service":"notification-worker-service","timestamp":"I6O8601","version":"1.0.0"}
{"environment":"development","error":"getaddrinfo ENOTFOUND sqs.us-east-1.amazonaws.com","instanceId":"Abdullah-pc","level":"error","message":"Error receiving messages","service":"worker-service","timestamp":"I6O8601","version":"1.0.0"}
{"environment":"development","error":{"$metadata":{"attempts":3,"totalRetryDelay":203},"code":"ENOTFOUND","errno":-3008,"hostname":"sqs.us-east-1.amazonaws.com","syscall":"getaddrinfo"},"instanceId":"Abdullah-pc","level":"error","message":"Full error","service":"worker-service","timestamp":"I6O8601","version":"1.0.0"}
{"environment":"development","error":"getaddrinfo ENOTFOUND sqs.us-east-1.amazonaws.com","instanceId":"Abdullah-pc","level":"error","message":"Error receiving messages","service":"notification-worker-service","timestamp":"I7O8601","version":"1.0.0"}
{"environment":"development","error":{"$metadata":{"attempts":3,"totalRetryDelay":84},"code":"ENOTFOUND","errno":-3008,"hostname":"sqs.us-east-1.amazonaws.com","syscall":"getaddrinfo"},"instanceId":"Abdullah-pc","level":"error","message":"Full error","service":"notification-worker-service","timestamp":"I7O8601","version":"1.0.0"}
{"environment":"development","error":"getaddrinfo ENOTFOUND sqs.us-east-1.amazonaws.com","instanceId":"Abdullah-pc","level":"error","message":"Error receiving messages","service":"worker-service","timestamp":"I8O8601","version":"1.0.0"}
{"environment":"development","error":{"$metadata":{"attempts":3,"totalRetryDelay":122},"code":"ENOTFOUND","errno":-3008,"hostname":"sqs.us-east-1.amazonaws.com","syscall":"getaddrinfo"},"instanceId":"Abdullah-pc","level":"error","message":"Full error","service":"worker-service","timestamp":"I8O8601","version":"1.0.0"}
{"environment":"development","error":"getaddrinfo ENOTFOUND sqs.us-east-1.amazonaws.com","instanceId":"Abdullah-pc","level":"error","message":"Error receiving messages","service":"notification-worker-service","timestamp":"I9O8601","version":"1.0.0"}
{"environment":"development","error":{"$metadata":{"attempts":3,"totalRetryDelay":91},"code":"ENOTFOUND","errno":-3008,"hostname":"sqs.us-east-1.amazonaws.com","syscall":"getaddrinfo"},"instanceId":"Abdullah-pc","level":"error","message":"Full error","service":"notification-worker-service","timestamp":"I9O8601","version":"1.0.0"}
{"environment":"development","error":"getaddrinfo ENOTFOUND sqs.us-east-1.amazonaws.com","instanceId":"Abdullah-pc","level":"error","message":"Error receiving messages","service":"worker-service","timestamp":"I9O8601","version":"1.0.0"}
{"environment":"development","error":{"$metadata":{"attempts":3,"totalRetryDelay":91},"code":"ENOTFOUND","errno":-3008,"hostname":"sqs.us-east-1.amazonaws.com","syscall":"getaddrinfo"},"instanceId":"Abdullah-pc","level":"error","message":"Full error","service":"worker-service","timestamp":"I9O8601","version":"1.0.0"}
{"environment":"development","error":"getaddrinfo ENOTFOUND sqs.us-east-1.amazonaws.com","instanceId":"Abdullah-pc","level":"error","message":"Error receiving messages","service":"notification-worker-service","timestamp":"I1O8601","version":"1.0.0"}
{"environment":"development","error":{"$metadata":{"attempts":3,"totalRetryDelay":189},"code":"ENOTFOUND","errno":-3008,"hostname":"sqs.us-east-1.amazonaws.com","syscall":"getaddrinfo"},"instanceId":"Abdullah-pc","level":"error","message":"Full error","service":"notification-worker-service","timestamp":"I1O8601","version":"1.0.0"}
{"environment":"development","error":"getaddrinfo ENOTFOUND sqs.us-east-1.amazonaws.com","instanceId":"Abdullah-pc","level":"error","message":"Error receiving messages","service":"worker-service","timestamp":"I1O8601","version":"1.0.0"}
{"environment":"development","error":{"$metadata":{"attempts":3,"totalRetryDelay":186},"code":"ENOTFOUND","errno":-3008,"hostname":"sqs.us-east-1.amazonaws.com","syscall":"getaddrinfo"},"instanceId":"Abdullah-pc","level":"error","message":"Full error","service":"worker-service","timestamp":"I1O8601","version":"1.0.0"}
{"environment":"development","error":"getaddrinfo ENOTFOUND sqs.us-east-1.amazonaws.com","instanceId":"Abdullah-pc","level":"error","message":"Error receiving messages","service":"notification-worker-service","timestamp":"I3O8601","version":"1.0.0"}
{"environment":"development","error":{"$metadata":{"attempts":3,"totalRetryDelay":197},"code":"ENOTFOUND","errno":-3008,"hostname":"sqs.us-east-1.amazonaws.com","syscall":"getaddrinfo"},"instanceId":"Abdullah-pc","level":"error","message":"Full error","service":"notification-worker-service","timestamp":"I3O8601","version":"1.0.0"}
{"environment":"development","error":"getaddrinfo ENOTFOUND sqs.us-east-1.amazonaws.com","instanceId":"Abdullah-pc","level":"error","message":"Error receiving messages","service":"worker-service","timestamp":"I4O8601","version":"1.0.0"}
{"environment":"development","error":{"$metadata":{"attempts":3,"totalRetryDelay":210},"code":"ENOTFOUND","errno":-3008,"hostname":"sqs.us-east-1.amazonaws.com","syscall":"getaddrinfo"},"instanceId":"Abdullah-pc","level":"error","message":"Full error","service":"worker-service","timestamp":"I4O8601","version":"1.0.0"}
{"environment":"development","error":"getaddrinfo ENOTFOUND sqs.us-east-1.amazonaws.com","instanceId":"Abdullah-pc","level":"error","message":"Error receiving messages","service":"worker-service","timestamp":"I5O8601","version":"1.0.0"}
{"environment":"development","error":{"$metadata":{"attempts":3,"totalRetryDelay":116},"code":"ENOTFOUND","errno":-3008,"hostname":"sqs.us-east-1.amazonaws.com","syscall":"getaddrinfo"},"instanceId":"Abdullah-pc","level":"error","message":"Full error","service":"worker-service","timestamp":"I5O8601","version":"1.0.0"}
{"environment":"development","error":"getaddrinfo ENOTFOUND sqs.us-east-1.amazonaws.com","instanceId":"Abdullah-pc","level":"error","message":"Error receiving messages","service":"notification-worker-service","timestamp":"I6O8601","version":"1.0.0"}
{"environment":"development","error":{"$metadata":{"attempts":3,"totalRetryDelay":253},"code":"ENOTFOUND","errno":-3008,"hostname":"sqs.us-east-1.amazonaws.com","syscall":"getaddrinfo"},"instanceId":"Abdullah-pc","level":"error","message":"Full error","service":"notification-worker-service","timestamp":"I6O8601","version":"1.0.0"}
{"environment":"development","error":"getaddrinfo ENOTFOUND sqs.us-east-1.amazonaws.com","instanceId":"Abdullah-pc","level":"error","message":"Error receiving messages","service":"worker-service","timestamp":"I6O8601","version":"1.0.0"}
{"environment":"development","error":{"$metadata":{"attempts":3,"totalRetryDelay":80},"code":"ENOTFOUND","errno":-3008,"hostname":"sqs.us-east-1.amazonaws.com","syscall":"getaddrinfo"},"instanceId":"Abdullah-pc","level":"error","message":"Full error","service":"worker-service","timestamp":"I6O8601","version":"1.0.0"}
{"environment":"development","error":"getaddrinfo ENOTFOUND sqs.us-east-1.amazonaws.com","instanceId":"Abdullah-pc","level":"error","message":"Error receiving messages","service":"notification-worker-service","timestamp":"I9O8601","version":"1.0.0"}
{"environment":"development","error":{"$metadata":{"attempts":3,"totalRetryDelay":229},"code":"ENOTFOUND","errno":-3008,"hostname":"sqs.us-east-1.amazonaws.com","syscall":"getaddrinfo"},"instanceId":"Abdullah-pc","level":"error","message":"Full error","service":"notification-worker-service","timestamp":"I9O8601","version":"1.0.0"}
{"environment":"development","error":"getaddrinfo ENOTFOUND sqs.us-east-1.amazonaws.com","instanceId":"Abdullah-pc","level":"error","message":"Error receiving messages","service":"worker-service","timestamp":"I9O8601","version":"1.0.0"}
{"environment":"development","error":{"$metadata":{"attempts":3,"totalRetryDelay":195},"code":"ENOTFOUND","errno":-3008,"hostname":"sqs.us-east-1.amazonaws.com","syscall":"getaddrinfo"},"instanceId":"Abdullah-pc","level":"error","message":"Full error","service":"worker-service","timestamp":"I9O8601","version":"1.0.0"}
{"environment":"development","error":"getaddrinfo ENOTFOUND sqs.us-east-1.amazonaws.com","instanceId":"Abdullah-pc","level":"error","message":"Error receiving messages","service":"worker-service","timestamp":"I1O8601","version":"1.0.0"}
{"environment":"development","error":{"$metadata":{"attempts":3,"totalRetryDelay":153},"code":"ENOTFOUND","errno":-3008,"hostname":"sqs.us-east-1.amazonaws.com","syscall":"getaddrinfo"},"instanceId":"Abdullah-pc","level":"error","message":"Full error","service":"worker-service","timestamp":"I1O8601","version":"1.0.0"}
{"environment":"development","error":"getaddrinfo ENOTFOUND sqs.us-east-1.amazonaws.com","instanceId":"Abdullah-pc","level":"error","message":"Error receiving messages","service":"notification-worker-service","timestamp":"I1O8601","version":"1.0.0"}
{"environment":"development","error":{"$metadata":{"attempts":3,"totalRetryDelay":208},"code":"ENOTFOUND","errno":-3008,"hostname":"sqs.us-east-1.amazonaws.com","syscall":"getaddrinfo"},"instanceId":"Abdullah-pc","level":"error","message":"Full error","service":"notification-worker-service","timestamp":"I1O8601","version":"1.0.0"}
{"environment":"development","error":"getaddrinfo ENOTFOUND sqs.us-east-1.amazonaws.com","instanceId":"Abdullah-pc","level":"error","message":"Error receiving messages","service":"notification-worker-service","timestamp":"I3O8601","version":"1.0.0"}
{"environment":"development","error":{"$metadata":{"attempts":3,"totalRetryDelay":136},"code":"ENOTFOUND","errno":-3008,"hostname":"sqs.us-east-1.amazonaws.com","syscall":"getaddrinfo"},"instanceId":"Abdullah-pc","level":"error","message":"Full error","service":"notification-worker-service","timestamp":"I3O8601","version":"1.0.0"}
{"environment":"development","error":"getaddrinfo ENOTFOUND sqs.us-east-1.amazonaws.com","instanceId":"Abdullah-pc","level":"error","message":"Error receiving messages","service":"worker-service","timestamp":"I3O8601","version":"1.0.0"}
{"environment":"development","error":{"$metadata":{"attempts":3,"totalRetryDelay":188},"code":"ENOTFOUND","errno":-3008,"hostname":"sqs.us-east-1.amazonaws.com","syscall":"getaddrinfo"},"instanceId":"Abdullah-pc","level":"error","message":"Full error","service":"worker-service","timestamp":"I3O8601","version":"1.0.0"}
{"environment":"development","error":"getaddrinfo ENOTFOUND sqs.us-east-1.amazonaws.com","instanceId":"Abdullah-pc","level":"error","message":"Error receiving messages","service":"notification-worker-service","timestamp":"I5O8601","version":"1.0.0"}
{"environment":"development","error":{"$metadata":{"attempts":3,"totalRetryDelay":190},"code":"ENOTFOUND","errno":-3008,"hostname":"sqs.us-east-1.amazonaws.com","syscall":"getaddrinfo"},"instanceId":"Abdullah-pc","level":"error","message":"Full error","service":"notification-worker-service","timestamp":"I5O8601","version":"1.0.0"}
{"environment":"development","error":"getaddrinfo ENOTFOUND sqs.us-east-1.amazonaws.com","instanceId":"Abdullah-pc","level":"error","message":"Error receiving messages","service":"worker-service","timestamp":"I5O8601","version":"1.0.0"}
{"environment":"development","error":{"$metadata":{"attempts":3,"totalRetryDelay":156},"code":"ENOTFOUND","errno":-3008,"hostname":"sqs.us-east-1.amazonaws.com","syscall":"getaddrinfo"},"instanceId":"Abdullah-pc","level":"error","message":"Full error","service":"worker-service","timestamp":"I5O8601","version":"1.0.0"}
{"environment":"development","error":"getaddrinfo ENOTFOUND sqs.us-east-1.amazonaws.com","instanceId":"Abdullah-pc","level":"error","message":"Error receiving messages","service":"worker-service","timestamp":"I7O8601","version":"1.0.0"}
{"environment":"development","error":{"$metadata":{"attempts":3,"totalRetryDelay":112},"code":"ENOTFOUND","errno":-3008,"hostname":"sqs.us-east-1.amazonaws.com","syscall":"getaddrinfo"},"instanceId":"Abdullah-pc","level":"error","message":"Full error","service":"worker-service","timestamp":"I7O8601","version":"1.0.0"}
{"environment":"development","error":"getaddrinfo ENOTFOUND sqs.us-east-1.amazonaws.com","instanceId":"Abdullah-pc","level":"error","message":"Error receiving messages","service":"notification-worker-service","timestamp":"I8O8601","version":"1.0.0"}
{"environment":"development","error":{"$metadata":{"attempts":3,"totalRetryDelay":276},"code":"ENOTFOUND","errno":-3008,"hostname":"sqs.us-east-1.amazonaws.com","syscall":"getaddrinfo"},"instanceId":"Abdullah-pc","level":"error","message":"Full error","service":"notification-worker-service","timestamp":"I8O8601","version":"1.0.0"}
{"environment":"development","error":"getaddrinfo ENOTFOUND sqs.us-east-1.amazonaws.com","instanceId":"Abdullah-pc","level":"error","message":"Error receiving messages","service":"worker-service","timestamp":"I9O8601","version":"1.0.0"}
{"environment":"development","error":{"$metadata":{"attempts":3,"totalRetryDelay":204},"code":"ENOTFOUND","errno":-3008,"hostname":"sqs.us-east-1.amazonaws.com","syscall":"getaddrinfo"},"instanceId":"Abdullah-pc","level":"error","message":"Full error","service":"worker-service","timestamp":"I9O8601","version":"1.0.0"}
{"environment":"development","error":"getaddrinfo ENOTFOUND sqs.us-east-1.amazonaws.com","instanceId":"Abdullah-pc","level":"error","message":"Error receiving messages","service":"notification-worker-service","timestamp":"I10O8601","version":"1.0.0"}
{"environment":"development","error":{"$metadata":{"attempts":3,"totalRetryDelay":198},"code":"ENOTFOUND","errno":-3008,"hostname":"sqs.us-east-1.amazonaws.com","syscall":"getaddrinfo"},"instanceId":"Abdullah-pc","level":"error","message":"Full error","service":"notification-worker-service","timestamp":"I10O8601","version":"1.0.0"}
{"environment":"development","error":"getaddrinfo ENOTFOUND sqs.us-east-1.amazonaws.com","instanceId":"Abdullah-pc","level":"error","message":"Error receiving messages","service":"worker-service","timestamp":"I0O8601","version":"1.0.0"}
{"environment":"development","error":{"$metadata":{"attempts":3,"totalRetryDelay":85},"code":"ENOTFOUND","errno":-3008,"hostname":"sqs.us-east-1.amazonaws.com","syscall":"getaddrinfo"},"instanceId":"Abdullah-pc","level":"error","message":"Full error","service":"worker-service","timestamp":"I0O8601","version":"1.0.0"}
{"environment":"development","error":"getaddrinfo ENOTFOUND sqs.us-east-1.amazonaws.com","instanceId":"Abdullah-pc","level":"error","message":"Error receiving messages","service":"worker-service","timestamp":"I1O8601","version":"1.0.0"}
{"environment":"development","error":{"$metadata":{"attempts":3,"totalRetryDelay":50},"code":"ENOTFOUND","errno":-3008,"hostname":"sqs.us-east-1.amazonaws.com","syscall":"getaddrinfo"},"instanceId":"Abdullah-pc","level":"error","message":"Full error","service":"worker-service","timestamp":"I1O8601","version":"1.0.0"}
{"environment":"development","error":"getaddrinfo ENOTFOUND sqs.us-east-1.amazonaws.com","instanceId":"Abdullah-pc","level":"error","message":"Error receiving messages","service":"notification-worker-service","timestamp":"I2O8601","version":"1.0.0"}
{"environment":"development","error":{"$metadata":{"attempts":3,"totalRetryDelay":197},"code":"ENOTFOUND","errno":-3008,"hostname":"sqs.us-east-1.amazonaws.com","syscall":"getaddrinfo"},"instanceId":"Abdullah-pc","level":"error","message":"Full error","service":"notification-worker-service","timestamp":"I2O8601","version":"1.0.0"}
{"environment":"development","error":"getaddrinfo ENOTFOUND sqs.us-east-1.amazonaws.com","instanceId":"Abdullah-pc","level":"error","message":"Error receiving messages","service":"worker-service","timestamp":"I3O8601","version":"1.0.0"}
{"environment":"development","error":{"$metadata":{"attempts":3,"totalRetryDelay":100},"code":"ENOTFOUND","errno":-3008,"hostname":"sqs.us-east-1.amazonaws.com","syscall":"getaddrinfo"},"instanceId":"Abdullah-pc","level":"error","message":"Full error","service":"worker-service","timestamp":"I3O8601","version":"1.0.0"}
{"environment":"development","error":"getaddrinfo ENOTFOUND sqs.us-east-1.amazonaws.com","instanceId":"Abdullah-pc","level":"error","message":"Error receiving messages","service":"notification-worker-service","timestamp":"I4O8601","version":"1.0.0"}
{"environment":"development","error":{"$metadata":{"attempts":3,"totalRetryDelay":171},"code":"ENOTFOUND","errno":-3008,"hostname":"sqs.us-east-1.amazonaws.com","syscall":"getaddrinfo"},"instanceId":"Abdullah-pc","level":"error","message":"Full error","service":"notification-worker-service","timestamp":"I4O8601","version":"1.0.0"}
{"environment":"development","error":"getaddrinfo ENOTFOUND sqs.us-east-1.amazonaws.com","instanceId":"Abdullah-pc","level":"error","message":"Error receiving messages","service":"notification-worker-service","timestamp":"I5O8601","version":"1.0.0"}
{"environment":"development","error":{"$metadata":{"attempts":3,"totalRetryDelay":38},"code":"ENOTFOUND","errno":-3008,"hostname":"sqs.us-east-1.amazonaws.com","syscall":"getaddrinfo"},"instanceId":"Abdullah-pc","level":"error","message":"Full error","service":"notification-worker-service","timestamp":"I5O8601","version":"1.0.0"}
{"environment":"development","error":"getaddrinfo ENOTFOUND sqs.us-east-1.amazonaws.com","instanceId":"Abdullah-pc","level":"error","message":"Error receiving messages","service":"worker-service","timestamp":"I6O8601","version":"1.0.0"}
{"environment":"development","error":{"$metadata":{"attempts":3,"totalRetryDelay":273},"code":"ENOTFOUND","errno":-3008,"hostname":"sqs.us-east-1.amazonaws.com","syscall":"getaddrinfo"},"instanceId":"Abdullah-pc","level":"error","message":"Full error","service":"worker-service","timestamp":"I6O8601","version":"1.0.0"}
{"environment":"development","error":"getaddrinfo ENOTFOUND sqs.us-east-1.amazonaws.com","instanceId":"Abdullah-pc","level":"error","message":"Error receiving messages","service":"worker-service","timestamp":"I6O8601","version":"1.0.0"}
{"environment":"development","error":{"$metadata":{"attempts":3,"totalRetryDelay":43},"code":"ENOTFOUND","errno":-3008,"hostname":"sqs.us-east-1.amazonaws.com","syscall":"getaddrinfo"},"instanceId":"Abdullah-pc","level":"error","message":"Full error","service":"worker-service","timestamp":"I6O8601","version":"1.0.0"}
{"environment":"development","error":"getaddrinfo ENOTFOUND sqs.us-east-1.amazonaws.com","instanceId":"Abdullah-pc","level":"error","message":"Error receiving messages","service":"worker-service","timestamp":"I8O8601","version":"1.0.0"}
{"environment":"development","error":{"$metadata":{"attempts":3,"totalRetryDelay":111},"code":"ENOTFOUND","errno":-3008,"hostname":"sqs.us-east-1.amazonaws.com","syscall":"getaddrinfo"},"instanceId":"Abdullah-pc","level":"error","message":"Full error","service":"worker-service","timestamp":"I8O8601","version":"1.0.0"}
{"environment":"development","error":"getaddrinfo ENOTFOUND sqs.us-east-1.amazonaws.com","instanceId":"Abdullah-pc","level":"error","message":"Error receiving messages","service":"notification-worker-service","timestamp":"I8O8601","version":"1.0.0"}
{"environment":"development","error":{"$metadata":{"attempts":3,"totalRetryDelay":288},"code":"ENOTFOUND","errno":-3008,"hostname":"sqs.us-east-1.amazonaws.com","syscall":"getaddrinfo"},"instanceId":"Abdullah-pc","level":"error","message":"Full error","service":"notification-worker-service","timestamp":"I8O8601","version":"1.0.0"}
{"environment":"development","error":"getaddrinfo ENOTFOUND sqs.us-east-1.amazonaws.com","instanceId":"Abdullah-pc","level":"error","message":"Error receiving messages","service":"notification-worker-service","timestamp":"I9O8601","version":"1.0.0"}
{"environment":"development","error":{"$metadata":{"attempts":3,"totalRetryDelay":83},"code":"ENOTFOUND","errno":-3008,"hostname":"sqs.us-east-1.amazonaws.com","syscall":"getaddrinfo"},"instanceId":"Abdullah-pc","level":"error","message":"Full error","service":"notification-worker-service","timestamp":"I9O8601","version":"1.0.0"}
{"environment":"development","error":"getaddrinfo ENOTFOUND sqs.us-east-1.amazonaws.com","instanceId":"Abdullah-pc","level":"error","message":"Error receiving messages","service":"worker-service","timestamp":"I10O8601","version":"1.0.0"}
{"environment":"development","error":{"$metadata":{"attempts":3,"totalRetryDelay":147},"code":"ENOTFOUND","errno":-3008,"hostname":"sqs.us-east-1.amazonaws.com","syscall":"getaddrinfo"},"instanceId":"Abdullah-pc","level":"error","message":"Full error","service":"worker-service","timestamp":"I10O8601","version":"1.0.0"}
{"environment":"development","error":"getaddrinfo ENOTFOUND sqs.us-east-1.amazonaws.com","instanceId":"Abdullah-pc","level":"error","message":"Error receiving messages","service":"notification-worker-service","timestamp":"I1O8601","version":"1.0.0"}
{"environment":"development","error":{"$metadata":{"attempts":3,"totalRetryDelay":106},"code":"ENOTFOUND","errno":-3008,"hostname":"sqs.us-east-1.amazonaws.com","syscall":"getaddrinfo"},"instanceId":"Abdullah-pc","level":"error","message":"Full error","service":"notification-worker-service","timestamp":"I1O8601","version":"1.0.0"}
{"environment":"development","error":"getaddrinfo ENOTFOUND sqs.us-east-1.amazonaws.com","instanceId":"Abdullah-pc","level":"error","message":"Error receiving messages","service":"notification-worker-service","timestamp":"I2O8601","version":"1.0.0"}
{"environment":"development","error":{"$metadata":{"attempts":3,"totalRetryDelay":68},"code":"ENOTFOUND","errno":-3008,"hostname":"sqs.us-east-1.amazonaws.com","syscall":"getaddrinfo"},"instanceId":"Abdullah-pc","level":"error","message":"Full error","service":"notification-worker-service","timestamp":"I2O8601","version":"1.0.0"}
{"environment":"development","error":"getaddrinfo ENOTFOUND sqs.us-east-1.amazonaws.com","instanceId":"Abdullah-pc","level":"error","message":"Error receiving messages","service":"worker-service","timestamp":"I2O8601","version":"1.0.0"}
{"environment":"development","error":{"$metadata":{"attempts":3,"totalRetryDelay":197},"code":"ENOTFOUND","errno":-3008,"hostname":"sqs.us-east-1.amazonaws.com","syscall":"getaddrinfo"},"instanceId":"Abdullah-pc","level":"error","message":"Full error","service":"worker-service","timestamp":"I2O8601","version":"1.0.0"}
{"environment":"development","error":"getaddrinfo ENOTFOUND sqs.us-east-1.amazonaws.com","instanceId":"Abdullah-pc","level":"error","message":"Error receiving messages","service":"notification-worker-service","timestamp":"I3O8601","version":"1.0.0"}
{"environment":"development","error":{"$metadata":{"attempts":3,"totalRetryDelay":129},"code":"ENOTFOUND","errno":-3008,"hostname":"sqs.us-east-1.amazonaws.com","syscall":"getaddrinfo"},"instanceId":"Abdullah-pc","level":"error","message":"Full error","service":"notification-worker-service","timestamp":"I3O8601","version":"1.0.0"}
{"environment":"development","error":"getaddrinfo ENOTFOUND sqs.us-east-1.amazonaws.com","instanceId":"Abdullah-pc","level":"error","message":"Error receiving messages","service":"worker-service","timestamp":"I4O8601","version":"1.0.0"}
{"environment":"development","error":{"$metadata":{"attempts":3,"totalRetryDelay":164},"code":"ENOTFOUND","errno":-3008,"hostname":"sqs.us-east-1.amazonaws.com","syscall":"getaddrinfo"},"instanceId":"Abdullah-pc","level":"error","message":"Full error","service":"worker-service","timestamp":"I4O8601","version":"1.0.0"}
{"environment":"development","error":"getaddrinfo ENOTFOUND sqs.us-east-1.amazonaws.com","instanceId":"Abdullah-pc","level":"error","message":"Error receiving messages","service":"notification-worker-service","timestamp":"I4O8601","version":"1.0.0"}
{"environment":"development","error":{"$metadata":{"attempts":3,"totalRetryDelay":64},"code":"ENOTFOUND","errno":-3008,"hostname":"sqs.us-east-1.amazonaws.com","syscall":"getaddrinfo"},"instanceId":"Abdullah-pc","level":"error","message":"Full error","service":"notification-worker-service","timestamp":"I4O8601","version":"1.0.0"}
{"environment":"development","error":"getaddrinfo ENOTFOUND sqs.us-east-1.amazonaws.com","instanceId":"Abdullah-pc","level":"error","message":"Error receiving messages","service":"worker-service","timestamp":"I5O8601","version":"1.0.0"}
{"environment":"development","error":{"$metadata":{"attempts":3,"totalRetryDelay":81},"code":"ENOTFOUND","errno":-3008,"hostname":"sqs.us-east-1.amazonaws.com","syscall":"getaddrinfo"},"instanceId":"Abdullah-pc","level":"error","message":"Full error","service":"worker-service","timestamp":"I5O8601","version":"1.0.0"}
{"environment":"development","error":"getaddrinfo ENOTFOUND sqs.us-east-1.amazonaws.com","instanceId":"Abdullah-pc","level":"error","message":"Error receiving messages","service":"notification-worker-service","timestamp":"I6O8601","version":"1.0.0"}
{"environment":"development","error":{"$metadata":{"attempts":3,"totalRetryDelay":104},"code":"ENOTFOUND","errno":-3008,"hostname":"sqs.us-east-1.amazonaws.com","syscall":"getaddrinfo"},"instanceId":"Abdullah-pc","level":"error","message":"Full error","service":"notification-worker-service","timestamp":"I6O8601","version":"1.0.0"}
{"environment":"development","error":"getaddrinfo ENOTFOUND sqs.us-east-1.amazonaws.com","instanceId":"Abdullah-pc","level":"error","message":"Error receiving messages","service":"worker-service","timestamp":"I7O8601","version":"1.0.0"}
{"environment":"development","error":{"$metadata":{"attempts":3,"totalRetryDelay":115},"code":"ENOTFOUND","errno":-3008,"hostname":"sqs.us-east-1.amazonaws.com","syscall":"getaddrinfo"},"instanceId":"Abdullah-pc","level":"error","message":"Full error","service":"worker-service","timestamp":"I7O8601","version":"1.0.0"}
{"environment":"development","error":"getaddrinfo ENOTFOUND sqs.us-east-1.amazonaws.com","instanceId":"Abdullah-pc","level":"error","message":"Error receiving messages","service":"notification-worker-service","timestamp":"I7O8601","version":"1.0.0"}
{"environment":"development","error":{"$metadata":{"attempts":3,"totalRetryDelay":125},"code":"ENOTFOUND","errno":-3008,"hostname":"sqs.us-east-1.amazonaws.com","syscall":"getaddrinfo"},"instanceId":"Abdullah-pc","level":"error","message":"Full error","service":"notification-worker-service","timestamp":"I7O8601","version":"1.0.0"}
{"environment":"development","error":"getaddrinfo ENOTFOUND sqs.us-east-1.amazonaws.com","instanceId":"Abdullah-pc","level":"error","message":"Error receiving messages","service":"notification-worker-service","timestamp":"I9O8601","version":"1.0.0"}
{"environment":"development","error":{"$metadata":{"attempts":3,"totalRetryDelay":130},"code":"ENOTFOUND","errno":-3008,"hostname":"sqs.us-east-1.amazonaws.com","syscall":"getaddrinfo"},"instanceId":"Abdullah-pc","level":"error","message":"Full error","service":"notification-worker-service","timestamp":"I9O8601","version":"1.0.0"}
{"environment":"development","error":"getaddrinfo ENOTFOUND sqs.us-east-1.amazonaws.com","instanceId":"Abdullah-pc","level":"error","message":"Error receiving messages","service":"worker-service","timestamp":"I9O8601","version":"1.0.0"}
{"environment":"development","error":{"$metadata":{"attempts":3,"totalRetryDelay":214},"code":"ENOTFOUND","errno":-3008,"hostname":"sqs.us-east-1.amazonaws.com","syscall":"getaddrinfo"},"instanceId":"Abdullah-pc","level":"error","message":"Full error","service":"worker-service","timestamp":"I9O8601","version":"1.0.0"}
{"environment":"development","error":"getaddrinfo ENOTFOUND sqs.us-east-1.amazonaws.com","instanceId":"Abdullah-pc","level":"error","message":"Error receiving messages","service":"notification-worker-service","timestamp":"I0O8601","version":"1.0.0"}
{"environment":"development","error":{"$metadata":{"attempts":3,"totalRetryDelay":80},"code":"ENOTFOUND","errno":-3008,"hostname":"sqs.us-east-1.amazonaws.com","syscall":"getaddrinfo"},"instanceId":"Abdullah-pc","level":"error","message":"Full error","service":"notification-worker-service","timestamp":"I0O8601","version":"1.0.0"}
{"environment":"development","error":"getaddrinfo ENOTFOUND sqs.us-east-1.amazonaws.com","instanceId":"Abdullah-pc","level":"error","message":"Error receiving messages","service":"worker-service","timestamp":"I1O8601","version":"1.0.0"}
{"environment":"development","error":{"$metadata":{"attempts":3,"totalRetryDelay":163},"code":"ENOTFOUND","errno":-3008,"hostname":"sqs.us-east-1.amazonaws.com","syscall":"getaddrinfo"},"instanceId":"Abdullah-pc","level":"error","message":"Full error","service":"worker-service","timestamp":"I1O8601","version":"1.0.0"}
{"environment":"development","error":"getaddrinfo ENOTFOUND sqs.us-east-1.amazonaws.com","instanceId":"Abdullah-pc","level":"error","message":"Error receiving messages","service":"notification-worker-service","timestamp":"I2O8601","version":"1.0.0"}
{"environment":"development","error":{"$metadata":{"attempts":3,"totalRetryDelay":133},"code":"ENOTFOUND","errno":-3008,"hostname":"sqs.us-east-1.amazonaws.com","syscall":"getaddrinfo"},"instanceId":"Abdullah-pc","level":"error","message":"Full error","service":"notification-worker-service","timestamp":"I2O8601","version":"1.0.0"}
{"environment":"development","error":"getaddrinfo ENOTFOUND sqs.us-east-1.amazonaws.com","instanceId":"Abdullah-pc","level":"error","message":"Error receiving messages","service":"worker-service","timestamp":"I4O8601","version":"1.0.0"}
{"environment":"development","error":{"$metadata":{"attempts":3,"totalRetryDelay":214},"code":"ENOTFOUND","errno":-3008,"hostname":"sqs.us-east-1.amazonaws.com","syscall":"getaddrinfo"},"instanceId":"Abdullah-pc","level":"error","message":"Full error","service":"worker-service","timestamp":"I4O8601","version":"1.0.0"}
{"environment":"development","error":"getaddrinfo ENOTFOUND sqs.us-east-1.amazonaws.com","instanceId":"Abdullah-pc","level":"error","message":"Error receiving messages","service":"notification-worker-service","timestamp":"I5O8601","version":"1.0.0"}
{"environment":"development","error":"getaddrinfo ENOTFOUND sqs.us-east-1.amazonaws.com","instanceId":"Abdullah-pc","level":"error","message":"Error receiving messages","service":"worker-service","timestamp":"I5O8601","version":"1.0.0"}
{"environment":"development","error":{"$metadata":{"attempts":3,"totalRetryDelay":292},"code":"ENOTFOUND","errno":-3008,"hostname":"sqs.us-east-1.amazonaws.com","syscall":"getaddrinfo"},"instanceId":"Abdullah-pc","level":"error","message":"Full error","service":"notification-worker-service","timestamp":"I5O8601","version":"1.0.0"}
{"environment":"development","error":{"$metadata":{"attempts":3,"totalRetryDelay":83},"code":"ENOTFOUND","errno":-3008,"hostname":"sqs.us-east-1.amazonaws.com","syscall":"getaddrinfo"},"instanceId":"Abdullah-pc","level":"error","message":"Full error","service":"worker-service","timestamp":"I5O8601","version":"1.0.0"}
{"environment":"development","error":"getaddrinfo ENOTFOUND sqs.us-east-1.amazonaws.com","instanceId":"Abdullah-pc","level":"error","message":"Error receiving messages","service":"notification-worker-service","timestamp":"I7O8601","version":"1.0.0"}
{"environment":"development","error":{"$metadata":{"attempts":3,"totalRetryDelay":110},"code":"ENOTFOUND","errno":-3008,"hostname":"sqs.us-east-1.amazonaws.com","syscall":"getaddrinfo"},"instanceId":"Abdullah-pc","level":"error","message":"Full error","service":"notification-worker-service","timestamp":"I7O8601","version":"1.0.0"}
{"environment":"development","error":"getaddrinfo ENOTFOUND sqs.us-east-1.amazonaws.com","instanceId":"Abdullah-pc","level":"error","message":"Error receiving messages","service":"worker-service","timestamp":"I7O8601","version":"1.0.0"}
{"environment":"development","error":{"$metadata":{"attempts":3,"totalRetryDelay":184},"code":"ENOTFOUND","errno":-3008,"hostname":"sqs.us-east-1.amazonaws.com","syscall":"getaddrinfo"},"instanceId":"Abdullah-pc","level":"error","message":"Full error","service":"worker-service","timestamp":"I7O8601","version":"1.0.0"}
{"environment":"development","error":"getaddrinfo ENOTFOUND sqs.us-east-1.amazonaws.com","instanceId":"Abdullah-pc","level":"error","message":"Error receiving messages","service":"worker-service","timestamp":"I8O8601","version":"1.0.0"}
{"environment":"development","error":{"$metadata":{"attempts":3,"totalRetryDelay":26},"code":"ENOTFOUND","errno":-3008,"hostname":"sqs.us-east-1.amazonaws.com","syscall":"getaddrinfo"},"instanceId":"Abdullah-pc","level":"error","message":"Full error","service":"worker-service","timestamp":"I8O8601","version":"1.0.0"}
{"environment":"development","error":"getaddrinfo ENOTFOUND sqs.us-east-1.amazonaws.com","instanceId":"Abdullah-pc","level":"error","message":"Error receiving messages","service":"notification-worker-service","timestamp":"I10O8601","version":"1.0.0"}
{"environment":"development","error":{"$metadata":{"attempts":3,"totalRetryDelay":266},"code":"ENOTFOUND","errno":-3008,"hostname":"sqs.us-east-1.amazonaws.com","syscall":"getaddrinfo"},"instanceId":"Abdullah-pc","level":"error","message":"Full error","service":"notification-worker-service","timestamp":"I10O8601","version":"1.0.0"}
{"environment":"development","error":"getaddrinfo ENOTFOUND sqs.us-east-1.amazonaws.com","instanceId":"Abdullah-pc","level":"error","message":"Error receiving messages","service":"worker-service","timestamp":"I1O8601","version":"1.0.0"}
{"environment":"development","error":{"$metadata":{"attempts":3,"totalRetryDelay":273},"code":"ENOTFOUND","errno":-3008,"hostname":"sqs.us-east-1.amazonaws.com","syscall":"getaddrinfo"},"instanceId":"Abdullah-pc","level":"error","message":"Full error","service":"worker-service","timestamp":"I1O8601","version":"1.0.0"}
{"environment":"development","error":"getaddrinfo ENOTFOUND sqs.us-east-1.amazonaws.com","instanceId":"Abdullah-pc","level":"error","message":"Error receiving messages","service":"notification-worker-service","timestamp":"I1O8601","version":"1.0.0"}
{"environment":"development","error":{"$metadata":{"attempts":3,"totalRetryDelay":138},"code":"ENOTFOUND","errno":-3008,"hostname":"sqs.us-east-1.amazonaws.com","syscall":"getaddrinfo"},"instanceId":"Abdullah-pc","level":"error","message":"Full error","service":"notification-worker-service","timestamp":"I1O8601","version":"1.0.0"}
{"environment":"development","error":"getaddrinfo ENOTFOUND sqs.us-east-1.amazonaws.com","instanceId":"Abdullah-pc","level":"error","message":"Error receiving messages","service":"notification-worker-service","timestamp":"I3O8601","version":"1.0.0"}
{"environment":"development","error":{"$metadata":{"attempts":3,"totalRetryDelay":146},"code":"ENOTFOUND","errno":-3008,"hostname":"sqs.us-east-1.amazonaws.com","syscall":"getaddrinfo"},"instanceId":"Abdullah-pc","level":"error","message":"Full error","service":"notification-worker-service","timestamp":"I3O8601","version":"1.0.0"}
{"environment":"development","error":"getaddrinfo ENOTFOUND sqs.us-east-1.amazonaws.com","instanceId":"Abdullah-pc","level":"error","message":"Error receiving messages","service":"worker-service","timestamp":"I3O8601","version":"1.0.0"}
{"environment":"development","error":{"$metadata":{"attempts":3,"totalRetryDelay":230},"code":"ENOTFOUND","errno":-3008,"hostname":"sqs.us-east-1.amazonaws.com","syscall":"getaddrinfo"},"instanceId":"Abdullah-pc","level":"error","message":"Full error","service":"worker-service","timestamp":"I3O8601","version":"1.0.0"}
{"environment":"development","error":"getaddrinfo ENOTFOUND sqs.us-east-1.amazonaws.com","instanceId":"Abdullah-pc","level":"error","message":"Error receiving messages","service":"notification-worker-service","timestamp":"I5O8601","version":"1.0.0"}
{"environment":"development","error":{"$metadata":{"attempts":3,"totalRetryDelay":122},"code":"ENOTFOUND","errno":-3008,"hostname":"sqs.us-east-1.amazonaws.com","syscall":"getaddrinfo"},"instanceId":"Abdullah-pc","level":"error","message":"Full error","service":"notification-worker-service","timestamp":"I5O8601","version":"1.0.0"}
{"environment":"development","error":"getaddrinfo ENOTFOUND sqs.us-east-1.amazonaws.com","instanceId":"Abdullah-pc","level":"error","message":"Error receiving messages","service":"worker-service","timestamp":"I5O8601","version":"1.0.0"}
{"environment":"development","error":{"$metadata":{"attempts":3,"totalRetryDelay":162},"code":"ENOTFOUND","errno":-3008,"hostname":"sqs.us-east-1.amazonaws.com","syscall":"getaddrinfo"},"instanceId":"Abdullah-pc","level":"error","message":"Full error","service":"worker-service","timestamp":"I5O8601","version":"1.0.0"}
{"environment":"development","error":"getaddrinfo ENOTFOUND sqs.us-east-1.amazonaws.com","instanceId":"Abdullah-pc","level":"error","message":"Error receiving messages","service":"notification-worker-service","timestamp":"I7O8601","version":"1.0.0"}
{"environment":"development","error":{"$metadata":{"attempts":3,"totalRetryDelay":180},"code":"ENOTFOUND","errno":-3008,"hostname":"sqs.us-east-1.amazonaws.com","syscall":"getaddrinfo"},"instanceId":"Abdullah-pc","level":"error","message":"Full error","service":"notification-worker-service","timestamp":"I7O8601","version":"1.0.0"}
{"environment":"development","error":"getaddrinfo ENOTFOUND sqs.us-east-1.amazonaws.com","instanceId":"Abdullah-pc","level":"error","message":"Error receiving messages","service":"worker-service","timestamp":"I7O8601","version":"1.0.0"}
{"environment":"development","error":{"$metadata":{"attempts":3,"totalRetryDelay":138},"code":"ENOTFOUND","errno":-3008,"hostname":"sqs.us-east-1.amazonaws.com","syscall":"getaddrinfo"},"instanceId":"Abdullah-pc","level":"error","message":"Full error","service":"worker-service","timestamp":"I7O8601","version":"1.0.0"}
{"environment":"development","error":"getaddrinfo ENOTFOUND sqs.us-east-1.amazonaws.com","instanceId":"Abdullah-pc","level":"error","message":"Error receiving messages","service":"notification-worker-service","timestamp":"I8O8601","version":"1.0.0"}
{"environment":"development","error":{"$metadata":{"attempts":3,"totalRetryDelay":126},"code":"ENOTFOUND","errno":-3008,"hostname":"sqs.us-east-1.amazonaws.com","syscall":"getaddrinfo"},"instanceId":"Abdullah-pc","level":"error","message":"Full error","service":"notification-worker-service","timestamp":"I8O8601","version":"1.0.0"}
{"environment":"development","error":"getaddrinfo ENOTFOUND sqs.us-east-1.amazonaws.com","instanceId":"Abdullah-pc","level":"error","message":"Error receiving messages","service":"worker-service","timestamp":"I9O8601","version":"1.0.0"}
{"environment":"development","error":{"$metadata":{"attempts":3,"totalRetryDelay":152},"code":"ENOTFOUND","errno":-3008,"hostname":"sqs.us-east-1.amazonaws.com","syscall":"getaddrinfo"},"instanceId":"Abdullah-pc","level":"error","message":"Full error","service":"worker-service","timestamp":"I9O8601","version":"1.0.0"}
{"environment":"development","error":"getaddrinfo ENOTFOUND sqs.us-east-1.amazonaws.com","instanceId":"Abdullah-pc","level":"error","message":"Error receiving messages","service":"worker-service","timestamp":"I0O8601","version":"1.0.0"}
{"environment":"development","error":{"$metadata":{"attempts":3,"totalRetryDelay":123},"code":"ENOTFOUND","errno":-3008,"hostname":"sqs.us-east-1.amazonaws.com","syscall":"getaddrinfo"},"instanceId":"Abdullah-pc","level":"error","message":"Full error","service":"worker-service","timestamp":"I0O8601","version":"1.0.0"}
{"environment":"development","error":"getaddrinfo ENOTFOUND sqs.us-east-1.amazonaws.com","instanceId":"Abdullah-pc","level":"error","message":"Error receiving messages","service":"notification-worker-service","timestamp":"I1O8601","version":"1.0.0"}
{"environment":"development","error":{"$metadata":{"attempts":3,"totalRetryDelay":193},"code":"ENOTFOUND","errno":-3008,"hostname":"sqs.us-east-1.amazonaws.com","syscall":"getaddrinfo"},"instanceId":"Abdullah-pc","level":"error","message":"Full error","service":"notification-worker-service","timestamp":"I1O8601","version":"1.0.0"}
{"environment":"development","error":"getaddrinfo ENOTFOUND sqs.us-east-1.amazonaws.com","instanceId":"Abdullah-pc","level":"error","message":"Error receiving messages","service":"worker-service","timestamp":"I1O8601","version":"1.0.0"}
{"environment":"development","error":{"$metadata":{"attempts":3,"totalRetryDelay":2},"code":"ENOTFOUND","errno":-3008,"hostname":"sqs.us-east-1.amazonaws.com","syscall":"getaddrinfo"},"instanceId":"Abdullah-pc","level":"error","message":"Full error","service":"worker-service","timestamp":"I1O8601","version":"1.0.0"}
{"environment":"development","error":"getaddrinfo ENOTFOUND sqs.us-east-1.amazonaws.com","instanceId":"Abdullah-pc","level":"error","message":"Error receiving messages","service":"worker-service","timestamp":"I2O8601","version":"1.0.0"}
{"environment":"development","error":{"$metadata":{"attempts":3,"totalRetryDelay":97},"code":"ENOTFOUND","errno":-3008,"hostname":"sqs.us-east-1.amazonaws.com","syscall":"getaddrinfo"},"instanceId":"Abdullah-pc","level":"error","message":"Full error","service":"worker-service","timestamp":"I2O8601","version":"1.0.0"}
{"environment":"development","error":"getaddrinfo ENOTFOUND sqs.us-east-1.amazonaws.com","instanceId":"Abdullah-pc","level":"error","message":"Error receiving messages","service":"notification-worker-service","timestamp":"I2O8601","version":"1.0.0"}
{"environment":"development","error":{"$metadata":{"attempts":3,"totalRetryDelay":145},"code":"ENOTFOUND","errno":-3008,"hostname":"sqs.us-east-1.amazonaws.com","syscall":"getaddrinfo"},"instanceId":"Abdullah-pc","level":"error","message":"Full error","service":"notification-worker-service","timestamp":"I2O8601","version":"1.0.0"}
{"environment":"development","error":"getaddrinfo ENOTFOUND sqs.us-east-1.amazonaws.com","instanceId":"Abdullah-pc","level":"error","message":"Error receiving messages","service":"notification-worker-service","timestamp":"I3O8601","version":"1.0.0"}
{"environment":"development","error":{"$metadata":{"attempts":3,"totalRetryDelay":36},"code":"ENOTFOUND","errno":-3008,"hostname":"sqs.us-east-1.amazonaws.com","syscall":"getaddrinfo"},"instanceId":"Abdullah-pc","level":"error","message":"Full error","service":"notification-worker-service","timestamp":"I3O8601","version":"1.0.0"}
{"environment":"development","error":"getaddrinfo ENOTFOUND sqs.us-east-1.amazonaws.com","instanceId":"Abdullah-pc","level":"error","message":"Error receiving messages","service":"notification-worker-service","timestamp":"I4O8601","version":"1.0.0"}
{"environment":"development","error":{"$metadata":{"attempts":3,"totalRetryDelay":75},"code":"ENOTFOUND","errno":-3008,"hostname":"sqs.us-east-1.amazonaws.com","syscall":"getaddrinfo"},"instanceId":"Abdullah-pc","level":"error","message":"Full error","service":"notification-worker-service","timestamp":"I4O8601","version":"1.0.0"}
{"environment":"development","error":"getaddrinfo ENOTFOUND sqs.us-east-1.amazonaws.com","instanceId":"Abdullah-pc","level":"error","message":"Error receiving messages","service":"worker-service","timestamp":"I4O8601","version":"1.0.0"}
{"environment":"development","error":{"$metadata":{"attempts":3,"totalRetryDelay":202},"code":"ENOTFOUND","errno":-3008,"hostname":"sqs.us-east-1.amazonaws.com","syscall":"getaddrinfo"},"instanceId":"Abdullah-pc","level":"error","message":"Full error","service":"worker-service","timestamp":"I4O8601","version":"1.0.0"}
{"environment":"development","error":"getaddrinfo ENOTFOUND sqs.us-east-1.amazonaws.com","instanceId":"Abdullah-pc","level":"error","message":"Error receiving messages","service":"notification-worker-service","timestamp":"I5O8601","version":"1.0.0"}
{"environment":"development","error":{"$metadata":{"attempts":3,"totalRetryDelay":71},"code":"ENOTFOUND","errno":-3008,"hostname":"sqs.us-east-1.amazonaws.com","syscall":"getaddrinfo"},"instanceId":"Abdullah-pc","level":"error","message":"Full error","service":"notification-worker-service","timestamp":"I5O8601","version":"1.0.0"}
{"environment":"development","error":"getaddrinfo ENOTFOUND sqs.us-east-1.amazonaws.com","instanceId":"Abdullah-pc","level":"error","message":"Error receiving messages","service":"worker-service","timestamp":"I6O8601","version":"1.0.0"}
{"environment":"development","error":{"$metadata":{"attempts":3,"totalRetryDelay":109},"code":"ENOTFOUND","errno":-3008,"hostname":"sqs.us-east-1.amazonaws.com","syscall":"getaddrinfo"},"instanceId":"Abdullah-pc","level":"error","message":"Full error","service":"worker-service","timestamp":"I6O8601","version":"1.0.0"}
{"environment":"development","error":"getaddrinfo ENOTFOUND sqs.us-east-1.amazonaws.com","instanceId":"Abdullah-pc","level":"error","message":"Error receiving messages","service":"notification-worker-service","timestamp":"I6O8601","version":"1.0.0"}
{"environment":"development","error":{"$metadata":{"attempts":3,"totalRetryDelay":73},"code":"ENOTFOUND","errno":-3008,"hostname":"sqs.us-east-1.amazonaws.com","syscall":"getaddrinfo"},"instanceId":"Abdullah-pc","level":"error","message":"Full error","service":"notification-worker-service","timestamp":"I6O8601","version":"1.0.0"}
{"environment":"development","error":"getaddrinfo ENOTFOUND sqs.us-east-1.amazonaws.com","instanceId":"Abdullah-pc","level":"error","message":"Error receiving messages","service":"worker-service","timestamp":"I7O8601","version":"1.0.0"}
{"environment":"development","error":{"$metadata":{"attempts":3,"totalRetryDelay":85},"code":"ENOTFOUND","errno":-3008,"hostname":"sqs.us-east-1.amazonaws.com","syscall":"getaddrinfo"},"instanceId":"Abdullah-pc","level":"error","message":"Full error","service":"worker-service","timestamp":"I7O8601","version":"1.0.0"}
{"environment":"development","error":"getaddrinfo ENOTFOUND sqs.us-east-1.amazonaws.com","instanceId":"Abdullah-pc","level":"error","message":"Error receiving messages","service":"notification-worker-service","timestamp":"I7O8601","version":"1.0.0"}
{"environment":"development","error":{"$metadata":{"attempts":3,"totalRetryDelay":85},"code":"ENOTFOUND","errno":-3008,"hostname":"sqs.us-east-1.amazonaws.com","syscall":"getaddrinfo"},"instanceId":"Abdullah-pc","level":"error","message":"Full error","service":"notification-worker-service","timestamp":"I7O8601","version":"1.0.0"}
{"environment":"development","error":"getaddrinfo ENOTFOUND sqs.us-east-1.amazonaws.com","instanceId":"Abdullah-pc","level":"error","message":"Error receiving messages","service":"notification-worker-service","timestamp":"I8O8601","version":"1.0.0"}
{"environment":"development","error":{"$metadata":{"attempts":3,"totalRetryDelay":34},"code":"ENOTFOUND","errno":-3008,"hostname":"sqs.us-east-1.amazonaws.com","syscall":"getaddrinfo"},"instanceId":"Abdullah-pc","level":"error","message":"Full error","service":"notification-worker-service","timestamp":"I8O8601","version":"1.0.0"}
{"environment":"development","error":"getaddrinfo ENOTFOUND sqs.us-east-1.amazonaws.com","instanceId":"Abdullah-pc","level":"error","message":"Error receiving messages","service":"worker-service","timestamp":"I9O8601","version":"1.0.0"}
{"environment":"development","error":{"$metadata":{"attempts":3,"totalRetryDelay":211},"code":"ENOTFOUND","errno":-3008,"hostname":"sqs.us-east-1.amazonaws.com","syscall":"getaddrinfo"},"instanceId":"Abdullah-pc","level":"error","message":"Full error","service":"worker-service","timestamp":"I9O8601","version":"1.0.0"}
{"environment":"development","error":"getaddrinfo ENOTFOUND sqs.us-east-1.amazonaws.com","instanceId":"Abdullah-pc","level":"error","message":"Error receiving messages","service":"notification-worker-service","timestamp":"I10O8601","version":"1.0.0"}
{"environment":"development","error":{"$metadata":{"attempts":3,"totalRetryDelay":140},"code":"ENOTFOUND","errno":-3008,"hostname":"sqs.us-east-1.amazonaws.com","syscall":"getaddrinfo"},"instanceId":"Abdullah-pc","level":"error","message":"Full error","service":"notification-worker-service","timestamp":"I10O8601","version":"1.0.0"}
{"environment":"development","error":"getaddrinfo ENOTFOUND sqs.us-east-1.amazonaws.com","instanceId":"Abdullah-pc","level":"error","message":"Error receiving messages","service":"worker-service","timestamp":"I1O8601","version":"1.0.0"}
{"environment":"development","error":{"$metadata":{"attempts":3,"totalRetryDelay":160},"code":"ENOTFOUND","errno":-3008,"hostname":"sqs.us-east-1.amazonaws.com","syscall":"getaddrinfo"},"instanceId":"Abdullah-pc","level":"error","message":"Full error","service":"worker-service","timestamp":"I1O8601","version":"1.0.0"}
{"environment":"development","error":"getaddrinfo ENOTFOUND sqs.us-east-1.amazonaws.com","instanceId":"Abdullah-pc","level":"error","message":"Error receiving messages","service":"notification-worker-service","timestamp":"I2O8601","version":"1.0.0"}
{"environment":"development","error":"getaddrinfo ENOTFOUND sqs.us-east-1.amazonaws.com","instanceId":"Abdullah-pc","level":"error","message":"Error receiving messages","service":"worker-service","timestamp":"I2O8601","version":"1.0.0"}
{"environment":"development","error":{"$metadata":{"attempts":3,"totalRetryDelay":244},"code":"ENOTFOUND","errno":-3008,"hostname":"sqs.us-east-1.amazonaws.com","syscall":"getaddrinfo"},"instanceId":"Abdullah-pc","level":"error","message":"Full error","service":"notification-worker-service","timestamp":"I2O8601","version":"1.0.0"}
{"environment":"development","error":{"$metadata":{"attempts":3,"totalRetryDelay":68},"code":"ENOTFOUND","errno":-3008,"hostname":"sqs.us-east-1.amazonaws.com","syscall":"getaddrinfo"},"instanceId":"Abdullah-pc","level":"error","message":"Full error","service":"worker-service","timestamp":"I2O8601","version":"1.0.0"}
{"environment":"development","error":"getaddrinfo ENOTFOUND sqs.us-east-1.amazonaws.com","instanceId":"Abdullah-pc","level":"error","message":"Error receiving messages","service":"worker-service","timestamp":"I4O8601","version":"1.0.0"}
{"environment":"development","error":{"$metadata":{"attempts":3,"totalRetryDelay":83},"code":"ENOTFOUND","errno":-3008,"hostname":"sqs.us-east-1.amazonaws.com","syscall":"getaddrinfo"},"instanceId":"Abdullah-pc","level":"error","message":"Full error","service":"worker-service","timestamp":"I4O8601","version":"1.0.0"}
{"environment":"development","error":"getaddrinfo ENOTFOUND sqs.us-east-1.amazonaws.com","instanceId":"Abdullah-pc","level":"error","message":"Error receiving messages","service":"notification-worker-service","timestamp":"I5O8601","version":"1.0.0"}
{"environment":"development","error":{"$metadata":{"attempts":3,"totalRetryDelay":180},"code":"ENOTFOUND","errno":-3008,"hostname":"sqs.us-east-1.amazonaws.com","syscall":"getaddrinfo"},"instanceId":"Abdullah-pc","level":"error","message":"Full error","service":"notification-worker-service","timestamp":"I5O8601","version":"1.0.0"}
{"environment":"development","error":"getaddrinfo ENOTFOUND sqs.us-east-1.amazonaws.com","instanceId":"Abdullah-pc","level":"error","message":"Error receiving messages","service":"notification-worker-service","timestamp":"I6O8601","version":"1.0.0"}
{"environment":"development","error":{"$metadata":{"attempts":3,"totalRetryDelay":108},"code":"ENOTFOUND","errno":-3008,"hostname":"sqs.us-east-1.amazonaws.com","syscall":"getaddrinfo"},"instanceId":"Abdullah-pc","level":"error","message":"Full error","service":"notification-worker-service","timestamp":"I6O8601","version":"1.0.0"}
{"environment":"development","error":"getaddrinfo ENOTFOUND sqs.us-east-1.amazonaws.com","instanceId":"Abdullah-pc","level":"error","message":"Error receiving messages","service":"worker-service","timestamp":"I7O8601","version":"1.0.0"}
{"environment":"development","error":{"$metadata":{"attempts":3,"totalRetryDelay":286},"code":"ENOTFOUND","errno":-3008,"hostname":"sqs.us-east-1.amazonaws.com","syscall":"getaddrinfo"},"instanceId":"Abdullah-pc","level":"error","message":"Full error","service":"worker-service","timestamp":"I7O8601","version":"1.0.0"}
{"environment":"development","error":"getaddrinfo ENOTFOUND sqs.us-east-1.amazonaws.com","instanceId":"Abdullah-pc","level":"error","message":"Error receiving messages","service":"notification-worker-service","timestamp":"I7O8601","version":"1.0.0"}
{"environment":"development","error":{"$metadata":{"attempts":3,"totalRetryDelay":59},"code":"ENOTFOUND","errno":-3008,"hostname":"sqs.us-east-1.amazonaws.com","syscall":"getaddrinfo"},"instanceId":"Abdullah-pc","level":"error","message":"Full error","service":"notification-worker-service","timestamp":"I7O8601","version":"1.0.0"}
{"environment":"development","error":"getaddrinfo ENOTFOUND sqs.us-east-1.amazonaws.com","instanceId":"Abdullah-pc","level":"error","message":"Error receiving messages","service":"worker-service","timestamp":"I8O8601","version":"1.0.0"}
{"environment":"development","error":{"$metadata":{"attempts":3,"totalRetryDelay":77},"code":"ENOTFOUND","errno":-3008,"hostname":"sqs.us-east-1.amazonaws.com","syscall":"getaddrinfo"},"instanceId":"Abdullah-pc","level":"error","message":"Full error","service":"worker-service","timestamp":"I8O8601","version":"1.0.0"}
{"environment":"development","error":"getaddrinfo ENOTFOUND sqs.us-east-1.amazonaws.com","instanceId":"Abdullah-pc","level":"error","message":"Error receiving messages","service":"worker-service","timestamp":"I9O8601","version":"1.0.0"}
{"environment":"development","error":{"$metadata":{"attempts":3,"totalRetryDelay":53},"code":"ENOTFOUND","errno":-3008,"hostname":"sqs.us-east-1.amazonaws.com","syscall":"getaddrinfo"},"instanceId":"Abdullah-pc","level":"error","message":"Full error","service":"worker-service","timestamp":"I9O8601","version":"1.0.0"}
{"environment":"development","error":"getaddrinfo ENOTFOUND sqs.us-east-1.amazonaws.com","instanceId":"Abdullah-pc","level":"error","message":"Error receiving messages","service":"notification-worker-service","timestamp":"I9O8601","version":"1.0.0"}
{"environment":"development","error":{"$metadata":{"attempts":3,"totalRetryDelay":151},"code":"ENOTFOUND","errno":-3008,"hostname":"sqs.us-east-1.amazonaws.com","syscall":"getaddrinfo"},"instanceId":"Abdullah-pc","level":"error","message":"Full error","service":"notification-worker-service","timestamp":"I9O8601","version":"1.0.0"}
{"environment":"development","error":"getaddrinfo ENOTFOUND sqs.us-east-1.amazonaws.com","instanceId":"Abdullah-pc","level":"error","message":"Error receiving messages","service":"worker-service","timestamp":"I9O8601","version":"1.0.0"}
{"environment":"development","error":{"$metadata":{"attempts":3,"totalRetryDelay":20},"code":"ENOTFOUND","errno":-3008,"hostname":"sqs.us-east-1.amazonaws.com","syscall":"getaddrinfo"},"instanceId":"Abdullah-pc","level":"error","message":"Full error","service":"worker-service","timestamp":"I9O8601","version":"1.0.0"}
{"environment":"development","error":"getaddrinfo ENOTFOUND sqs.us-east-1.amazonaws.com","instanceId":"Abdullah-pc","level":"error","message":"Error receiving messages","service":"worker-service","timestamp":"I1O8601","version":"1.0.0"}
{"environment":"development","error":{"$metadata":{"attempts":3,"totalRetryDelay":164},"code":"ENOTFOUND","errno":-3008,"hostname":"sqs.us-east-1.amazonaws.com","syscall":"getaddrinfo"},"instanceId":"Abdullah-pc","level":"error","message":"Full error","service":"worker-service","timestamp":"I1O8601","version":"1.0.0"}
{"environment":"development","error":"getaddrinfo ENOTFOUND sqs.us-east-1.amazonaws.com","instanceId":"Abdullah-pc","level":"error","message":"Error receiving messages","service":"notification-worker-service","timestamp":"I2O8601","version":"1.0.0"}
{"environment":"development","error":{"$metadata":{"attempts":3,"totalRetryDelay":246},"code":"ENOTFOUND","errno":-3008,"hostname":"sqs.us-east-1.amazonaws.com","syscall":"getaddrinfo"},"instanceId":"Abdullah-pc","level":"error","message":"Full error","service":"notification-worker-service","timestamp":"I2O8601","version":"1.0.0"}
{"environment":"development","error":"getaddrinfo ENOTFOUND sqs.us-east-1.amazonaws.com","instanceId":"Abdullah-pc","level":"error","message":"Error receiving messages","service":"worker-service","timestamp":"I3O8601","version":"1.0.0"}
{"environment":"development","error":{"$metadata":{"attempts":3,"totalRetryDelay":147},"code":"ENOTFOUND","errno":-3008,"hostname":"sqs.us-east-1.amazonaws.com","syscall":"getaddrinfo"},"instanceId":"Abdullah-pc","level":"error","message":"Full error","service":"worker-service","timestamp":"I3O8601","version":"1.0.0"}
{"environment":"development","error":"getaddrinfo ENOTFOUND sqs.us-east-1.amazonaws.com","instanceId":"Abdullah-pc","level":"error","message":"Error receiving messages","service":"notification-worker-service","timestamp":"I4O8601","version":"1.0.0"}
{"environment":"development","error":{"$metadata":{"attempts":3,"totalRetryDelay":237},"code":"ENOTFOUND","errno":-3008,"hostname":"sqs.us-east-1.amazonaws.com","syscall":"getaddrinfo"},"instanceId":"Abdullah-pc","level":"error","message":"Full error","service":"notification-worker-service","timestamp":"I4O8601","version":"1.0.0"}
{"environment":"development","error":"getaddrinfo ENOTFOUND sqs.us-east-1.amazonaws.com","instanceId":"Abdullah-pc","level":"error","message":"Error receiving messages","service":"worker-service","timestamp":"I6O8601","version":"1.0.0"}
{"environment":"development","error":{"$metadata":{"attempts":3,"totalRetryDelay":236},"code":"ENOTFOUND","errno":-3008,"hostname":"sqs.us-east-1.amazonaws.com","syscall":"getaddrinfo"},"instanceId":"Abdullah-pc","level":"error","message":"Full error","service":"worker-service","timestamp":"I6O8601","version":"1.0.0"}
{"environment":"development","error":"getaddrinfo ENOTFOUND sqs.us-east-1.amazonaws.com","instanceId":"Abdullah-pc","level":"error","message":"Error receiving messages","service":"notification-worker-service","timestamp":"I6O8601","version":"1.0.0"}
{"environment":"development","error":{"$metadata":{"attempts":3,"totalRetryDelay":93},"code":"ENOTFOUND","errno":-3008,"hostname":"sqs.us-east-1.amazonaws.com","syscall":"getaddrinfo"},"instanceId":"Abdullah-pc","level":"error","message":"Full error","service":"notification-worker-service","timestamp":"I6O8601","version":"1.0.0"}
{"environment":"development","error":"getaddrinfo ENOTFOUND sqs.us-east-1.amazonaws.com","instanceId":"Abdullah-pc","level":"error","message":"Error receiving messages","service":"worker-service","timestamp":"I7O8601","version":"1.0.0"}
{"environment":"development","error":{"$metadata":{"attempts":3,"totalRetryDelay":136},"code":"ENOTFOUND","errno":-3008,"hostname":"sqs.us-east-1.amazonaws.com","syscall":"getaddrinfo"},"instanceId":"Abdullah-pc","level":"error","message":"Full error","service":"worker-service","timestamp":"I7O8601","version":"1.0.0"}
{"environment":"development","error":"getaddrinfo ENOTFOUND sqs.us-east-1.amazonaws.com","instanceId":"Abdullah-pc","level":"error","message":"Error receiving messages","service":"notification-worker-service","timestamp":"I8O8601","version":"1.0.0"}
{"environment":"development","error":{"$metadata":{"attempts":3,"totalRetryDelay":179},"code":"ENOTFOUND","errno":-3008,"hostname":"sqs.us-east-1.amazonaws.com","syscall":"getaddrinfo"},"instanceId":"Abdullah-pc","level":"error","message":"Full error","service":"notification-worker-service","timestamp":"I8O8601","version":"1.0.0"}
{"environment":"development","error":"getaddrinfo ENOTFOUND sqs.us-east-1.amazonaws.com","instanceId":"Abdullah-pc","level":"error","message":"Error receiving messages","service":"notification-worker-service","timestamp":"I9O8601","version":"1.0.0"}
{"environment":"development","error":{"$metadata":{"attempts":3,"totalRetryDelay":36},"code":"ENOTFOUND","errno":-3008,"hostname":"sqs.us-east-1.amazonaws.com","syscall":"getaddrinfo"},"instanceId":"Abdullah-pc","level":"error","message":"Full error","service":"notification-worker-service","timestamp":"I9O8601","version":"1.0.0"}
{"environment":"development","error":"getaddrinfo ENOTFOUND sqs.us-east-1.amazonaws.com","instanceId":"Abdullah-pc","level":"error","message":"Error receiving messages","service":"worker-service","timestamp":"I0O8601","version":"1.0.0"}
{"environment":"development","error":{"$metadata":{"attempts":3,"totalRetryDelay":229},"code":"ENOTFOUND","errno":-3008,"hostname":"sqs.us-east-1.amazonaws.com","syscall":"getaddrinfo"},"instanceId":"Abdullah-pc","level":"error","message":"Full error","service":"worker-service","timestamp":"I0O8601","version":"1.0.0"}
{"environment":"development","error":"getaddrinfo ENOTFOUND sqs.us-east-1.amazonaws.com","instanceId":"Abdullah-pc","level":"error","message":"Error receiving messages","service":"notification-worker-service","timestamp":"I0O8601","version":"1.0.0"}
{"environment":"development","error":{"$metadata":{"attempts":3,"totalRetryDelay":133},"code":"ENOTFOUND","errno":-3008,"hostname":"sqs.us-east-1.amazonaws.com","syscall":"getaddrinfo"},"instanceId":"Abdullah-pc","level":"error","message":"Full error","service":"notification-worker-service","timestamp":"I0O8601","version":"1.0.0"}
{"environment":"development","error":"getaddrinfo ENOTFOUND sqs.us-east-1.amazonaws.com","instanceId":"Abdullah-pc","level":"error","message":"Error receiving messages","service":"notification-worker-service","timestamp":"I2O8601","version":"1.0.0"}
{"environment":"development","error":{"$metadata":{"attempts":3,"totalRetryDelay":84},"code":"ENOTFOUND","errno":-3008,"hostname":"sqs.us-east-1.amazonaws.com","syscall":"getaddrinfo"},"instanceId":"Abdullah-pc","level":"error","message":"Full error","service":"notification-worker-service","timestamp":"I2O8601","version":"1.0.0"}
{"environment":"development","error":"getaddrinfo ENOTFOUND sqs.us-east-1.amazonaws.com","instanceId":"Abdullah-pc","level":"error","message":"Error receiving messages","service":"worker-service","timestamp":"I2O8601","version":"1.0.0"}
{"environment":"development","error":{"$metadata":{"attempts":3,"totalRetryDelay":182},"code":"ENOTFOUND","errno":-3008,"hostname":"sqs.us-east-1.amazonaws.com","syscall":"getaddrinfo"},"instanceId":"Abdullah-pc","level":"error","message":"Full error","service":"worker-service","timestamp":"I2O8601","version":"1.0.0"}
{"environment":"development","error":"getaddrinfo ENOTFOUND sqs.us-east-1.amazonaws.com","instanceId":"Abdullah-pc","level":"error","message":"Error receiving messages","service":"notification-worker-service","timestamp":"I4O8601","version":"1.0.0"}
{"environment":"development","error":{"$metadata":{"attempts":3,"totalRetryDelay":246},"code":"ENOTFOUND","errno":-3008,"hostname":"sqs.us-east-1.amazonaws.com","syscall":"getaddrinfo"},"instanceId":"Abdullah-pc","level":"error","message":"Full error","service":"notification-worker-service","timestamp":"I4O8601","version":"1.0.0"}
{"environment":"development","error":"getaddrinfo ENOTFOUND sqs.us-east-1.amazonaws.com","instanceId":"Abdullah-pc","level":"error","message":"Error receiving messages","service":"worker-service","timestamp":"I5O8601","version":"1.0.0"}
{"environment":"development","error":{"$metadata":{"attempts":3,"totalRetryDelay":214},"code":"ENOTFOUND","errno":-3008,"hostname":"sqs.us-east-1.amazonaws.com","syscall":"getaddrinfo"},"instanceId":"Abdullah-pc","level":"error","message":"Full error","service":"worker-service","timestamp":"I5O8601","version":"1.0.0"}
{"environment":"development","error":"getaddrinfo ENOTFOUND sqs.us-east-1.amazonaws.com","instanceId":"Abdullah-pc","level":"error","message":"Error receiving messages","service":"worker-service","timestamp":"I6O8601","version":"1.0.0"}
{"environment":"development","error":{"$metadata":{"attempts":3,"totalRetryDelay":48},"code":"ENOTFOUND","errno":-3008,"hostname":"sqs.us-east-1.amazonaws.com","syscall":"getaddrinfo"},"instanceId":"Abdullah-pc","level":"error","message":"Full error","service":"worker-service","timestamp":"I6O8601","version":"1.0.0"}
{"environment":"development","error":"getaddrinfo ENOTFOUND sqs.us-east-1.amazonaws.com","instanceId":"Abdullah-pc","level":"error","message":"Error receiving messages","service":"notification-worker-service","timestamp":"I7O8601","version":"1.0.0"}
{"environment":"development","error":{"$metadata":{"attempts":3,"totalRetryDelay":201},"code":"ENOTFOUND","errno":-3008,"hostname":"sqs.us-east-1.amazonaws.com","syscall":"getaddrinfo"},"instanceId":"Abdullah-pc","level":"error","message":"Full error","service":"notification-worker-service","timestamp":"I7O8601","version":"1.0.0"}
{"environment":"development","error":"getaddrinfo ENOTFOUND sqs.us-east-1.amazonaws.com","instanceId":"Abdullah-pc","level":"error","message":"Error receiving messages","service":"worker-service","timestamp":"I8O8601","version":"1.0.0"}
{"environment":"development","error":{"$metadata":{"attempts":3,"totalRetryDelay":156},"code":"ENOTFOUND","errno":-3008,"hostname":"sqs.us-east-1.amazonaws.com","syscall":"getaddrinfo"},"instanceId":"Abdullah-pc","level":"error","message":"Full error","service":"worker-service","timestamp":"I8O8601","version":"1.0.0"}
{"environment":"development","error":"getaddrinfo ENOTFOUND sqs.us-east-1.amazonaws.com","instanceId":"Abdullah-pc","level":"error","message":"Error receiving messages","service":"notification-worker-service","timestamp":"I8O8601","version":"1.0.0"}
{"environment":"development","error":{"$metadata":{"attempts":3,"totalRetryDelay":83},"code":"ENOTFOUND","errno":-3008,"hostname":"sqs.us-east-1.amazonaws.com","syscall":"getaddrinfo"},"instanceId":"Abdullah-pc","level":"error","message":"Full error","service":"notification-worker-service","timestamp":"I8O8601","version":"1.0.0"}
{"environment":"development","error":"getaddrinfo ENOTFOUND sqs.us-east-1.amazonaws.com","instanceId":"Abdullah-pc","level":"error","message":"Error receiving messages","service":"worker-service","timestamp":"I9O8601","version":"1.0.0"}
{"environment":"development","error":{"$metadata":{"attempts":3,"totalRetryDelay":92},"code":"ENOTFOUND","errno":-3008,"hostname":"sqs.us-east-1.amazonaws.com","syscall":"getaddrinfo"},"instanceId":"Abdullah-pc","level":"error","message":"Full error","service":"worker-service","timestamp":"I9O8601","version":"1.0.0"}
{"environment":"development","error":"getaddrinfo ENOTFOUND sqs.us-east-1.amazonaws.com","instanceId":"Abdullah-pc","level":"error","message":"Error receiving messages","service":"notification-worker-service","timestamp":"I10O8601","version":"1.0.0"}
{"environment":"development","error":{"$metadata":{"attempts":3,"totalRetryDelay":160},"code":"ENOTFOUND","errno":-3008,"hostname":"sqs.us-east-1.amazonaws.com","syscall":"getaddrinfo"},"instanceId":"Abdullah-pc","level":"error","message":"Full error","service":"notification-worker-service","timestamp":"I10O8601","version":"1.0.0"}
{"environment":"development","error":"getaddrinfo ENOTFOUND sqs.us-east-1.amazonaws.com","instanceId":"Abdullah-pc","level":"error","message":"Error receiving messages","service":"worker-service","timestamp":"I0O8601","version":"1.0.0"}
{"environment":"development","error":{"$metadata":{"attempts":3,"totalRetryDelay":100},"code":"ENOTFOUND","errno":-3008,"hostname":"sqs.us-east-1.amazonaws.com","syscall":"getaddrinfo"},"instanceId":"Abdullah-pc","level":"error","message":"Full error","service":"worker-service","timestamp":"I0O8601","version":"1.0.0"}
{"environment":"development","error":"getaddrinfo ENOTFOUND sqs.us-east-1.amazonaws.com","instanceId":"Abdullah-pc","level":"error","message":"Error receiving messages","service":"worker-service","timestamp":"I1O8601","version":"1.0.0"}
{"environment":"development","error":{"$metadata":{"attempts":3,"totalRetryDelay":25},"code":"ENOTFOUND","errno":-3008,"hostname":"sqs.us-east-1.amazonaws.com","syscall":"getaddrinfo"},"instanceId":"Abdullah-pc","level":"error","message":"Full error","service":"worker-service","timestamp":"I1O8601","version":"1.0.0"}
{"environment":"development","error":"getaddrinfo ENOTFOUND sqs.us-east-1.amazonaws.com","instanceId":"Abdullah-pc","level":"error","message":"Error receiving messages","service":"notification-worker-service","timestamp":"I1O8601","version":"1.0.0"}
{"environment":"development","error":{"$metadata":{"attempts":3,"totalRetryDelay":118},"code":"ENOTFOUND","errno":-3008,"hostname":"sqs.us-east-1.amazonaws.com","syscall":"getaddrinfo"},"instanceId":"Abdullah-pc","level":"error","message":"Full error","service":"notification-worker-service","timestamp":"I1O8601","version":"1.0.0"}
{"environment":"development","error":"getaddrinfo ENOTFOUND sqs.us-east-1.amazonaws.com","instanceId":"Abdullah-pc","level":"error","message":"Error receiving messages","service":"notification-worker-service","timestamp":"I2O8601","version":"1.0.0"}
{"environment":"development","error":{"$metadata":{"attempts":3,"totalRetryDelay":50},"code":"ENOTFOUND","errno":-3008,"hostname":"sqs.us-east-1.amazonaws.com","syscall":"getaddrinfo"},"instanceId":"Abdullah-pc","level":"error","message":"Full error","service":"notification-worker-service","timestamp":"I2O8601","version":"1.0.0"}
{"environment":"development","error":"getaddrinfo ENOTFOUND sqs.us-east-1.amazonaws.com","instanceId":"Abdullah-pc","level":"error","message":"Error receiving messages","service":"worker-service","timestamp":"I4O8601","version":"1.0.0"}
{"environment":"development","error":{"$metadata":{"attempts":3,"totalRetryDelay":228},"code":"ENOTFOUND","errno":-3008,"hostname":"sqs.us-east-1.amazonaws.com","syscall":"getaddrinfo"},"instanceId":"Abdullah-pc","level":"error","message":"Full error","service":"worker-service","timestamp":"I4O8601","version":"1.0.0"}
{"environment":"development","error":"getaddrinfo ENOTFOUND sqs.us-east-1.amazonaws.com","instanceId":"Abdullah-pc","level":"error","message":"Error receiving messages","service":"notification-worker-service","timestamp":"I4O8601","version":"1.0.0"}
{"environment":"development","error":{"$metadata":{"attempts":3,"totalRetryDelay":138},"code":"ENOTFOUND","errno":-3008,"hostname":"sqs.us-east-1.amazonaws.com","syscall":"getaddrinfo"},"instanceId":"Abdullah-pc","level":"error","message":"Full error","service":"notification-worker-service","timestamp":"I4O8601","version":"1.0.0"}
{"environment":"development","error":"getaddrinfo ENOTFOUND sqs.us-east-1.amazonaws.com","instanceId":"Abdullah-pc","level":"error","message":"Error receiving messages","service":"notification-worker-service","timestamp":"I5O8601","version":"1.0.0"}
{"environment":"development","error":{"$metadata":{"attempts":3,"totalRetryDelay":147},"code":"ENOTFOUND","errno":-3008,"hostname":"sqs.us-east-1.amazonaws.com","syscall":"getaddrinfo"},"instanceId":"Abdullah-pc","level":"error","message":"Full error","service":"notification-worker-service","timestamp":"I5O8601","version":"1.0.0"}
{"environment":"development","error":"getaddrinfo ENOTFOUND sqs.us-east-1.amazonaws.com","instanceId":"Abdullah-pc","level":"error","message":"Error receiving messages","service":"worker-service","timestamp":"I6O8601","version":"1.0.0"}
{"environment":"development","error":{"$metadata":{"attempts":3,"totalRetryDelay":166},"code":"ENOTFOUND","errno":-3008,"hostname":"sqs.us-east-1.amazonaws.com","syscall":"getaddrinfo"},"instanceId":"Abdullah-pc","level":"error","message":"Full error","service":"worker-service","timestamp":"I6O8601","version":"1.0.0"}
{"environment":"development","error":"getaddrinfo ENOTFOUND sqs.us-east-1.amazonaws.com","instanceId":"Abdullah-pc","level":"error","message":"Error receiving messages","service":"notification-worker-service","timestamp":"I7O8601","version":"1.0.0"}
{"environment":"development","error":{"$metadata":{"attempts":3,"totalRetryDelay":171},"code":"ENOTFOUND","errno":-3008,"hostname":"sqs.us-east-1.amazonaws.com","syscall":"getaddrinfo"},"instanceId":"Abdullah-pc","level":"error","message":"Full error","service":"notification-worker-service","timestamp":"I7O8601","version":"1.0.0"}
{"environment":"development","error":"getaddrinfo ENOTFOUND sqs.us-east-1.amazonaws.com","instanceId":"Abdullah-pc","level":"error","message":"Error receiving messages","service":"worker-service","timestamp":"I8O8601","version":"1.0.0"}
{"environment":"development","error":{"$metadata":{"attempts":3,"totalRetryDelay":239},"code":"ENOTFOUND","errno":-3008,"hostname":"sqs.us-east-1.amazonaws.com","syscall":"getaddrinfo"},"instanceId":"Abdullah-pc","level":"error","message":"Full error","service":"worker-service","timestamp":"I8O8601","version":"1.0.0"}
{"environment":"development","error":"getaddrinfo ENOTFOUND sqs.us-east-1.amazonaws.com","instanceId":"Abdullah-pc","level":"error","message":"Error receiving messages","service":"worker-service","timestamp":"I9O8601","version":"1.0.0"}
{"environment":"development","error":{"$metadata":{"attempts":3,"totalRetryDelay":62},"code":"ENOTFOUND","errno":-3008,"hostname":"sqs.us-east-1.amazonaws.com","syscall":"getaddrinfo"},"instanceId":"Abdullah-pc","level":"error","message":"Full error","service":"worker-service","timestamp":"I9O8601","version":"1.0.0"}
{"environment":"development","error":"getaddrinfo ENOTFOUND sqs.us-east-1.amazonaws.com","instanceId":"Abdullah-pc","level":"error","message":"Error receiving messages","service":"notification-worker-service","timestamp":"I1O8601","version":"1.0.0"}
{"environment":"development","error":{"$metadata":{"attempts":3,"totalRetryDelay":295},"code":"ENOTFOUND","errno":-3008,"hostname":"sqs.us-east-1.amazonaws.com","syscall":"getaddrinfo"},"instanceId":"Abdullah-pc","level":"error","message":"Full error","service":"notification-worker-service","timestamp":"I1O8601","version":"1.0.0"}
{"environment":"development","error":"getaddrinfo ENOTFOUND sqs.us-east-1.amazonaws.com","instanceId":"Abdullah-pc","level":"error","message":"Error receiving messages","service":"worker-service","timestamp":"I1O8601","version":"1.0.0"}
{"environment":"development","error":{"$metadata":{"attempts":3,"totalRetryDelay":144},"code":"ENOTFOUND","errno":-3008,"hostname":"sqs.us-east-1.amazonaws.com","syscall":"getaddrinfo"},"instanceId":"Abdullah-pc","level":"error","message":"Full error","service":"worker-service","timestamp":"I1O8601","version":"1.0.0"}
{"environment":"development","error":"getaddrinfo ENOTFOUND sqs.us-east-1.amazonaws.com","instanceId":"Abdullah-pc","level":"error","message":"Error receiving messages","service":"notification-worker-service","timestamp":"I3O8601","version":"1.0.0"}
{"environment":"development","error":{"$metadata":{"attempts":3,"totalRetryDelay":148},"code":"ENOTFOUND","errno":-3008,"hostname":"sqs.us-east-1.amazonaws.com","syscall":"getaddrinfo"},"instanceId":"Abdullah-pc","level":"error","message":"Full error","service":"notification-worker-service","timestamp":"I3O8601","version":"1.0.0"}
{"environment":"development","error":"getaddrinfo ENOTFOUND sqs.us-east-1.amazonaws.com","instanceId":"Abdullah-pc","level":"error","message":"Error receiving messages","service":"worker-service","timestamp":"I3O8601","version":"1.0.0"}
{"environment":"development","error":{"$metadata":{"attempts":3,"totalRetryDelay":135},"code":"ENOTFOUND","errno":-3008,"hostname":"sqs.us-east-1.amazonaws.com","syscall":"getaddrinfo"},"instanceId":"Abdullah-pc","level":"error","message":"Full error","service":"worker-service","timestamp":"I3O8601","version":"1.0.0"}
{"environment":"development","error":"getaddrinfo ENOTFOUND sqs.us-east-1.amazonaws.com","instanceId":"Abdullah-pc","level":"error","message":"Error receiving messages","service":"notification-worker-service","timestamp":"I4O8601","version":"1.0.0"}
{"environment":"development","error":{"$metadata":{"attempts":3,"totalRetryDelay":97},"code":"ENOTFOUND","errno":-3008,"hostname":"sqs.us-east-1.amazonaws.com","syscall":"getaddrinfo"},"instanceId":"Abdullah-pc","level":"error","message":"Full error","service":"notification-worker-service","timestamp":"I4O8601","version":"1.0.0"}
{"environment":"development","error":"getaddrinfo ENOTFOUND sqs.us-east-1.amazonaws.com","instanceId":"Abdullah-pc","level":"error","message":"Error receiving messages","service":"worker-service","timestamp":"I4O8601","version":"1.0.0"}
{"environment":"development","error":{"$metadata":{"attempts":3,"totalRetryDelay":117},"code":"ENOTFOUND","errno":-3008,"hostname":"sqs.us-east-1.amazonaws.com","syscall":"getaddrinfo"},"instanceId":"Abdullah-pc","level":"error","message":"Full error","service":"worker-service","timestamp":"I4O8601","version":"1.0.0"}
{"environment":"development","error":"getaddrinfo ENOTFOUND sqs.us-east-1.amazonaws.com","instanceId":"Abdullah-pc","level":"error","message":"Error receiving messages","service":"notification-worker-service","timestamp":"I6O8601","version":"1.0.0"}
{"environment":"development","error":"getaddrinfo ENOTFOUND sqs.us-east-1.amazonaws.com","instanceId":"Abdullah-pc","level":"error","message":"Error receiving messages","service":"worker-service","timestamp":"I6O8601","version":"1.0.0"}
{"environment":"development","error":{"$metadata":{"attempts":3,"totalRetryDelay":205},"code":"ENOTFOUND","errno":-3008,"hostname":"sqs.us-east-1.amazonaws.com","syscall":"getaddrinfo"},"instanceId":"Abdullah-pc","level":"error","message":"Full error","service":"notification-worker-service","timestamp":"I6O8601","version":"1.0.0"}
{"environment":"development","error":{"$metadata":{"attempts":3,"totalRetryDelay":157},"code":"ENOTFOUND","errno":-3008,"hostname":"sqs.us-east-1.amazonaws.com","syscall":"getaddrinfo"},"instanceId":"Abdullah-pc","level":"error","message":"Full error","service":"worker-service","timestamp":"I6O8601","version":"1.0.0"}
{"environment":"development","error":"getaddrinfo ENOTFOUND sqs.us-east-1.amazonaws.com","instanceId":"Abdullah-pc","level":"error","message":"Error receiving messages","service":"worker-service","timestamp":"I8O8601","version":"1.0.0"}
{"environment":"development","error":"getaddrinfo ENOTFOUND sqs.us-east-1.amazonaws.com","instanceId":"Abdullah-pc","level":"error","message":"Error receiving messages","service":"notification-worker-service","timestamp":"I8O8601","version":"1.0.0"}
{"environment":"development","error":{"$metadata":{"attempts":3,"totalRetryDelay":173},"code":"ENOTFOUND","errno":-3008,"hostname":"sqs.us-east-1.amazonaws.com","syscall":"getaddrinfo"},"instanceId":"Abdullah-pc","level":"error","message":"Full error","service":"worker-service","timestamp":"I8O8601","version":"1.0.0"}
{"environment":"development","error":{"$metadata":{"attempts":3,"totalRetryDelay":179},"code":"ENOTFOUND","errno":-3008,"hostname":"sqs.us-east-1.amazonaws.com","syscall":"getaddrinfo"},"instanceId":"Abdullah-pc","level":"error","message":"Full error","service":"notification-worker-service","timestamp":"I8O8601","version":"1.0.0"}
{"environment":"development","error":"getaddrinfo ENOTFOUND sqs.us-east-1.amazonaws.com","instanceId":"Abdullah-pc","level":"error","message":"Error receiving messages","service":"notification-worker-service","timestamp":"I9O8601","version":"1.0.0"}
{"environment":"development","error":{"$metadata":{"attempts":3,"totalRetryDelay":70},"code":"ENOTFOUND","errno":-3008,"hostname":"sqs.us-east-1.amazonaws.com","syscall":"getaddrinfo"},"instanceId":"Abdullah-pc","level":"error","message":"Full error","service":"notification-worker-service","timestamp":"I9O8601","version":"1.0.0"}
{"environment":"development","error":"getaddrinfo ENOTFOUND sqs.us-east-1.amazonaws.com","instanceId":"Abdullah-pc","level":"error","message":"Error receiving messages","service":"worker-service","timestamp":"I9O8601","version":"1.0.0"}
{"environment":"development","error":{"$metadata":{"attempts":3,"totalRetryDelay":85},"code":"ENOTFOUND","errno":-3008,"hostname":"sqs.us-east-1.amazonaws.com","syscall":"getaddrinfo"},"instanceId":"Abdullah-pc","level":"error","message":"Full error","service":"worker-service","timestamp":"I9O8601","version":"1.0.0"}
{"environment":"development","error":"getaddrinfo ENOTFOUND sqs.us-east-1.amazonaws.com","instanceId":"Abdullah-pc","level":"error","message":"Error receiving messages","service":"notification-worker-service","timestamp":"I1O8601","version":"1.0.0"}
{"environment":"development","error":{"$metadata":{"attempts":3,"totalRetryDelay":129},"code":"ENOTFOUND","errno":-3008,"hostname":"sqs.us-east-1.amazonaws.com","syscall":"getaddrinfo"},"instanceId":"Abdullah-pc","level":"error","message":"Full error","service":"notification-worker-service","timestamp":"I1O8601","version":"1.0.0"}
{"environment":"development","error":"getaddrinfo ENOTFOUND sqs.us-east-1.amazonaws.com","instanceId":"Abdullah-pc","level":"error","message":"Error receiving messages","service":"worker-service","timestamp":"I2O8601","version":"1.0.0"}
{"environment":"development","error":{"$metadata":{"attempts":3,"totalRetryDelay":202},"code":"ENOTFOUND","errno":-3008,"hostname":"sqs.us-east-1.amazonaws.com","syscall":"getaddrinfo"},"instanceId":"Abdullah-pc","level":"error","message":"Full error","service":"worker-service","timestamp":"I2O8601","version":"1.0.0"}
{"environment":"development","error":"getaddrinfo ENOTFOUND sqs.us-east-1.amazonaws.com","instanceId":"Abdullah-pc","level":"error","message":"Error receiving messages","service":"notification-worker-service","timestamp":"I2O8601","version":"1.0.0"}
{"environment":"development","error":{"$metadata":{"attempts":3,"totalRetryDelay":101},"code":"ENOTFOUND","errno":-3008,"hostname":"sqs.us-east-1.amazonaws.com","syscall":"getaddrinfo"},"instanceId":"Abdullah-pc","level":"error","message":"Full error","service":"notification-worker-service","timestamp":"I2O8601","version":"1.0.0"}
{"environment":"development","error":"getaddrinfo ENOTFOUND sqs.us-east-1.amazonaws.com","instanceId":"Abdullah-pc","level":"error","message":"Error receiving messages","service":"worker-service","timestamp":"I3O8601","version":"1.0.0"}
{"environment":"development","error":{"$metadata":{"attempts":3,"totalRetryDelay":78},"code":"ENOTFOUND","errno":-3008,"hostname":"sqs.us-east-1.amazonaws.com","syscall":"getaddrinfo"},"instanceId":"Abdullah-pc","level":"error","message":"Full error","service":"worker-service","timestamp":"I3O8601","version":"1.0.0"}
{"environment":"development","error":"getaddrinfo ENOTFOUND sqs.us-east-1.amazonaws.com","instanceId":"Abdullah-pc","level":"error","message":"Error receiving messages","service":"notification-worker-service","timestamp":"I5O8601","version":"1.0.0"}
{"environment":"development","error":{"$metadata":{"attempts":3,"totalRetryDelay":210},"code":"ENOTFOUND","errno":-3008,"hostname":"sqs.us-east-1.amazonaws.com","syscall":"getaddrinfo"},"instanceId":"Abdullah-pc","level":"error","message":"Full error","service":"notification-worker-service","timestamp":"I5O8601","version":"1.0.0"}
{"environment":"development","error":"getaddrinfo ENOTFOUND sqs.us-east-1.amazonaws.com","instanceId":"Abdullah-pc","level":"error","message":"Error receiving messages","service":"worker-service","timestamp":"I6O8601","version":"1.0.0"}
{"environment":"development","error":{"$metadata":{"attempts":3,"totalRetryDelay":237},"code":"ENOTFOUND","errno":-3008,"hostname":"sqs.us-east-1.amazonaws.com","syscall":"getaddrinfo"},"instanceId":"Abdullah-pc","level":"error","message":"Full error","service":"worker-service","timestamp":"I6O8601","version":"1.0.0"}
{"environment":"development","error":"getaddrinfo ENOTFOUND sqs.us-east-1.amazonaws.com","instanceId":"Abdullah-pc","level":"error","message":"Error receiving messages","service":"notification-worker-service","timestamp":"I7O8601","version":"1.0.0"}
{"environment":"development","error":{"$metadata":{"attempts":3,"totalRetryDelay":187},"code":"ENOTFOUND","errno":-3008,"hostname":"sqs.us-east-1.amazonaws.com","syscall":"getaddrinfo"},"instanceId":"Abdullah-pc","level":"error","message":"Full error","service":"notification-worker-service","timestamp":"I7O8601","version":"1.0.0"}
{"environment":"development","error":"getaddrinfo ENOTFOUND sqs.us-east-1.amazonaws.com","instanceId":"Abdullah-pc","level":"error","message":"Error receiving messages","service":"notification-worker-service","timestamp":"I8O8601","version":"1.0.0"}
{"environment":"development","error":{"$metadata":{"attempts":3,"totalRetryDelay":34},"code":"ENOTFOUND","errno":-3008,"hostname":"sqs.us-east-1.amazonaws.com","syscall":"getaddrinfo"},"instanceId":"Abdullah-pc","level":"error","message":"Full error","service":"notification-worker-service","timestamp":"I8O8601","version":"1.0.0"}
{"environment":"development","error":"getaddrinfo ENOTFOUND sqs.us-east-1.amazonaws.com","instanceId":"Abdullah-pc","level":"error","message":"Error receiving messages","service":"worker-service","timestamp":"I9O8601","version":"1.0.0"}
{"environment":"development","error":{"$metadata":{"attempts":3,"totalRetryDelay":257},"code":"ENOTFOUND","errno":-3008,"hostname":"sqs.us-east-1.amazonaws.com","syscall":"getaddrinfo"},"instanceId":"Abdullah-pc","level":"error","message":"Full error","service":"worker-service","timestamp":"I9O8601","version":"1.0.0"}
{"environment":"development","error":"getaddrinfo ENOTFOUND sqs.us-east-1.amazonaws.com","instanceId":"Abdullah-pc","level":"error","message":"Error receiving messages","service":"notification-worker-service","timestamp":"I10O8601","version":"1.0.0"}
{"environment":"development","error":{"$metadata":{"attempts":3,"totalRetryDelay":167},"code":"ENOTFOUND","errno":-3008,"hostname":"sqs.us-east-1.amazonaws.com","syscall":"getaddrinfo"},"instanceId":"Abdullah-pc","level":"error","message":"Full error","service":"notification-worker-service","timestamp":"I10O8601","version":"1.0.0"}
{"environment":"development","error":"getaddrinfo ENOTFOUND sqs.us-east-1.amazonaws.com","instanceId":"Abdullah-pc","level":"error","message":"Error receiving messages","service":"worker-service","timestamp":"I10O8601","version":"1.0.0"}
{"environment":"development","error":{"$metadata":{"attempts":3,"totalRetryDelay":119},"code":"ENOTFOUND","errno":-3008,"hostname":"sqs.us-east-1.amazonaws.com","syscall":"getaddrinfo"},"instanceId":"Abdullah-pc","level":"error","message":"Full error","service":"worker-service","timestamp":"I10O8601","version":"1.0.0"}
{"environment":"development","error":"getaddrinfo ENOTFOUND sqs.us-east-1.amazonaws.com","instanceId":"Abdullah-pc","level":"error","message":"Error receiving messages","service":"notification-worker-service","timestamp":"I1O8601","version":"1.0.0"}
{"environment":"development","error":{"$metadata":{"attempts":3,"totalRetryDelay":73},"code":"ENOTFOUND","errno":-3008,"hostname":"sqs.us-east-1.amazonaws.com","syscall":"getaddrinfo"},"instanceId":"Abdullah-pc","level":"error","message":"Full error","service":"notification-worker-service","timestamp":"I1O8601","version":"1.0.0"}
{"environment":"development","error":"getaddrinfo ENOTFOUND sqs.us-east-1.amazonaws.com","instanceId":"Abdullah-pc","level":"error","message":"Error receiving messages","service":"worker-service","timestamp":"I3O8601","version":"1.0.0"}
{"environment":"development","error":{"$metadata":{"attempts":3,"totalRetryDelay":240},"code":"ENOTFOUND","errno":-3008,"hostname":"sqs.us-east-1.amazonaws.com","syscall":"getaddrinfo"},"instanceId":"Abdullah-pc","level":"error","message":"Full error","service":"worker-service","timestamp":"I3O8601","version":"1.0.0"}
{"environment":"development","error":"getaddrinfo ENOTFOUND sqs.us-east-1.amazonaws.com","instanceId":"Abdullah-pc","level":"error","message":"Error receiving messages","service":"notification-worker-service","timestamp":"I3O8601","version":"1.0.0"}
{"environment":"development","error":{"$metadata":{"attempts":3,"totalRetryDelay":183},"code":"ENOTFOUND","errno":-3008,"hostname":"sqs.us-east-1.amazonaws.com","syscall":"getaddrinfo"},"instanceId":"Abdullah-pc","level":"error","message":"Full error","service":"notification-worker-service","timestamp":"I3O8601","version":"1.0.0"}
{"environment":"development","error":"getaddrinfo ENOTFOUND sqs.us-east-1.amazonaws.com","instanceId":"Abdullah-pc","level":"error","message":"Error receiving messages","service":"notification-worker-service","timestamp":"I5O8601","version":"1.0.0"}
{"environment":"development","error":{"$metadata":{"attempts":3,"totalRetryDelay":208},"code":"ENOTFOUND","errno":-3008,"hostname":"sqs.us-east-1.amazonaws.com","syscall":"getaddrinfo"},"instanceId":"Abdullah-pc","level":"error","message":"Full error","service":"notification-worker-service","timestamp":"I5O8601","version":"1.0.0"}
{"environment":"development","error":"getaddrinfo ENOTFOUND sqs.us-east-1.amazonaws.com","instanceId":"Abdullah-pc","level":"error","message":"Error receiving messages","service":"worker-service","timestamp":"I5O8601","version":"1.0.0"}
{"environment":"development","error":{"$metadata":{"attempts":3,"totalRetryDelay":239},"code":"ENOTFOUND","errno":-3008,"hostname":"sqs.us-east-1.amazonaws.com","syscall":"getaddrinfo"},"instanceId":"Abdullah-pc","level":"error","message":"Full error","service":"worker-service","timestamp":"I5O8601","version":"1.0.0"}
{"environment":"development","error":"getaddrinfo ENOTFOUND sqs.us-east-1.amazonaws.com","instanceId":"Abdullah-pc","level":"error","message":"Error receiving messages","service":"notification-worker-service","timestamp":"I6O8601","version":"1.0.0"}
{"environment":"development","error":{"$metadata":{"attempts":3,"totalRetryDelay":98},"code":"ENOTFOUND","errno":-3008,"hostname":"sqs.us-east-1.amazonaws.com","syscall":"getaddrinfo"},"instanceId":"Abdullah-pc","level":"error","message":"Full error","service":"notification-worker-service","timestamp":"I6O8601","version":"1.0.0"}
{"environment":"development","error":"getaddrinfo ENOTFOUND sqs.us-east-1.amazonaws.com","instanceId":"Abdullah-pc","level":"error","message":"Error receiving messages","service":"worker-service","timestamp":"I7O8601","version":"1.0.0"}
{"environment":"development","error":{"$metadata":{"attempts":3,"totalRetryDelay":166},"code":"ENOTFOUND","errno":-3008,"hostname":"sqs.us-east-1.amazonaws.com","syscall":"getaddrinfo"},"instanceId":"Abdullah-pc","level":"error","message":"Full error","service":"worker-service","timestamp":"I7O8601","version":"1.0.0"}
{"environment":"development","error":"getaddrinfo ENOTFOUND sqs.us-east-1.amazonaws.com","instanceId":"Abdullah-pc","level":"error","message":"Error receiving messages","service":"worker-service","timestamp":"I9O8601","version":"1.0.0"}
{"environment":"development","error":{"$metadata":{"attempts":3,"totalRetryDelay":86},"code":"ENOTFOUND","errno":-3008,"hostname":"sqs.us-east-1.amazonaws.com","syscall":"getaddrinfo"},"instanceId":"Abdullah-pc","level":"error","message":"Full error","service":"worker-service","timestamp":"I9O8601","version":"1.0.0"}
{"environment":"development","error":"getaddrinfo ENOTFOUND sqs.us-east-1.amazonaws.com","instanceId":"Abdullah-pc","level":"error","message":"Error receiving messages","service":"notification-worker-service","timestamp":"I9O8601","version":"1.0.0"}
{"environment":"development","error":{"$metadata":{"attempts":3,"totalRetryDelay":259},"code":"ENOTFOUND","errno":-3008,"hostname":"sqs.us-east-1.amazonaws.com","syscall":"getaddrinfo"},"instanceId":"Abdullah-pc","level":"error","message":"Full error","service":"notification-worker-service","timestamp":"I9O8601","version":"1.0.0"}
{"environment":"development","error":"getaddrinfo ENOTFOUND sqs.us-east-1.amazonaws.com","instanceId":"Abdullah-pc","level":"error","message":"Error receiving messages","service":"notification-worker-service","timestamp":"I1O8601","version":"1.0.0"}
{"environment":"development","error":{"$metadata":{"attempts":3,"totalRetryDelay":74},"code":"ENOTFOUND","errno":-3008,"hostname":"sqs.us-east-1.amazonaws.com","syscall":"getaddrinfo"},"instanceId":"Abdullah-pc","level":"error","message":"Full error","service":"notification-worker-service","timestamp":"I1O8601","version":"1.0.0"}
{"environment":"development","error":"getaddrinfo ENOTFOUND sqs.us-east-1.amazonaws.com","instanceId":"Abdullah-pc","level":"error","message":"Error receiving messages","service":"worker-service","timestamp":"I1O8601","version":"1.0.0"}
{"environment":"development","error":{"$metadata":{"attempts":3,"totalRetryDelay":241},"code":"ENOTFOUND","errno":-3008,"hostname":"sqs.us-east-1.amazonaws.com","syscall":"getaddrinfo"},"instanceId":"Abdullah-pc","level":"error","message":"Full error","service":"worker-service","timestamp":"I1O8601","version":"1.0.0"}
{"environment":"development","error":"getaddrinfo ENOTFOUND sqs.us-east-1.amazonaws.com","instanceId":"Abdullah-pc","level":"error","message":"Error receiving messages","service":"notification-worker-service","timestamp":"I2O8601","version":"1.0.0"}
{"environment":"development","error":{"$metadata":{"attempts":3,"totalRetryDelay":103},"code":"ENOTFOUND","errno":-3008,"hostname":"sqs.us-east-1.amazonaws.com","syscall":"getaddrinfo"},"instanceId":"Abdullah-pc","level":"error","message":"Full error","service":"notification-worker-service","timestamp":"I2O8601","version":"1.0.0"}
{"environment":"development","error":"getaddrinfo ENOTFOUND sqs.us-east-1.amazonaws.com","instanceId":"Abdullah-pc","level":"error","message":"Error receiving messages","service":"worker-service","timestamp":"I2O8601","version":"1.0.0"}
{"environment":"development","error":{"$metadata":{"attempts":3,"totalRetryDelay":44},"code":"ENOTFOUND","errno":-3008,"hostname":"sqs.us-east-1.amazonaws.com","syscall":"getaddrinfo"},"instanceId":"Abdullah-pc","level":"error","message":"Full error","service":"worker-service","timestamp":"I2O8601","version":"1.0.0"}
{"environment":"development","error":"getaddrinfo ENOTFOUND sqs.us-east-1.amazonaws.com","instanceId":"Abdullah-pc","level":"error","message":"Error receiving messages","service":"notification-worker-service","timestamp":"I3O8601","version":"1.0.0"}
{"environment":"development","error":{"$metadata":{"attempts":3,"totalRetryDelay":57},"code":"ENOTFOUND","errno":-3008,"hostname":"sqs.us-east-1.amazonaws.com","syscall":"getaddrinfo"},"instanceId":"Abdullah-pc","level":"error","message":"Full error","service":"notification-worker-service","timestamp":"I3O8601","version":"1.0.0"}
{"environment":"development","error":"getaddrinfo ENOTFOUND sqs.us-east-1.amazonaws.com","instanceId":"Abdullah-pc","level":"error","message":"Error receiving messages","service":"notification-worker-service","timestamp":"I4O8601","version":"1.0.0"}
{"environment":"development","error":{"$metadata":{"attempts":3,"totalRetryDelay":69},"code":"ENOTFOUND","errno":-3008,"hostname":"sqs.us-east-1.amazonaws.com","syscall":"getaddrinfo"},"instanceId":"Abdullah-pc","level":"error","message":"Full error","service":"notification-worker-service","timestamp":"I4O8601","version":"1.0.0"}
{"environment":"development","error":"getaddrinfo ENOTFOUND sqs.us-east-1.amazonaws.com","instanceId":"Abdullah-pc","level":"error","message":"Error receiving messages","service":"worker-service","timestamp":"I5O8601","version":"1.0.0"}
{"environment":"development","error":{"$metadata":{"attempts":3,"totalRetryDelay":222},"code":"ENOTFOUND","errno":-3008,"hostname":"sqs.us-east-1.amazonaws.com","syscall":"getaddrinfo"},"instanceId":"Abdullah-pc","level":"error","message":"Full error","service":"worker-service","timestamp":"I5O8601","version":"1.0.0"}
{"environment":"development","error":"getaddrinfo ENOTFOUND sqs.us-east-1.amazonaws.com","instanceId":"Abdullah-pc","level":"error","message":"Error receiving messages","service":"notification-worker-service","timestamp":"I6O8601","version":"1.0.0"}
{"environment":"development","error":{"$metadata":{"attempts":3,"totalRetryDelay":137},"code":"ENOTFOUND","errno":-3008,"hostname":"sqs.us-east-1.amazonaws.com","syscall":"getaddrinfo"},"instanceId":"Abdullah-pc","level":"error","message":"Full error","service":"notification-worker-service","timestamp":"I6O8601","version":"1.0.0"}
{"environment":"development","error":"getaddrinfo ENOTFOUND sqs.us-east-1.amazonaws.com","instanceId":"Abdullah-pc","level":"error","message":"Error receiving messages","service":"worker-service","timestamp":"I7O8601","version":"1.0.0"}
{"environment":"development","error":{"$metadata":{"attempts":3,"totalRetryDelay":163},"code":"ENOTFOUND","errno":-3008,"hostname":"sqs.us-east-1.amazonaws.com","syscall":"getaddrinfo"},"instanceId":"Abdullah-pc","level":"error","message":"Full error","service":"worker-service","timestamp":"I7O8601","version":"1.0.0"}
{"environment":"development","error":"getaddrinfo ENOTFOUND sqs.us-east-1.amazonaws.com","instanceId":"Abdullah-pc","level":"error","message":"Error receiving messages","service":"notification-worker-service","timestamp":"I8O8601","version":"1.0.0"}
{"environment":"development","error":{"$metadata":{"attempts":3,"totalRetryDelay":178},"code":"ENOTFOUND","errno":-3008,"hostname":"sqs.us-east-1.amazonaws.com","syscall":"getaddrinfo"},"instanceId":"Abdullah-pc","level":"error","message":"Full error","service":"notification-worker-service","timestamp":"I8O8601","version":"1.0.0"}
{"environment":"development","error":"getaddrinfo ENOTFOUND sqs.us-east-1.amazonaws.com","instanceId":"Abdullah-pc","level":"error","message":"Error receiving messages","service":"worker-service","timestamp":"I9O8601","version":"1.0.0"}
{"environment":"development","error":{"$metadata":{"attempts":3,"totalRetryDelay":143},"code":"ENOTFOUND","errno":-3008,"hostname":"sqs.us-east-1.amazonaws.com","syscall":"getaddrinfo"},"instanceId":"Abdullah-pc","level":"error","message":"Full error","service":"worker-service","timestamp":"I9O8601","version":"1.0.0"}
{"environment":"development","error":"getaddrinfo ENOTFOUND sqs.us-east-1.amazonaws.com","instanceId":"Abdullah-pc","level":"error","message":"Error receiving messages","service":"notification-worker-service","timestamp":"I10O8601","version":"1.0.0"}
{"environment":"development","error":{"$metadata":{"attempts":3,"totalRetryDelay":173},"code":"ENOTFOUND","errno":-3008,"hostname":"sqs.us-east-1.amazonaws.com","syscall":"getaddrinfo"},"instanceId":"Abdullah-pc","level":"error","message":"Full error","service":"notification-worker-service","timestamp":"I10O8601","version":"1.0.0"}
{"environment":"development","error":"getaddrinfo ENOTFOUND sqs.us-east-1.amazonaws.com","instanceId":"Abdullah-pc","level":"error","message":"Error receiving messages","service":"worker-service","timestamp":"I10O8601","version":"1.0.0"}
{"environment":"development","error":{"$metadata":{"attempts":3,"totalRetryDelay":102},"code":"ENOTFOUND","errno":-3008,"hostname":"sqs.us-east-1.amazonaws.com","syscall":"getaddrinfo"},"instanceId":"Abdullah-pc","level":"error","message":"Full error","service":"worker-service","timestamp":"I10O8601","version":"1.0.0"}
{"environment":"development","error":"getaddrinfo ENOTFOUND sqs.us-east-1.amazonaws.com","instanceId":"Abdullah-pc","level":"error","message":"Error receiving messages","service":"notification-worker-service","timestamp":"I2O8601","version":"1.0.0"}
{"environment":"development","error":"getaddrinfo ENOTFOUND sqs.us-east-1.amazonaws.com","instanceId":"Abdullah-pc","level":"error","message":"Error receiving messages","service":"worker-service","timestamp":"I2O8601","version":"1.0.0"}
{"environment":"development","error":{"$metadata":{"attempts":3,"totalRetryDelay":166},"code":"ENOTFOUND","errno":-3008,"hostname":"sqs.us-east-1.amazonaws.com","syscall":"getaddrinfo"},"instanceId":"Abdullah-pc","level":"error","message":"Full error","service":"notification-worker-service","timestamp":"I2O8601","version":"1.0.0"}
{"environment":"development","error":{"$metadata":{"attempts":3,"totalRetryDelay":165},"code":"ENOTFOUND","errno":-3008,"hostname":"sqs.us-east-1.amazonaws.com","syscall":"getaddrinfo"},"instanceId":"Abdullah-pc","level":"error","message":"Full error","service":"worker-service","timestamp":"I2O8601","version":"1.0.0"}
{"environment":"development","error":"getaddrinfo ENOTFOUND sqs.us-east-1.amazonaws.com","instanceId":"Abdullah-pc","level":"error","message":"Error receiving messages","service":"notification-worker-service","timestamp":"I4O8601","version":"1.0.0"}
{"environment":"development","error":{"$metadata":{"attempts":3,"totalRetryDelay":166},"code":"ENOTFOUND","errno":-3008,"hostname":"sqs.us-east-1.amazonaws.com","syscall":"getaddrinfo"},"instanceId":"Abdullah-pc","level":"error","message":"Full error","service":"notification-worker-service","timestamp":"I4O8601","version":"1.0.0"}
{"environment":"development","error":"getaddrinfo ENOTFOUND sqs.us-east-1.amazonaws.com","instanceId":"Abdullah-pc","level":"error","message":"Error receiving messages","service":"worker-service","timestamp":"I5O8601","version":"1.0.0"}
{"environment":"development","error":{"$metadata":{"attempts":3,"totalRetryDelay":248},"code":"ENOTFOUND","errno":-3008,"hostname":"sqs.us-east-1.amazonaws.com","syscall":"getaddrinfo"},"instanceId":"Abdullah-pc","level":"error","message":"Full error","service":"worker-service","timestamp":"I5O8601","version":"1.0.0"}
{"environment":"development","error":"getaddrinfo ENOTFOUND sqs.us-east-1.amazonaws.com","instanceId":"Abdullah-pc","level":"error","message":"Error receiving messages","service":"worker-service","timestamp":"I6O8601","version":"1.0.0"}
{"environment":"development","error":{"$metadata":{"attempts":3,"totalRetryDelay":77},"code":"ENOTFOUND","errno":-3008,"hostname":"sqs.us-east-1.amazonaws.com","syscall":"getaddrinfo"},"instanceId":"Abdullah-pc","level":"error","message":"Full error","service":"worker-service","timestamp":"I6O8601","version":"1.0.0"}
{"environment":"development","error":"getaddrinfo ENOTFOUND sqs.us-east-1.amazonaws.com","instanceId":"Abdullah-pc","level":"error","message":"Error receiving messages","service":"notification-worker-service","timestamp":"I6O8601","version":"1.0.0"}
{"environment":"development","error":{"$metadata":{"attempts":3,"totalRetryDelay":229},"code":"ENOTFOUND","errno":-3008,"hostname":"sqs.us-east-1.amazonaws.com","syscall":"getaddrinfo"},"instanceId":"Abdullah-pc","level":"error","message":"Full error","service":"notification-worker-service","timestamp":"I6O8601","version":"1.0.0"}
{"environment":"development","error":"getaddrinfo ENOTFOUND sqs.us-east-1.amazonaws.com","instanceId":"Abdullah-pc","level":"error","message":"Error receiving messages","service":"worker-service","timestamp":"I7O8601","version":"1.0.0"}
{"environment":"development","error":{"$metadata":{"attempts":3,"totalRetryDelay":113},"code":"ENOTFOUND","errno":-3008,"hostname":"sqs.us-east-1.amazonaws.com","syscall":"getaddrinfo"},"instanceId":"Abdullah-pc","level":"error","message":"Full error","service":"worker-service","timestamp":"I7O8601","version":"1.0.0"}
{"environment":"development","error":"getaddrinfo ENOTFOUND sqs.us-east-1.amazonaws.com","instanceId":"Abdullah-pc","level":"error","message":"Error receiving messages","service":"notification-worker-service","timestamp":"I8O8601","version":"1.0.0"}
{"environment":"development","error":{"$metadata":{"attempts":3,"totalRetryDelay":174},"code":"ENOTFOUND","errno":-3008,"hostname":"sqs.us-east-1.amazonaws.com","syscall":"getaddrinfo"},"instanceId":"Abdullah-pc","level":"error","message":"Full error","service":"notification-worker-service","timestamp":"I8O8601","version":"1.0.0"}
{"environment":"development","error":"getaddrinfo ENOTFOUND sqs.us-east-1.amazonaws.com","instanceId":"Abdullah-pc","level":"error","message":"Error receiving messages","service":"worker-service","timestamp":"I9O8601","version":"1.0.0"}
{"environment":"development","error":{"$metadata":{"attempts":3,"totalRetryDelay":105},"code":"ENOTFOUND","errno":-3008,"hostname":"sqs.us-east-1.amazonaws.com","syscall":"getaddrinfo"},"instanceId":"Abdullah-pc","level":"error","message":"Full error","service":"worker-service","timestamp":"I9O8601","version":"1.0.0"}
{"environment":"development","error":"getaddrinfo ENOTFOUND sqs.us-east-1.amazonaws.com","instanceId":"Abdullah-pc","level":"error","message":"Error receiving messages","service":"worker-service","timestamp":"I9O8601","version":"1.0.0"}
{"environment":"development","error":{"$metadata":{"attempts":3,"totalRetryDelay":41},"code":"ENOTFOUND","errno":-3008,"hostname":"sqs.us-east-1.amazonaws.com","syscall":"getaddrinfo"},"instanceId":"Abdullah-pc","level":"error","message":"Full error","service":"worker-service","timestamp":"I9O8601","version":"1.0.0"}
{"environment":"development","error":"getaddrinfo ENOTFOUND sqs.us-east-1.amazonaws.com","instanceId":"Abdullah-pc","level":"error","message":"Error receiving messages","service":"notification-worker-service","timestamp":"I1O8601","version":"1.0.0"}
{"environment":"development","error":{"$metadata":{"attempts":3,"totalRetryDelay":184},"code":"ENOTFOUND","errno":-3008,"hostname":"sqs.us-east-1.amazonaws.com","syscall":"getaddrinfo"},"instanceId":"Abdullah-pc","level":"error","message":"Full error","service":"notification-worker-service","timestamp":"I1O8601","version":"1.0.0"}
{"environment":"development","error":"getaddrinfo ENOTFOUND sqs.us-east-1.amazonaws.com","instanceId":"Abdullah-pc","level":"error","message":"Error receiving messages","service":"worker-service","timestamp":"I2O8601","version":"1.0.0"}
{"environment":"development","error":{"$metadata":{"attempts":3,"totalRetryDelay":183},"code":"ENOTFOUND","errno":-3008,"hostname":"sqs.us-east-1.amazonaws.com","syscall":"getaddrinfo"},"instanceId":"Abdullah-pc","level":"error","message":"Full error","service":"worker-service","timestamp":"I2O8601","version":"1.0.0"}
{"environment":"development","error":"getaddrinfo ENOTFOUND sqs.us-east-1.amazonaws.com","instanceId":"Abdullah-pc","level":"error","message":"Error receiving messages","service":"worker-service","timestamp":"I2O8601","version":"1.0.0"}
{"environment":"development","error":{"$metadata":{"attempts":3,"totalRetryDelay":24},"code":"ENOTFOUND","errno":-3008,"hostname":"sqs.us-east-1.amazonaws.com","syscall":"getaddrinfo"},"instanceId":"Abdullah-pc","level":"error","message":"Full error","service":"worker-service","timestamp":"I2O8601","version":"1.0.0"}
{"environment":"development","error":"getaddrinfo ENOTFOUND sqs.us-east-1.amazonaws.com","instanceId":"Abdullah-pc","level":"error","message":"Error receiving messages","service":"notification-worker-service","timestamp":"I2O8601","version":"1.0.0"}
{"environment":"development","error":{"$metadata":{"attempts":3,"totalRetryDelay":161},"code":"ENOTFOUND","errno":-3008,"hostname":"sqs.us-east-1.amazonaws.com","syscall":"getaddrinfo"},"instanceId":"Abdullah-pc","level":"error","message":"Full error","service":"notification-worker-service","timestamp":"I2O8601","version":"1.0.0"}
{"environment":"development","error":"getaddrinfo ENOTFOUND sqs.us-east-1.amazonaws.com","instanceId":"Abdullah-pc","level":"error","message":"Error receiving messages","service":"worker-service","timestamp":"I4O8601","version":"1.0.0"}
{"environment":"development","error":"getaddrinfo ENOTFOUND sqs.us-east-1.amazonaws.com","instanceId":"Abdullah-pc","level":"error","message":"Error receiving messages","service":"notification-worker-service","timestamp":"I4O8601","version":"1.0.0"}
{"environment":"development","error":{"$metadata":{"attempts":3,"totalRetryDelay":115},"code":"ENOTFOUND","errno":-3008,"hostname":"sqs.us-east-1.amazonaws.com","syscall":"getaddrinfo"},"instanceId":"Abdullah-pc","level":"error","message":"Full error","service":"notification-worker-service","timestamp":"I4O8601","version":"1.0.0"}
{"environment":"development","error":{"$metadata":{"attempts":3,"totalRetryDelay":145},"code":"ENOTFOUND","errno":-3008,"hostname":"sqs.us-east-1.amazonaws.com","syscall":"getaddrinfo"},"instanceId":"Abdullah-pc","level":"error","message":"Full error","service":"worker-service","timestamp":"I4O8601","version":"1.0.0"}
{"environment":"development","error":"getaddrinfo ENOTFOUND sqs.us-east-1.amazonaws.com","instanceId":"Abdullah-pc","level":"error","message":"Error receiving messages","service":"notification-worker-service","timestamp":"I6O8601","version":"1.0.0"}
{"environment":"development","error":{"$metadata":{"attempts":3,"totalRetryDelay":196},"code":"ENOTFOUND","errno":-3008,"hostname":"sqs.us-east-1.amazonaws.com","syscall":"getaddrinfo"},"instanceId":"Abdullah-pc","level":"error","message":"Full error","service":"notification-worker-service","timestamp":"I6O8601","version":"1.0.0"}
{"environment":"development","error":"getaddrinfo ENOTFOUND sqs.us-east-1.amazonaws.com","instanceId":"Abdullah-pc","level":"error","message":"Error receiving messages","service":"worker-service","timestamp":"I7O8601","version":"1.0.0"}
{"environment":"development","error":{"$metadata":{"attempts":3,"totalRetryDelay":288},"code":"ENOTFOUND","errno":-3008,"hostname":"sqs.us-east-1.amazonaws.com","syscall":"getaddrinfo"},"instanceId":"Abdullah-pc","level":"error","message":"Full error","service":"worker-service","timestamp":"I7O8601","version":"1.0.0"}
{"environment":"development","error":"getaddrinfo ENOTFOUND sqs.us-east-1.amazonaws.com","instanceId":"Abdullah-pc","level":"error","message":"Error receiving messages","service":"notification-worker-service","timestamp":"I8O8601","version":"1.0.0"}
{"environment":"development","error":{"$metadata":{"attempts":3,"totalRetryDelay":164},"code":"ENOTFOUND","errno":-3008,"hostname":"sqs.us-east-1.amazonaws.com","syscall":"getaddrinfo"},"instanceId":"Abdullah-pc","level":"error","message":"Full error","service":"notification-worker-service","timestamp":"I8O8601","version":"1.0.0"}
{"environment":"development","error":"getaddrinfo ENOTFOUND sqs.us-east-1.amazonaws.com","instanceId":"Abdullah-pc","level":"error","message":"Error receiving messages","service":"worker-service","timestamp":"I10O8601","version":"1.0.0"}
{"environment":"development","error":{"$metadata":{"attempts":3,"totalRetryDelay":239},"code":"ENOTFOUND","errno":-3008,"hostname":"sqs.us-east-1.amazonaws.com","syscall":"getaddrinfo"},"instanceId":"Abdullah-pc","level":"error","message":"Full error","service":"worker-service","timestamp":"I10O8601","version":"1.0.0"}
{"environment":"development","error":"getaddrinfo ENOTFOUND sqs.us-east-1.amazonaws.com","instanceId":"Abdullah-pc","level":"error","message":"Error receiving messages","service":"notification-worker-service","timestamp":"I0O8601","version":"1.0.0"}
{"environment":"development","error":{"$metadata":{"attempts":3,"totalRetryDelay":194},"code":"ENOTFOUND","errno":-3008,"hostname":"sqs.us-east-1.amazonaws.com","syscall":"getaddrinfo"},"instanceId":"Abdullah-pc","level":"error","message":"Full error","service":"notification-worker-service","timestamp":"I0O8601","version":"1.0.0"}
{"environment":"development","error":"getaddrinfo ENOTFOUND sqs.us-east-1.amazonaws.com","instanceId":"Abdullah-pc","level":"error","message":"Error receiving messages","service":"worker-service","timestamp":"I2O8601","version":"1.0.0"}
{"environment":"development","error":{"$metadata":{"attempts":3,"totalRetryDelay":232},"code":"ENOTFOUND","errno":-3008,"hostname":"sqs.us-east-1.amazonaws.com","syscall":"getaddrinfo"},"instanceId":"Abdullah-pc","level":"error","message":"Full error","service":"worker-service","timestamp":"I2O8601","version":"1.0.0"}
{"environment":"development","error":"getaddrinfo ENOTFOUND sqs.us-east-1.amazonaws.com","instanceId":"Abdullah-pc","level":"error","message":"Error receiving messages","service":"notification-worker-service","timestamp":"I3O8601","version":"1.0.0"}
{"environment":"development","error":{"$metadata":{"attempts":3,"totalRetryDelay":225},"code":"ENOTFOUND","errno":-3008,"hostname":"sqs.us-east-1.amazonaws.com","syscall":"getaddrinfo"},"instanceId":"Abdullah-pc","level":"error","message":"Full error","service":"notification-worker-service","timestamp":"I3O8601","version":"1.0.0"}
{"environment":"development","error":"getaddrinfo ENOTFOUND sqs.us-east-1.amazonaws.com","instanceId":"Abdullah-pc","level":"error","message":"Error receiving messages","service":"worker-service","timestamp":"I4O8601","version":"1.0.0"}
{"environment":"development","error":{"$metadata":{"attempts":3,"totalRetryDelay":118},"code":"ENOTFOUND","errno":-3008,"hostname":"sqs.us-east-1.amazonaws.com","syscall":"getaddrinfo"},"instanceId":"Abdullah-pc","level":"error","message":"Full error","service":"worker-service","timestamp":"I4O8601","version":"1.0.0"}
{"environment":"development","error":"getaddrinfo ENOTFOUND sqs.us-east-1.amazonaws.com","instanceId":"Abdullah-pc","level":"error","message":"Error receiving messages","service":"notification-worker-service","timestamp":"I5O8601","version":"1.0.0"}
{"environment":"development","error":{"$metadata":{"attempts":3,"totalRetryDelay":216},"code":"ENOTFOUND","errno":-3008,"hostname":"sqs.us-east-1.amazonaws.com","syscall":"getaddrinfo"},"instanceId":"Abdullah-pc","level":"error","message":"Full error","service":"notification-worker-service","timestamp":"I5O8601","version":"1.0.0"}
{"environment":"development","error":"getaddrinfo ENOTFOUND sqs.us-east-1.amazonaws.com","instanceId":"Abdullah-pc","level":"error","message":"Error receiving messages","service":"worker-service","timestamp":"I6O8601","version":"1.0.0"}
{"environment":"development","error":{"$metadata":{"attempts":3,"totalRetryDelay":205},"code":"ENOTFOUND","errno":-3008,"hostname":"sqs.us-east-1.amazonaws.com","syscall":"getaddrinfo"},"instanceId":"Abdullah-pc","level":"error","message":"Full error","service":"worker-service","timestamp":"I6O8601","version":"1.0.0"}
{"environment":"development","error":"getaddrinfo ENOTFOUND sqs.us-east-1.amazonaws.com","instanceId":"Abdullah-pc","level":"error","message":"Error receiving messages","service":"worker-service","timestamp":"I7O8601","version":"1.0.0"}
{"environment":"development","error":{"$metadata":{"attempts":3,"totalRetryDelay":77},"code":"ENOTFOUND","errno":-3008,"hostname":"sqs.us-east-1.amazonaws.com","syscall":"getaddrinfo"},"instanceId":"Abdullah-pc","level":"error","message":"Full error","service":"worker-service","timestamp":"I8O8601","version":"1.0.0"}
{"environment":"development","error":"getaddrinfo ENOTFOUND sqs.us-east-1.amazonaws.com","instanceId":"Abdullah-pc","level":"error","message":"Error receiving messages","service":"notification-worker-service","timestamp":"I8O8601","version":"1.0.0"}
{"environment":"development","error":{"$metadata":{"attempts":3,"totalRetryDelay":236},"code":"ENOTFOUND","errno":-3008,"hostname":"sqs.us-east-1.amazonaws.com","syscall":"getaddrinfo"},"instanceId":"Abdullah-pc","level":"error","message":"Full error","service":"notification-worker-service","timestamp":"I8O8601","version":"1.0.0"}
{"environment":"development","error":"getaddrinfo ENOTFOUND sqs.us-east-1.amazonaws.com","instanceId":"Abdullah-pc","level":"error","message":"Error receiving messages","service":"notification-worker-service","timestamp":"I10O8601","version":"1.0.0"}
{"environment":"development","error":{"$metadata":{"attempts":3,"totalRetryDelay":168},"code":"ENOTFOUND","errno":-3008,"hostname":"sqs.us-east-1.amazonaws.com","syscall":"getaddrinfo"},"instanceId":"Abdullah-pc","level":"error","message":"Full error","service":"notification-worker-service","timestamp":"I10O8601","version":"1.0.0"}
{"environment":"development","error":"getaddrinfo ENOTFOUND sqs.us-east-1.amazonaws.com","instanceId":"Abdullah-pc","level":"error","message":"Error receiving messages","service":"worker-service","timestamp":"I1O8601","version":"1.0.0"}
{"environment":"development","error":{"$metadata":{"attempts":3,"totalRetryDelay":280},"code":"ENOTFOUND","errno":-3008,"hostname":"sqs.us-east-1.amazonaws.com","syscall":"getaddrinfo"},"instanceId":"Abdullah-pc","level":"error","message":"Full error","service":"worker-service","timestamp":"I1O8601","version":"1.0.0"}
{"environment":"development","error":"getaddrinfo ENOTFOUND sqs.us-east-1.amazonaws.com","instanceId":"Abdullah-pc","level":"error","message":"Error receiving messages","service":"notification-worker-service","timestamp":"I2O8601","version":"1.0.0"}
{"environment":"development","error":{"$metadata":{"attempts":3,"totalRetryDelay":132},"code":"ENOTFOUND","errno":-3008,"hostname":"sqs.us-east-1.amazonaws.com","syscall":"getaddrinfo"},"instanceId":"Abdullah-pc","level":"error","message":"Full error","service":"notification-worker-service","timestamp":"I2O8601","version":"1.0.0"}
{"environment":"development","error":"getaddrinfo ENOTFOUND sqs.us-east-1.amazonaws.com","instanceId":"Abdullah-pc","level":"error","message":"Error receiving messages","service":"worker-service","timestamp":"I2O8601","version":"1.0.0"}
{"environment":"development","error":{"$metadata":{"attempts":3,"totalRetryDelay":156},"code":"ENOTFOUND","errno":-3008,"hostname":"sqs.us-east-1.amazonaws.com","syscall":"getaddrinfo"},"instanceId":"Abdullah-pc","level":"error","message":"Full error","service":"worker-service","timestamp":"I3O8601","version":"1.0.0"}
{"environment":"development","error":"getaddrinfo ENOTFOUND sqs.us-east-1.amazonaws.com","instanceId":"Abdullah-pc","level":"error","message":"Error receiving messages","service":"notification-worker-service","timestamp":"I3O8601","version":"1.0.0"}
{"environment":"development","error":{"$metadata":{"attempts":3,"totalRetryDelay":116},"code":"ENOTFOUND","errno":-3008,"hostname":"sqs.us-east-1.amazonaws.com","syscall":"getaddrinfo"},"instanceId":"Abdullah-pc","level":"error","message":"Full error","service":"notification-worker-service","timestamp":"I3O8601","version":"1.0.0"}
{"environment":"development","error":"getaddrinfo ENOTFOUND sqs.us-east-1.amazonaws.com","instanceId":"Abdullah-pc","level":"error","message":"Error receiving messages","service":"worker-service","timestamp":"I4O8601","version":"1.0.0"}
{"environment":"development","error":{"$metadata":{"attempts":3,"totalRetryDelay":106},"code":"ENOTFOUND","errno":-3008,"hostname":"sqs.us-east-1.amazonaws.com","syscall":"getaddrinfo"},"instanceId":"Abdullah-pc","level":"error","message":"Full error","service":"worker-service","timestamp":"I4O8601","version":"1.0.0"}
{"environment":"development","error":"getaddrinfo ENOTFOUND sqs.us-east-1.amazonaws.com","instanceId":"Abdullah-pc","level":"error","message":"Error receiving messages","service":"notification-worker-service","timestamp":"I6O8601","version":"1.0.0"}
{"environment":"development","error":{"$metadata":{"attempts":3,"totalRetryDelay":241},"code":"ENOTFOUND","errno":-3008,"hostname":"sqs.us-east-1.amazonaws.com","syscall":"getaddrinfo"},"instanceId":"Abdullah-pc","level":"error","message":"Full error","service":"notification-worker-service","timestamp":"I6O8601","version":"1.0.0"}
{"environment":"development","error":"getaddrinfo ENOTFOUND sqs.us-east-1.amazonaws.com","instanceId":"Abdullah-pc","level":"error","message":"Error receiving messages","service":"notification-worker-service","timestamp":"I6O8601","version":"1.0.0"}
{"environment":"development","error":{"$metadata":{"attempts":3,"totalRetryDelay":48},"code":"ENOTFOUND","errno":-3008,"hostname":"sqs.us-east-1.amazonaws.com","syscall":"getaddrinfo"},"instanceId":"Abdullah-pc","level":"error","message":"Full error","service":"notification-worker-service","timestamp":"I7O8601","version":"1.0.0"}
{"environment":"development","error":"getaddrinfo ENOTFOUND sqs.us-east-1.amazonaws.com","instanceId":"Abdullah-pc","level":"error","message":"Error receiving messages","service":"worker-service","timestamp":"I7O8601","version":"1.0.0"}
{"environment":"development","error":{"$metadata":{"attempts":3,"totalRetryDelay":281},"code":"ENOTFOUND","errno":-3008,"hostname":"sqs.us-east-1.amazonaws.com","syscall":"getaddrinfo"},"instanceId":"Abdullah-pc","level":"error","message":"Full error","service":"worker-service","timestamp":"I7O8601","version":"1.0.0"}
{"environment":"development","error":"getaddrinfo ENOTFOUND sqs.us-east-1.amazonaws.com","instanceId":"Abdullah-pc","level":"error","message":"Error receiving messages","service":"notification-worker-service","timestamp":"I8O8601","version":"1.0.0"}
{"environment":"development","error":{"$metadata":{"attempts":3,"totalRetryDelay":84},"code":"ENOTFOUND","errno":-3008,"hostname":"sqs.us-east-1.amazonaws.com","syscall":"getaddrinfo"},"instanceId":"Abdullah-pc","level":"error","message":"Full error","service":"notification-worker-service","timestamp":"I8O8601","version":"1.0.0"}
{"environment":"development","error":"getaddrinfo ENOTFOUND sqs.us-east-1.amazonaws.com","instanceId":"Abdullah-pc","level":"error","message":"Error receiving messages","service":"worker-service","timestamp":"I9O8601","version":"1.0.0"}
{"environment":"development","error":{"$metadata":{"attempts":3,"totalRetryDelay":151},"code":"ENOTFOUND","errno":-3008,"hostname":"sqs.us-east-1.amazonaws.com","syscall":"getaddrinfo"},"instanceId":"Abdullah-pc","level":"error","message":"Full error","service":"worker-service","timestamp":"I9O8601","version":"1.0.0"}
{"environment":"development","error":"getaddrinfo ENOTFOUND sqs.us-east-1.amazonaws.com","instanceId":"Abdullah-pc","level":"error","message":"Error receiving messages","service":"notification-worker-service","timestamp":"I9O8601","version":"1.0.0"}
{"environment":"development","error":{"$metadata":{"attempts":3,"totalRetryDelay":96},"code":"ENOTFOUND","errno":-3008,"hostname":"sqs.us-east-1.amazonaws.com","syscall":"getaddrinfo"},"instanceId":"Abdullah-pc","level":"error","message":"Full error","service":"notification-worker-service","timestamp":"I9O8601","version":"1.0.0"}
{"environment":"development","error":"getaddrinfo ENOTFOUND sqs.us-east-1.amazonaws.com","instanceId":"Abdullah-pc","level":"error","message":"Error receiving messages","service":"worker-service","timestamp":"I9O8601","version":"1.0.0"}
{"environment":"development","error":{"$metadata":{"attempts":3,"totalRetryDelay":56},"code":"ENOTFOUND","errno":-3008,"hostname":"sqs.us-east-1.amazonaws.com","syscall":"getaddrinfo"},"instanceId":"Abdullah-pc","level":"error","message":"Full error","service":"worker-service","timestamp":"I9O8601","version":"1.0.0"}
{"environment":"development","error":"getaddrinfo ENOTFOUND sqs.us-east-1.amazonaws.com","instanceId":"Abdullah-pc","level":"error","message":"Error receiving messages","service":"notification-worker-service","timestamp":"I10O8601","version":"1.0.0"}
{"environment":"development","error":{"$metadata":{"attempts":3,"totalRetryDelay":59},"code":"ENOTFOUND","errno":-3008,"hostname":"sqs.us-east-1.amazonaws.com","syscall":"getaddrinfo"},"instanceId":"Abdullah-pc","level":"error","message":"Full error","service":"notification-worker-service","timestamp":"I10O8601","version":"1.0.0"}
{"environment":"development","error":"getaddrinfo ENOTFOUND sqs.us-east-1.amazonaws.com","instanceId":"Abdullah-pc","level":"error","message":"Error receiving messages","service":"worker-service","timestamp":"I2O8601","version":"1.0.0"}
{"environment":"development","error":"getaddrinfo ENOTFOUND sqs.us-east-1.amazonaws.com","instanceId":"Abdullah-pc","level":"error","message":"Error receiving messages","service":"notification-worker-service","timestamp":"I2O8601","version":"1.0.0"}
{"environment":"development","error":{"$metadata":{"attempts":3,"totalRetryDelay":181},"code":"ENOTFOUND","errno":-3008,"hostname":"sqs.us-east-1.amazonaws.com","syscall":"getaddrinfo"},"instanceId":"Abdullah-pc","level":"error","message":"Full error","service":"worker-service","timestamp":"I2O8601","version":"1.0.0"}
{"environment":"development","error":{"$metadata":{"attempts":3,"totalRetryDelay":139},"code":"ENOTFOUND","errno":-3008,"hostname":"sqs.us-east-1.amazonaws.com","syscall":"getaddrinfo"},"instanceId":"Abdullah-pc","level":"error","message":"Full error","service":"notification-worker-service","timestamp":"I2O8601","version":"1.0.0"}
{"environment":"development","error":"getaddrinfo ENOTFOUND sqs.us-east-1.amazonaws.com","instanceId":"Abdullah-pc","level":"error","message":"Error receiving messages","service":"worker-service","timestamp":"I3O8601","version":"1.0.0"}
{"environment":"development","error":{"$metadata":{"attempts":3,"totalRetryDelay":86},"code":"ENOTFOUND","errno":-3008,"hostname":"sqs.us-east-1.amazonaws.com","syscall":"getaddrinfo"},"instanceId":"Abdullah-pc","level":"error","message":"Full error","service":"worker-service","timestamp":"I3O8601","version":"1.0.0"}
{"environment":"development","error":"getaddrinfo ENOTFOUND sqs.us-east-1.amazonaws.com","instanceId":"Abdullah-pc","level":"error","message":"Error receiving messages","service":"notification-worker-service","timestamp":"I4O8601","version":"1.0.0"}
{"environment":"development","error":{"$metadata":{"attempts":3,"totalRetryDelay":141},"code":"ENOTFOUND","errno":-3008,"hostname":"sqs.us-east-1.amazonaws.com","syscall":"getaddrinfo"},"instanceId":"Abdullah-pc","level":"error","message":"Full error","service":"notification-worker-service","timestamp":"I4O8601","version":"1.0.0"}
{"environment":"development","error":"getaddrinfo ENOTFOUND sqs.us-east-1.amazonaws.com","instanceId":"Abdullah-pc","level":"error","message":"Error receiving messages","service":"notification-worker-service","timestamp":"I5O8601","version":"1.0.0"}
{"environment":"development","error":{"$metadata":{"attempts":3,"totalRetryDelay":130},"code":"ENOTFOUND","errno":-3008,"hostname":"sqs.us-east-1.amazonaws.com","syscall":"getaddrinfo"},"instanceId":"Abdullah-pc","level":"error","message":"Full error","service":"notification-worker-service","timestamp":"I5O8601","version":"1.0.0"}
{"environment":"development","error":"getaddrinfo ENOTFOUND sqs.us-east-1.amazonaws.com","instanceId":"Abdullah-pc","level":"error","message":"Error receiving messages","service":"worker-service","timestamp":"I6O8601","version":"1.0.0"}
{"environment":"development","error":{"$metadata":{"attempts":3,"totalRetryDelay":230},"code":"ENOTFOUND","errno":-3008,"hostname":"sqs.us-east-1.amazonaws.com","syscall":"getaddrinfo"},"instanceId":"Abdullah-pc","level":"error","message":"Full error","service":"worker-service","timestamp":"I6O8601","version":"1.0.0"}
{"environment":"development","error":"getaddrinfo ENOTFOUND sqs.us-east-1.amazonaws.com","instanceId":"Abdullah-pc","level":"error","message":"Error receiving messages","service":"worker-service","timestamp":"I7O8601","version":"1.0.0"}
{"environment":"development","error":{"$metadata":{"attempts":3,"totalRetryDelay":127},"code":"ENOTFOUND","errno":-3008,"hostname":"sqs.us-east-1.amazonaws.com","syscall":"getaddrinfo"},"instanceId":"Abdullah-pc","level":"error","message":"Full error","service":"worker-service","timestamp":"I7O8601","version":"1.0.0"}
{"environment":"development","error":"getaddrinfo ENOTFOUND sqs.us-east-1.amazonaws.com","instanceId":"Abdullah-pc","level":"error","message":"Error receiving messages","service":"notification-worker-service","timestamp":"I7O8601","version":"1.0.0"}
{"environment":"development","error":{"$metadata":{"attempts":3,"totalRetryDelay":208},"code":"ENOTFOUND","errno":-3008,"hostname":"sqs.us-east-1.amazonaws.com","syscall":"getaddrinfo"},"instanceId":"Abdullah-pc","level":"error","message":"Full error","service":"notification-worker-service","timestamp":"I7O8601","version":"1.0.0"}
{"environment":"development","error":"getaddrinfo ENOTFOUND sqs.us-east-1.amazonaws.com","instanceId":"Abdullah-pc","level":"error","message":"Error receiving messages","service":"worker-service","timestamp":"I9O8601","version":"1.0.0"}
{"environment":"development","error":{"$metadata":{"attempts":3,"totalRetryDelay":127},"code":"ENOTFOUND","errno":-3008,"hostname":"sqs.us-east-1.amazonaws.com","syscall":"getaddrinfo"},"instanceId":"Abdullah-pc","level":"error","message":"Full error","service":"worker-service","timestamp":"I9O8601","version":"1.0.0"}
{"environment":"development","error":"getaddrinfo ENOTFOUND sqs.us-east-1.amazonaws.com","instanceId":"Abdullah-pc","level":"error","message":"Error receiving messages","service":"worker-service","timestamp":"I9O8601","version":"1.0.0"}
{"environment":"development","error":{"$metadata":{"attempts":3,"totalRetryDelay":35},"code":"ENOTFOUND","errno":-3008,"hostname":"sqs.us-east-1.amazonaws.com","syscall":"getaddrinfo"},"instanceId":"Abdullah-pc","level":"error","message":"Full error","service":"worker-service","timestamp":"I9O8601","version":"1.0.0"}
{"environment":"development","error":"getaddrinfo ENOTFOUND sqs.us-east-1.amazonaws.com","instanceId":"Abdullah-pc","level":"error","message":"Error receiving messages","service":"notification-worker-service","timestamp":"I0O8601","version":"1.0.0"}
{"environment":"development","error":{"$metadata":{"attempts":3,"totalRetryDelay":245},"code":"ENOTFOUND","errno":-3008,"hostname":"sqs.us-east-1.amazonaws.com","syscall":"getaddrinfo"},"instanceId":"Abdullah-pc","level":"error","message":"Full error","service":"notification-worker-service","timestamp":"I0O8601","version":"1.0.0"}
{"environment":"development","error":"getaddrinfo ENOTFOUND sqs.us-east-1.amazonaws.com","instanceId":"Abdullah-pc","level":"error","message":"Error receiving messages","service":"notification-worker-service","timestamp":"I1O8601","version":"1.0.0"}
{"environment":"development","error":{"$metadata":{"attempts":3,"totalRetryDelay":75},"code":"ENOTFOUND","errno":-3008,"hostname":"sqs.us-east-1.amazonaws.com","syscall":"getaddrinfo"},"instanceId":"Abdullah-pc","level":"error","message":"Full error","service":"notification-worker-service","timestamp":"I1O8601","version":"1.0.0"}
{"environment":"development","error":"getaddrinfo ENOTFOUND sqs.us-east-1.amazonaws.com","instanceId":"Abdullah-pc","level":"error","message":"Error receiving messages","service":"worker-service","timestamp":"I2O8601","version":"1.0.0"}
{"environment":"development","error":{"$metadata":{"attempts":3,"totalRetryDelay":199},"code":"ENOTFOUND","errno":-3008,"hostname":"sqs.us-east-1.amazonaws.com","syscall":"getaddrinfo"},"instanceId":"Abdullah-pc","level":"error","message":"Full error","service":"worker-service","timestamp":"I2O8601","version":"1.0.0"}
{"environment":"development","error":"getaddrinfo ENOTFOUND sqs.us-east-1.amazonaws.com","instanceId":"Abdullah-pc","level":"error","message":"Error receiving messages","service":"worker-service","timestamp":"I3O8601","version":"1.0.0"}
{"environment":"development","error":{"$metadata":{"attempts":3,"totalRetryDelay":44},"code":"ENOTFOUND","errno":-3008,"hostname":"sqs.us-east-1.amazonaws.com","syscall":"getaddrinfo"},"instanceId":"Abdullah-pc","level":"error","message":"Full error","service":"worker-service","timestamp":"I3O8601","version":"1.0.0"}
{"environment":"development","error":"getaddrinfo ENOTFOUND sqs.us-east-1.amazonaws.com","instanceId":"Abdullah-pc","level":"error","message":"Error receiving messages","service":"notification-worker-service","timestamp":"I3O8601","version":"1.0.0"}
{"environment":"development","error":{"$metadata":{"attempts":3,"totalRetryDelay":150},"code":"ENOTFOUND","errno":-3008,"hostname":"sqs.us-east-1.amazonaws.com","syscall":"getaddrinfo"},"instanceId":"Abdullah-pc","level":"error","message":"Full error","service":"notification-worker-service","timestamp":"I3O8601","version":"1.0.0"}
{"environment":"development","error":"getaddrinfo ENOTFOUND sqs.us-east-1.amazonaws.com","instanceId":"Abdullah-pc","level":"error","message":"Error receiving messages","service":"notification-worker-service","timestamp":"I4O8601","version":"1.0.0"}
{"environment":"development","error":{"$metadata":{"attempts":3,"totalRetryDelay":107},"code":"ENOTFOUND","errno":-3008,"hostname":"sqs.us-east-1.amazonaws.com","syscall":"getaddrinfo"},"instanceId":"Abdullah-pc","level":"error","message":"Full error","service":"notification-worker-service","timestamp":"I4O8601","version":"1.0.0"}
{"environment":"development","error":"getaddrinfo ENOTFOUND sqs.us-east-1.amazonaws.com","instanceId":"Abdullah-pc","level":"error","message":"Error receiving messages","service":"worker-service","timestamp":"I5O8601","version":"1.0.0"}
{"environment":"development","error":{"$metadata":{"attempts":3,"totalRetryDelay":179},"code":"ENOTFOUND","errno":-3008,"hostname":"sqs.us-east-1.amazonaws.com","syscall":"getaddrinfo"},"instanceId":"Abdullah-pc","level":"error","message":"Full error","service":"worker-service","timestamp":"I5O8601","version":"1.0.0"}
{"environment":"development","error":"getaddrinfo ENOTFOUND sqs.us-east-1.amazonaws.com","instanceId":"Abdullah-pc","level":"error","message":"Error receiving messages","service":"notification-worker-service","timestamp":"I6O8601","version":"1.0.0"}
{"environment":"development","error":{"$metadata":{"attempts":3,"totalRetryDelay":142},"code":"ENOTFOUND","errno":-3008,"hostname":"sqs.us-east-1.amazonaws.com","syscall":"getaddrinfo"},"instanceId":"Abdullah-pc","level":"error","message":"Full error","service":"notification-worker-service","timestamp":"I6O8601","version":"1.0.0"}
{"environment":"development","error":"getaddrinfo ENOTFOUND sqs.us-east-1.amazonaws.com","instanceId":"Abdullah-pc","level":"error","message":"Error receiving messages","service":"worker-service","timestamp":"I7O8601","version":"1.0.0"}
{"environment":"development","error":{"$metadata":{"attempts":3,"totalRetryDelay":182},"code":"ENOTFOUND","errno":-3008,"hostname":"sqs.us-east-1.amazonaws.com","syscall":"getaddrinfo"},"instanceId":"Abdullah-pc","level":"error","message":"Full error","service":"worker-service","timestamp":"I7O8601","version":"1.0.0"}
{"environment":"development","error":"getaddrinfo ENOTFOUND sqs.us-east-1.amazonaws.com","instanceId":"Abdullah-pc","level":"error","message":"Error receiving messages","service":"worker-service","timestamp":"I8O8601","version":"1.0.0"}
{"environment":"development","error":{"$metadata":{"attempts":3,"totalRetryDelay":100},"code":"ENOTFOUND","errno":-3008,"hostname":"sqs.us-east-1.amazonaws.com","syscall":"getaddrinfo"},"instanceId":"Abdullah-pc","level":"error","message":"Full error","service":"worker-service","timestamp":"I8O8601","version":"1.0.0"}
{"environment":"development","error":"getaddrinfo ENOTFOUND sqs.us-east-1.amazonaws.com","instanceId":"Abdullah-pc","level":"error","message":"Error receiving messages","service":"notification-worker-service","timestamp":"I9O8601","version":"1.0.0"}
{"environment":"development","error":{"$metadata":{"attempts":3,"totalRetryDelay":225},"code":"ENOTFOUND","errno":-3008,"hostname":"sqs.us-east-1.amazonaws.com","syscall":"getaddrinfo"},"instanceId":"Abdullah-pc","level":"error","message":"Full error","service":"notification-worker-service","timestamp":"I9O8601","version":"1.0.0"}
{"environment":"development","error":"getaddrinfo ENOTFOUND sqs.us-east-1.amazonaws.com","instanceId":"Abdullah-pc","level":"error","message":"Error receiving messages","service":"worker-service","timestamp":"I10O8601","version":"1.0.0"}
{"environment":"development","error":{"$metadata":{"attempts":3,"totalRetryDelay":130},"code":"ENOTFOUND","errno":-3008,"hostname":"sqs.us-east-1.amazonaws.com","syscall":"getaddrinfo"},"instanceId":"Abdullah-pc","level":"error","message":"Full error","service":"worker-service","timestamp":"I10O8601","version":"1.0.0"}
{"environment":"development","error":"getaddrinfo ENOTFOUND sqs.us-east-1.amazonaws.com","instanceId":"Abdullah-pc","level":"error","message":"Error receiving messages","service":"notification-worker-service","timestamp":"I0O8601","version":"1.0.0"}
{"environment":"development","error":{"$metadata":{"attempts":3,"totalRetryDelay":109},"code":"ENOTFOUND","errno":-3008,"hostname":"sqs.us-east-1.amazonaws.com","syscall":"getaddrinfo"},"instanceId":"Abdullah-pc","level":"error","message":"Full error","service":"notification-worker-service","timestamp":"I0O8601","version":"1.0.0"}
{"environment":"development","error":"getaddrinfo ENOTFOUND sqs.us-east-1.amazonaws.com","instanceId":"Abdullah-pc","level":"error","message":"Error receiving messages","service":"notification-worker-service","timestamp":"I2O8601","version":"1.0.0"}
{"environment":"development","error":{"$metadata":{"attempts":3,"totalRetryDelay":124},"code":"ENOTFOUND","errno":-3008,"hostname":"sqs.us-east-1.amazonaws.com","syscall":"getaddrinfo"},"instanceId":"Abdullah-pc","level":"error","message":"Full error","service":"notification-worker-service","timestamp":"I2O8601","version":"1.0.0"}
{"environment":"development","error":"getaddrinfo ENOTFOUND sqs.us-east-1.amazonaws.com","instanceId":"Abdullah-pc","level":"error","message":"Error receiving messages","service":"worker-service","timestamp":"I2O8601","version":"1.0.0"}
{"environment":"development","error":{"$metadata":{"attempts":3,"totalRetryDelay":233},"code":"ENOTFOUND","errno":-3008,"hostname":"sqs.us-east-1.amazonaws.com","syscall":"getaddrinfo"},"instanceId":"Abdullah-pc","level":"error","message":"Full error","service":"worker-service","timestamp":"I2O8601","version":"1.0.0"}
{"environment":"development","error":"getaddrinfo ENOTFOUND sqs.us-east-1.amazonaws.com","instanceId":"Abdullah-pc","level":"error","message":"Error receiving messages","service":"notification-worker-service","timestamp":"I4O8601","version":"1.0.0"}
{"environment":"development","error":{"$metadata":{"attempts":3,"totalRetryDelay":205},"code":"ENOTFOUND","errno":-3008,"hostname":"sqs.us-east-1.amazonaws.com","syscall":"getaddrinfo"},"instanceId":"Abdullah-pc","level":"error","message":"Full error","service":"notification-worker-service","timestamp":"I4O8601","version":"1.0.0"}
{"environment":"development","error":"getaddrinfo ENOTFOUND sqs.us-east-1.amazonaws.com","instanceId":"Abdullah-pc","level":"error","message":"Error receiving messages","service":"worker-service","timestamp":"I5O8601","version":"1.0.0"}
{"environment":"development","error":{"$metadata":{"attempts":3,"totalRetryDelay":226},"code":"ENOTFOUND","errno":-3008,"hostname":"sqs.us-east-1.amazonaws.com","syscall":"getaddrinfo"},"instanceId":"Abdullah-pc","level":"error","message":"Full error","service":"worker-service","timestamp":"I5O8601","version":"1.0.0"}
{"environment":"development","error":"getaddrinfo ENOTFOUND sqs.us-east-1.amazonaws.com","instanceId":"Abdullah-pc","level":"error","message":"Error receiving messages","service":"notification-worker-service","timestamp":"I6O8601","version":"1.0.0"}
{"environment":"development","error":{"$metadata":{"attempts":3,"totalRetryDelay":119},"code":"ENOTFOUND","errno":-3008,"hostname":"sqs.us-east-1.amazonaws.com","syscall":"getaddrinfo"},"instanceId":"Abdullah-pc","level":"error","message":"Full error","service":"notification-worker-service","timestamp":"I6O8601","version":"1.0.0"}
{"environment":"development","error":"getaddrinfo ENOTFOUND sqs.us-east-1.amazonaws.com","instanceId":"Abdullah-pc","level":"error","message":"Error receiving messages","service":"worker-service","timestamp":"I6O8601","version":"1.0.0"}
{"environment":"development","error":{"$metadata":{"attempts":3,"totalRetryDelay":91},"code":"ENOTFOUND","errno":-3008,"hostname":"sqs.us-east-1.amazonaws.com","syscall":"getaddrinfo"},"instanceId":"Abdullah-pc","level":"error","message":"Full error","service":"worker-service","timestamp":"I6O8601","version":"1.0.0"}
{"environment":"development","error":"getaddrinfo ENOTFOUND sqs.us-east-1.amazonaws.com","instanceId":"Abdullah-pc","level":"error","message":"Error receiving messages","service":"worker-service","timestamp":"I7O8601","version":"1.0.0"}
{"environment":"development","error":{"$metadata":{"attempts":3,"totalRetryDelay":59},"code":"ENOTFOUND","errno":-3008,"hostname":"sqs.us-east-1.amazonaws.com","syscall":"getaddrinfo"},"instanceId":"Abdullah-pc","level":"error","message":"Full error","service":"worker-service","timestamp":"I7O8601","version":"1.0.0"}
{"environment":"development","error":"getaddrinfo ENOTFOUND sqs.us-east-1.amazonaws.com","instanceId":"Abdullah-pc","level":"error","message":"Error receiving messages","service":"worker-service","timestamp":"I7O8601","version":"1.0.0"}
{"environment":"development","error":"getaddrinfo ENOTFOUND sqs.us-east-1.amazonaws.com","instanceId":"Abdullah-pc","level":"error","message":"Error receiving messages","service":"notification-worker-service","timestamp":"I7O8601","version":"1.0.0"}
{"environment":"development","error":{"$metadata":{"attempts":3,"totalRetryDelay":30},"code":"ENOTFOUND","errno":-3008,"hostname":"sqs.us-east-1.amazonaws.com","syscall":"getaddrinfo"},"instanceId":"Abdullah-pc","level":"error","message":"Full error","service":"worker-service","timestamp":"I7O8601","version":"1.0.0"}
{"environment":"development","error":{"$metadata":{"attempts":3,"totalRetryDelay":169},"code":"ENOTFOUND","errno":-3008,"hostname":"sqs.us-east-1.amazonaws.com","syscall":"getaddrinfo"},"instanceId":"Abdullah-pc","level":"error","message":"Full error","service":"notification-worker-service","timestamp":"I7O8601","version":"1.0.0"}
{"environment":"development","error":"getaddrinfo ENOTFOUND sqs.us-east-1.amazonaws.com","instanceId":"Abdullah-pc","level":"error","message":"Error receiving messages","service":"notification-worker-service","timestamp":"I9O8601","version":"1.0.0"}
{"environment":"development","error":"getaddrinfo ENOTFOUND sqs.us-east-1.amazonaws.com","instanceId":"Abdullah-pc","level":"error","message":"Error receiving messages","service":"worker-service","timestamp":"I9O8601","version":"1.0.0"}
{"environment":"development","error":{"$metadata":{"attempts":3,"totalRetryDelay":77},"code":"ENOTFOUND","errno":-3008,"hostname":"sqs.us-east-1.amazonaws.com","syscall":"getaddrinfo"},"instanceId":"Abdullah-pc","level":"error","message":"Full error","service":"worker-service","timestamp":"I9O8601","version":"1.0.0"}
{"environment":"development","error":{"$metadata":{"attempts":3,"totalRetryDelay":86},"code":"ENOTFOUND","errno":-3008,"hostname":"sqs.us-east-1.amazonaws.com","syscall":"getaddrinfo"},"instanceId":"Abdullah-pc","level":"error","message":"Full error","service":"notification-worker-service","timestamp":"I9O8601","version":"1.0.0"}
{"environment":"development","error":"getaddrinfo ENOTFOUND sqs.us-east-1.amazonaws.com","instanceId":"Abdullah-pc","level":"error","message":"Error receiving messages","service":"notification-worker-service","timestamp":"I10O8601","version":"1.0.0"}
{"environment":"development","error":{"$metadata":{"attempts":3,"totalRetryDelay":84},"code":"ENOTFOUND","errno":-3008,"hostname":"sqs.us-east-1.amazonaws.com","syscall":"getaddrinfo"},"instanceId":"Abdullah-pc","level":"error","message":"Full error","service":"notification-worker-service","timestamp":"I10O8601","version":"1.0.0"}
{"environment":"development","error":"getaddrinfo ENOTFOUND sqs.us-east-1.amazonaws.com","instanceId":"Abdullah-pc","level":"error","message":"Error receiving messages","service":"worker-service","timestamp":"I2O8601","version":"1.0.0"}
{"environment":"development","error":{"$metadata":{"attempts":3,"totalRetryDelay":249},"code":"ENOTFOUND","errno":-3008,"hostname":"sqs.us-east-1.amazonaws.com","syscall":"getaddrinfo"},"instanceId":"Abdullah-pc","level":"error","message":"Full error","service":"worker-service","timestamp":"I2O8601","version":"1.0.0"}
{"environment":"development","error":"getaddrinfo ENOTFOUND sqs.us-east-1.amazonaws.com","instanceId":"Abdullah-pc","level":"error","message":"Error receiving messages","service":"notification-worker-service","timestamp":"I2O8601","version":"1.0.0"}
{"environment":"development","error":{"$metadata":{"attempts":3,"totalRetryDelay":186},"code":"ENOTFOUND","errno":-3008,"hostname":"sqs.us-east-1.amazonaws.com","syscall":"getaddrinfo"},"instanceId":"Abdullah-pc","level":"error","message":"Full error","service":"notification-worker-service","timestamp":"I2O8601","version":"1.0.0"}
{"environment":"development","error":"getaddrinfo ENOTFOUND sqs.us-east-1.amazonaws.com","instanceId":"Abdullah-pc","level":"error","message":"Error receiving messages","service":"notification-worker-service","timestamp":"I4O8601","version":"1.0.0"}
{"environment":"development","error":{"$metadata":{"attempts":3,"totalRetryDelay":160},"code":"ENOTFOUND","errno":-3008,"hostname":"sqs.us-east-1.amazonaws.com","syscall":"getaddrinfo"},"instanceId":"Abdullah-pc","level":"error","message":"Full error","service":"notification-worker-service","timestamp":"I4O8601","version":"1.0.0"}
{"environment":"development","error":"getaddrinfo ENOTFOUND sqs.us-east-1.amazonaws.com","instanceId":"Abdullah-pc","level":"error","message":"Error receiving messages","service":"worker-service","timestamp":"I5O8601","version":"1.0.0"}
{"environment":"development","error":{"$metadata":{"attempts":3,"totalRetryDelay":271},"code":"ENOTFOUND","errno":-3008,"hostname":"sqs.us-east-1.amazonaws.com","syscall":"getaddrinfo"},"instanceId":"Abdullah-pc","level":"error","message":"Full error","service":"worker-service","timestamp":"I5O8601","version":"1.0.0"}
{"environment":"development","error":"getaddrinfo ENOTFOUND sqs.us-east-1.amazonaws.com","instanceId":"Abdullah-pc","level":"error","message":"Error receiving messages","service":"notification-worker-service","timestamp":"I5O8601","version":"1.0.0"}
{"environment":"development","error":{"$metadata":{"attempts":3,"totalRetryDelay":66},"code":"ENOTFOUND","errno":-3008,"hostname":"sqs.us-east-1.amazonaws.com","syscall":"getaddrinfo"},"instanceId":"Abdullah-pc","level":"error","message":"Full error","service":"notification-worker-service","timestamp":"I5O8601","version":"1.0.0"}
{"environment":"development","error":"getaddrinfo ENOTFOUND sqs.us-east-1.amazonaws.com","instanceId":"Abdullah-pc","level":"error","message":"Error receiving messages","service":"notification-worker-service","timestamp":"I6O8601","version":"1.0.0"}
{"environment":"development","error":{"$metadata":{"attempts":3,"totalRetryDelay":134},"code":"ENOTFOUND","errno":-3008,"hostname":"sqs.us-east-1.amazonaws.com","syscall":"getaddrinfo"},"instanceId":"Abdullah-pc","level":"error","message":"Full error","service":"notification-worker-service","timestamp":"I7O8601","version":"1.0.0"}
{"environment":"development","error":"getaddrinfo ENOTFOUND sqs.us-east-1.amazonaws.com","instanceId":"Abdullah-pc","level":"error","message":"Error receiving messages","service":"worker-service","timestamp":"I8O8601","version":"1.0.0"}
{"environment":"development","error":{"$metadata":{"attempts":3,"totalRetryDelay":263},"code":"ENOTFOUND","errno":-3008,"hostname":"sqs.us-east-1.amazonaws.com","syscall":"getaddrinfo"},"instanceId":"Abdullah-pc","level":"error","message":"Full error","service":"worker-service","timestamp":"I8O8601","version":"1.0.0"}
{"environment":"development","error":"getaddrinfo ENOTFOUND sqs.us-east-1.amazonaws.com","instanceId":"Abdullah-pc","level":"error","message":"Error receiving messages","service":"notification-worker-service","timestamp":"I9O8601","version":"1.0.0"}
{"environment":"development","error":{"$metadata":{"attempts":3,"totalRetryDelay":209},"code":"ENOTFOUND","errno":-3008,"hostname":"sqs.us-east-1.amazonaws.com","syscall":"getaddrinfo"},"instanceId":"Abdullah-pc","level":"error","message":"Full error","service":"notification-worker-service","timestamp":"I9O8601","version":"1.0.0"}
{"environment":"development","error":"getaddrinfo ENOTFOUND sqs.us-east-1.amazonaws.com","instanceId":"Abdullah-pc","level":"error","message":"Error receiving messages","service":"worker-service","timestamp":"I0O8601","version":"1.0.0"}
{"environment":"development","error":{"$metadata":{"attempts":3,"totalRetryDelay":231},"code":"ENOTFOUND","errno":-3008,"hostname":"sqs.us-east-1.amazonaws.com","syscall":"getaddrinfo"},"instanceId":"Abdullah-pc","level":"error","message":"Full error","service":"worker-service","timestamp":"I0O8601","version":"1.0.0"}
{"environment":"development","error":"getaddrinfo ENOTFOUND sqs.us-east-1.amazonaws.com","instanceId":"Abdullah-pc","level":"error","message":"Error receiving messages","service":"worker-service","timestamp":"I1O8601","version":"1.0.0"}
{"environment":"development","error":{"$metadata":{"attempts":3,"totalRetryDelay":64},"code":"ENOTFOUND","errno":-3008,"hostname":"sqs.us-east-1.amazonaws.com","syscall":"getaddrinfo"},"instanceId":"Abdullah-pc","level":"error","message":"Full error","service":"worker-service","timestamp":"I1O8601","version":"1.0.0"}
{"environment":"development","error":"getaddrinfo ENOTFOUND sqs.us-east-1.amazonaws.com","instanceId":"Abdullah-pc","level":"error","message":"Error receiving messages","service":"notification-worker-service","timestamp":"I2O8601","version":"1.0.0"}
{"environment":"development","error":{"$metadata":{"attempts":3,"totalRetryDelay":261},"code":"ENOTFOUND","errno":-3008,"hostname":"sqs.us-east-1.amazonaws.com","syscall":"getaddrinfo"},"instanceId":"Abdullah-pc","level":"error","message":"Full error","service":"notification-worker-service","timestamp":"I2O8601","version":"1.0.0"}
{"environment":"development","error":"getaddrinfo ENOTFOUND sqs.us-east-1.amazonaws.com","instanceId":"Abdullah-pc","level":"error","message":"Error receiving messages","service":"worker-service","timestamp":"I3O8601","version":"1.0.0"}
{"environment":"development","error":{"$metadata":{"attempts":3,"totalRetryDelay":166},"code":"ENOTFOUND","errno":-3008,"hostname":"sqs.us-east-1.amazonaws.com","syscall":"getaddrinfo"},"instanceId":"Abdullah-pc","level":"error","message":"Full error","service":"worker-service","timestamp":"I3O8601","version":"1.0.0"}
{"environment":"development","error":"getaddrinfo ENOTFOUND sqs.us-east-1.amazonaws.com","instanceId":"Abdullah-pc","level":"error","message":"Error receiving messages","service":"notification-worker-service","timestamp":"I4O8601","version":"1.0.0"}
{"environment":"development","error":{"$metadata":{"attempts":3,"totalRetryDelay":127},"code":"ENOTFOUND","errno":-3008,"hostname":"sqs.us-east-1.amazonaws.com","syscall":"getaddrinfo"},"instanceId":"Abdullah-pc","level":"error","message":"Full error","service":"notification-worker-service","timestamp":"I4O8601","version":"1.0.0"}
{"environment":"development","error":"getaddrinfo ENOTFOUND sqs.us-east-1.amazonaws.com","instanceId":"Abdullah-pc","level":"error","message":"Error receiving messages","service":"worker-service","timestamp":"I4O8601","version":"1.0.0"}
{"environment":"development","error":{"$metadata":{"attempts":3,"totalRetryDelay":23},"code":"ENOTFOUND","errno":-3008,"hostname":"sqs.us-east-1.amazonaws.com","syscall":"getaddrinfo"},"instanceId":"Abdullah-pc","level":"error","message":"Full error","service":"worker-service","timestamp":"I4O8601","version":"1.0.0"}
{"environment":"development","error":"getaddrinfo ENOTFOUND sqs.us-east-1.amazonaws.com","instanceId":"Abdullah-pc","level":"error","message":"Error receiving messages","service":"worker-service","timestamp":"I5O8601","version":"1.0.0"}
{"environment":"development","error":{"$metadata":{"attempts":3,"totalRetryDelay":72},"code":"ENOTFOUND","errno":-3008,"hostname":"sqs.us-east-1.amazonaws.com","syscall":"getaddrinfo"},"instanceId":"Abdullah-pc","level":"error","message":"Full error","service":"worker-service","timestamp":"I5O8601","version":"1.0.0"}
{"environment":"development","error":"getaddrinfo ENOTFOUND sqs.us-east-1.amazonaws.com","instanceId":"Abdullah-pc","level":"error","message":"Error receiving messages","service":"notification-worker-service","timestamp":"I5O8601","version":"1.0.0"}
{"environment":"development","error":{"$metadata":{"attempts":3,"totalRetryDelay":116},"code":"ENOTFOUND","errno":-3008,"hostname":"sqs.us-east-1.amazonaws.com","syscall":"getaddrinfo"},"instanceId":"Abdullah-pc","level":"error","message":"Full error","service":"notification-worker-service","timestamp":"I5O8601","version":"1.0.0"}
{"environment":"development","error":"getaddrinfo ENOTFOUND sqs.us-east-1.amazonaws.com","instanceId":"Abdullah-pc","level":"error","message":"Error receiving messages","service":"notification-worker-service","timestamp":"I7O8601","version":"1.0.0"}
{"environment":"development","error":{"$metadata":{"attempts":3,"totalRetryDelay":97},"code":"ENOTFOUND","errno":-3008,"hostname":"sqs.us-east-1.amazonaws.com","syscall":"getaddrinfo"},"instanceId":"Abdullah-pc","level":"error","message":"Full error","service":"notification-worker-service","timestamp":"I7O8601","version":"1.0.0"}
{"environment":"development","error":"getaddrinfo ENOTFOUND sqs.us-east-1.amazonaws.com","instanceId":"Abdullah-pc","level":"error","message":"Error receiving messages","service":"worker-service","timestamp":"I7O8601","version":"1.0.0"}
{"environment":"development","error":{"$metadata":{"attempts":3,"totalRetryDelay":202},"code":"ENOTFOUND","errno":-3008,"hostname":"sqs.us-east-1.amazonaws.com","syscall":"getaddrinfo"},"instanceId":"Abdullah-pc","level":"error","message":"Full error","service":"worker-service","timestamp":"I7O8601","version":"1.0.0"}
{"environment":"development","error":"getaddrinfo ENOTFOUND sqs.us-east-1.amazonaws.com","instanceId":"Abdullah-pc","level":"error","message":"Error receiving messages","service":"worker-service","timestamp":"I9O8601","version":"1.0.0"}
{"environment":"development","error":{"$metadata":{"attempts":3,"totalRetryDelay":132},"code":"ENOTFOUND","errno":-3008,"hostname":"sqs.us-east-1.amazonaws.com","syscall":"getaddrinfo"},"instanceId":"Abdullah-pc","level":"error","message":"Full error","service":"worker-service","timestamp":"I9O8601","version":"1.0.0"}
{"environment":"development","error":"getaddrinfo ENOTFOUND sqs.us-east-1.amazonaws.com","instanceId":"Abdullah-pc","level":"error","message":"Error receiving messages","service":"notification-worker-service","timestamp":"I9O8601","version":"1.0.0"}
{"environment":"development","error":{"$metadata":{"attempts":3,"totalRetryDelay":199},"code":"ENOTFOUND","errno":-3008,"hostname":"sqs.us-east-1.amazonaws.com","syscall":"getaddrinfo"},"instanceId":"Abdullah-pc","level":"error","message":"Full error","service":"notification-worker-service","timestamp":"I9O8601","version":"1.0.0"}
{"environment":"development","error":"getaddrinfo ENOTFOUND sqs.us-east-1.amazonaws.com","instanceId":"Abdullah-pc","level":"error","message":"Error receiving messages","service":"notification-worker-service","timestamp":"I1O8601","version":"1.0.0"}
{"environment":"development","error":"getaddrinfo ENOTFOUND sqs.us-east-1.amazonaws.com","instanceId":"Abdullah-pc","level":"error","message":"Error receiving messages","service":"worker-service","timestamp":"I1O8601","version":"1.0.0"}
{"environment":"development","error":{"$metadata":{"attempts":3,"totalRetryDelay":217},"code":"ENOTFOUND","errno":-3008,"hostname":"sqs.us-east-1.amazonaws.com","syscall":"getaddrinfo"},"instanceId":"Abdullah-pc","level":"error","message":"Full error","service":"worker-service","timestamp":"I1O8601","version":"1.0.0"}
{"environment":"development","error":{"$metadata":{"attempts":3,"totalRetryDelay":212},"code":"ENOTFOUND","errno":-3008,"hostname":"sqs.us-east-1.amazonaws.com","syscall":"getaddrinfo"},"instanceId":"Abdullah-pc","level":"error","message":"Full error","service":"notification-worker-service","timestamp":"I1O8601","version":"1.0.0"}
{"environment":"development","error":"getaddrinfo ENOTFOUND sqs.us-east-1.amazonaws.com","instanceId":"Abdullah-pc","level":"error","message":"Error receiving messages","service":"notification-worker-service","timestamp":"I4O8601","version":"1.0.0"}
{"environment":"development","error":{"$metadata":{"attempts":3,"totalRetryDelay":188},"code":"ENOTFOUND","errno":-3008,"hostname":"sqs.us-east-1.amazonaws.com","syscall":"getaddrinfo"},"instanceId":"Abdullah-pc","level":"error","message":"Full error","service":"notification-worker-service","timestamp":"I4O8601","version":"1.0.0"}
{"environment":"development","error":"getaddrinfo ENOTFOUND sqs.us-east-1.amazonaws.com","instanceId":"Abdullah-pc","level":"error","message":"Error receiving messages","service":"worker-service","timestamp":"I4O8601","version":"1.0.0"}
{"environment":"development","error":{"$metadata":{"attempts":3,"totalRetryDelay":208},"code":"ENOTFOUND","errno":-3008,"hostname":"sqs.us-east-1.amazonaws.com","syscall":"getaddrinfo"},"instanceId":"Abdullah-pc","level":"error","message":"Full error","service":"worker-service","timestamp":"I4O8601","version":"1.0.0"}
{"environment":"development","error":"getaddrinfo ENOTFOUND sqs.us-east-1.amazonaws.com","instanceId":"Abdullah-pc","level":"error","message":"Error receiving messages","service":"worker-service","timestamp":"I4O8601","version":"1.0.0"}
{"environment":"development","error":{"$metadata":{"attempts":3,"totalRetryDelay":20},"code":"ENOTFOUND","errno":-3008,"hostname":"sqs.us-east-1.amazonaws.com","syscall":"getaddrinfo"},"instanceId":"Abdullah-pc","level":"error","message":"Full error","service":"worker-service","timestamp":"I4O8601","version":"1.0.0"}
{"environment":"development","error":"getaddrinfo ENOTFOUND sqs.us-east-1.amazonaws.com","instanceId":"Abdullah-pc","level":"error","message":"Error receiving messages","service":"notification-worker-service","timestamp":"I6O8601","version":"1.0.0"}
{"environment":"development","error":{"$metadata":{"attempts":3,"totalRetryDelay":149},"code":"ENOTFOUND","errno":-3008,"hostname":"sqs.us-east-1.amazonaws.com","syscall":"getaddrinfo"},"instanceId":"Abdullah-pc","level":"error","message":"Full error","service":"notification-worker-service","timestamp":"I6O8601","version":"1.0.0"}
{"environment":"development","error":"getaddrinfo ENOTFOUND sqs.us-east-1.amazonaws.com","instanceId":"Abdullah-pc","level":"error","message":"Error receiving messages","service":"notification-worker-service","timestamp":"I7O8601","version":"1.0.0"}
{"environment":"development","error":{"$metadata":{"attempts":3,"totalRetryDelay":89},"code":"ENOTFOUND","errno":-3008,"hostname":"sqs.us-east-1.amazonaws.com","syscall":"getaddrinfo"},"instanceId":"Abdullah-pc","level":"error","message":"Full error","service":"notification-worker-service","timestamp":"I7O8601","version":"1.0.0"}
{"environment":"development","error":"getaddrinfo ENOTFOUND sqs.us-east-1.amazonaws.com","instanceId":"Abdullah-pc","level":"error","message":"Error receiving messages","service":"worker-service","timestamp":"I7O8601","version":"1.0.0"}
{"environment":"development","error":{"$metadata":{"attempts":3,"totalRetryDelay":216},"code":"ENOTFOUND","errno":-3008,"hostname":"sqs.us-east-1.amazonaws.com","syscall":"getaddrinfo"},"instanceId":"Abdullah-pc","level":"error","message":"Full error","service":"worker-service","timestamp":"I7O8601","version":"1.0.0"}
{"environment":"development","error":"getaddrinfo ENOTFOUND sqs.us-east-1.amazonaws.com","instanceId":"Abdullah-pc","level":"error","message":"Error receiving messages","service":"notification-worker-service","timestamp":"I9O8601","version":"1.0.0"}
{"environment":"development","error":{"$metadata":{"attempts":3,"totalRetryDelay":223},"code":"ENOTFOUND","errno":-3008,"hostname":"sqs.us-east-1.amazonaws.com","syscall":"getaddrinfo"},"instanceId":"Abdullah-pc","level":"error","message":"Full error","service":"notification-worker-service","timestamp":"I9O8601","version":"1.0.0"}
{"environment":"development","error":"getaddrinfo ENOTFOUND sqs.us-east-1.amazonaws.com","instanceId":"Abdullah-pc","level":"error","message":"Error receiving messages","service":"worker-service","timestamp":"I10O8601","version":"1.0.0"}
{"environment":"development","error":{"$metadata":{"attempts":3,"totalRetryDelay":236},"code":"ENOTFOUND","errno":-3008,"hostname":"sqs.us-east-1.amazonaws.com","syscall":"getaddrinfo"},"instanceId":"Abdullah-pc","level":"error","message":"Full error","service":"worker-service","timestamp":"I10O8601","version":"1.0.0"}
{"environment":"development","error":"getaddrinfo ENOTFOUND sqs.us-east-1.amazonaws.com","instanceId":"Abdullah-pc","level":"error","message":"Error receiving messages","service":"notification-worker-service","timestamp":"I1O8601","version":"1.0.0"}
{"environment":"development","error":{"$metadata":{"attempts":3,"totalRetryDelay":136},"code":"ENOTFOUND","errno":-3008,"hostname":"sqs.us-east-1.amazonaws.com","syscall":"getaddrinfo"},"instanceId":"Abdullah-pc","level":"error","message":"Full error","service":"notification-worker-service","timestamp":"I1O8601","version":"1.0.0"}
{"environment":"development","error":"getaddrinfo ENOTFOUND sqs.us-east-1.amazonaws.com","instanceId":"Abdullah-pc","level":"error","message":"Error receiving messages","service":"worker-service","timestamp":"I1O8601","version":"1.0.0"}
{"environment":"development","error":{"$metadata":{"attempts":3,"totalRetryDelay":160},"code":"ENOTFOUND","errno":-3008,"hostname":"sqs.us-east-1.amazonaws.com","syscall":"getaddrinfo"},"instanceId":"Abdullah-pc","level":"error","message":"Full error","service":"worker-service","timestamp":"I1O8601","version":"1.0.0"}
{"environment":"development","error":"getaddrinfo ENOTFOUND sqs.us-east-1.amazonaws.com","instanceId":"Abdullah-pc","level":"error","message":"Error receiving messages","service":"notification-worker-service","timestamp":"I2O8601","version":"1.0.0"}
{"environment":"development","error":{"$metadata":{"attempts":3,"totalRetryDelay":111},"code":"ENOTFOUND","errno":-3008,"hostname":"sqs.us-east-1.amazonaws.com","syscall":"getaddrinfo"},"instanceId":"Abdullah-pc","level":"error","message":"Full error","service":"notification-worker-service","timestamp":"I2O8601","version":"1.0.0"}
{"environment":"development","error":"getaddrinfo ENOTFOUND sqs.us-east-1.amazonaws.com","instanceId":"Abdullah-pc","level":"error","message":"Error receiving messages","service":"notification-worker-service","timestamp":"I4O8601","version":"1.0.0"}
{"environment":"development","error":{"$metadata":{"attempts":3,"totalRetryDelay":99},"code":"ENOTFOUND","errno":-3008,"hostname":"sqs.us-east-1.amazonaws.com","syscall":"getaddrinfo"},"instanceId":"Abdullah-pc","level":"error","message":"Full error","service":"notification-worker-service","timestamp":"I4O8601","version":"1.0.0"}
{"environment":"development","error":"getaddrinfo ENOTFOUND sqs.us-east-1.amazonaws.com","instanceId":"Abdullah-pc","level":"error","message":"Error receiving messages","service":"worker-service","timestamp":"I4O8601","version":"1.0.0"}
{"environment":"development","error":{"$metadata":{"attempts":3,"totalRetryDelay":210},"code":"ENOTFOUND","errno":-3008,"hostname":"sqs.us-east-1.amazonaws.com","syscall":"getaddrinfo"},"instanceId":"Abdullah-pc","level":"error","message":"Full error","service":"worker-service","timestamp":"I4O8601","version":"1.0.0"}
{"environment":"development","error":"getaddrinfo ENOTFOUND sqs.us-east-1.amazonaws.com","instanceId":"Abdullah-pc","level":"error","message":"Error receiving messages","service":"notification-worker-service","timestamp":"I5O8601","version":"1.0.0"}
{"environment":"development","error":{"$metadata":{"attempts":3,"totalRetryDelay":146},"code":"ENOTFOUND","errno":-3008,"hostname":"sqs.us-east-1.amazonaws.com","syscall":"getaddrinfo"},"instanceId":"Abdullah-pc","level":"error","message":"Full error","service":"notification-worker-service","timestamp":"I5O8601","version":"1.0.0"}
{"environment":"development","error":"getaddrinfo ENOTFOUND sqs.us-east-1.amazonaws.com","instanceId":"Abdullah-pc","level":"error","message":"Error receiving messages","service":"worker-service","timestamp":"I6O8601","version":"1.0.0"}
{"environment":"development","error":{"$metadata":{"attempts":3,"totalRetryDelay":208},"code":"ENOTFOUND","errno":-3008,"hostname":"sqs.us-east-1.amazonaws.com","syscall":"getaddrinfo"},"instanceId":"Abdullah-pc","level":"error","message":"Full error","service":"worker-service","timestamp":"I6O8601","version":"1.0.0"}
{"environment":"development","error":"getaddrinfo ENOTFOUND sqs.us-east-1.amazonaws.com","instanceId":"Abdullah-pc","level":"error","message":"Error receiving messages","service":"notification-worker-service","timestamp":"I7O8601","version":"1.0.0"}
{"environment":"development","error":{"$metadata":{"attempts":3,"totalRetryDelay":159},"code":"ENOTFOUND","errno":-3008,"hostname":"sqs.us-east-1.amazonaws.com","syscall":"getaddrinfo"},"instanceId":"Abdullah-pc","level":"error","message":"Full error","service":"notification-worker-service","timestamp":"I7O8601","version":"1.0.0"}
{"environment":"development","error":"getaddrinfo ENOTFOUND sqs.us-east-1.amazonaws.com","instanceId":"Abdullah-pc","level":"error","message":"Error receiving messages","service":"worker-service","timestamp":"I9O8601","version":"1.0.0"}
{"environment":"development","error":{"$metadata":{"attempts":3,"totalRetryDelay":237},"code":"ENOTFOUND","errno":-3008,"hostname":"sqs.us-east-1.amazonaws.com","syscall":"getaddrinfo"},"instanceId":"Abdullah-pc","level":"error","message":"Full error","service":"worker-service","timestamp":"I9O8601","version":"1.0.0"}
{"environment":"development","error":"getaddrinfo ENOTFOUND sqs.us-east-1.amazonaws.com","instanceId":"Abdullah-pc","level":"error","message":"Error receiving messages","service":"worker-service","timestamp":"I10O8601","version":"1.0.0"}
{"environment":"development","error":{"$metadata":{"attempts":3,"totalRetryDelay":68},"code":"ENOTFOUND","errno":-3008,"hostname":"sqs.us-east-1.amazonaws.com","syscall":"getaddrinfo"},"instanceId":"Abdullah-pc","level":"error","message":"Full error","service":"worker-service","timestamp":"I10O8601","version":"1.0.0"}
{"environment":"development","error":"getaddrinfo ENOTFOUND sqs.us-east-1.amazonaws.com","instanceId":"Abdullah-pc","level":"error","message":"Error receiving messages","service":"notification-worker-service","timestamp":"I0O8601","version":"1.0.0"}
{"environment":"development","error":{"$metadata":{"attempts":3,"totalRetryDelay":288},"code":"ENOTFOUND","errno":-3008,"hostname":"sqs.us-east-1.amazonaws.com","syscall":"getaddrinfo"},"instanceId":"Abdullah-pc","level":"error","message":"Full error","service":"notification-worker-service","timestamp":"I0O8601","version":"1.0.0"}
{"environment":"development","error":"getaddrinfo ENOTFOUND sqs.us-east-1.amazonaws.com","instanceId":"Abdullah-pc","level":"error","message":"Error receiving messages","service":"notification-worker-service","timestamp":"I1O8601","version":"1.0.0"}
{"environment":"development","error":{"$metadata":{"attempts":3,"totalRetryDelay":55},"code":"ENOTFOUND","errno":-3008,"hostname":"sqs.us-east-1.amazonaws.com","syscall":"getaddrinfo"},"instanceId":"Abdullah-pc","level":"error","message":"Full error","service":"notification-worker-service","timestamp":"I1O8601","version":"1.0.0"}
{"environment":"development","error":"getaddrinfo ENOTFOUND sqs.us-east-1.amazonaws.com","instanceId":"Abdullah-pc","level":"error","message":"Error receiving messages","service":"notification-worker-service","timestamp":"I3O8601","version":"1.0.0"}
{"environment":"development","error":{"$metadata":{"attempts":3,"totalRetryDelay":118},"code":"ENOTFOUND","errno":-3008,"hostname":"sqs.us-east-1.amazonaws.com","syscall":"getaddrinfo"},"instanceId":"Abdullah-pc","level":"error","message":"Full error","service":"notification-worker-service","timestamp":"I3O8601","version":"1.0.0"}
{"environment":"development","error":"getaddrinfo ENOTFOUND sqs.us-east-1.amazonaws.com","instanceId":"Abdullah-pc","level":"error","message":"Error receiving messages","service":"worker-service","timestamp":"I3O8601","version":"1.0.0"}
{"environment":"development","error":{"$metadata":{"attempts":3,"totalRetryDelay":287},"code":"ENOTFOUND","errno":-3008,"hostname":"sqs.us-east-1.amazonaws.com","syscall":"getaddrinfo"},"instanceId":"Abdullah-pc","level":"error","message":"Full error","service":"worker-service","timestamp":"I3O8601","version":"1.0.0"}
{"environment":"development","error":"getaddrinfo ENOTFOUND sqs.us-east-1.amazonaws.com","instanceId":"Abdullah-pc","level":"error","message":"Error receiving messages","service":"notification-worker-service","timestamp":"I4O8601","version":"1.0.0"}
{"environment":"development","error":{"$metadata":{"attempts":3,"totalRetryDelay":105},"code":"ENOTFOUND","errno":-3008,"hostname":"sqs.us-east-1.amazonaws.com","syscall":"getaddrinfo"},"instanceId":"Abdullah-pc","level":"error","message":"Full error","service":"notification-worker-service","timestamp":"I4O8601","version":"1.0.0"}
{"environment":"development","error":"getaddrinfo ENOTFOUND sqs.us-east-1.amazonaws.com","instanceId":"Abdullah-pc","level":"error","message":"Error receiving messages","service":"worker-service","timestamp":"I5O8601","version":"1.0.0"}
{"environment":"development","error":{"$metadata":{"attempts":3,"totalRetryDelay":143},"code":"ENOTFOUND","errno":-3008,"hostname":"sqs.us-east-1.amazonaws.com","syscall":"getaddrinfo"},"instanceId":"Abdullah-pc","level":"error","message":"Full error","service":"worker-service","timestamp":"I5O8601","version":"1.0.0"}
{"environment":"development","error":"getaddrinfo ENOTFOUND sqs.us-east-1.amazonaws.com","instanceId":"Abdullah-pc","level":"error","message":"Error receiving messages","service":"notification-worker-service","timestamp":"I5O8601","version":"1.0.0"}
{"environment":"development","error":{"$metadata":{"attempts":3,"totalRetryDelay":89},"code":"ENOTFOUND","errno":-3008,"hostname":"sqs.us-east-1.amazonaws.com","syscall":"getaddrinfo"},"instanceId":"Abdullah-pc","level":"error","message":"Full error","service":"notification-worker-service","timestamp":"I5O8601","version":"1.0.0"}
{"environment":"development","error":"getaddrinfo ENOTFOUND sqs.us-east-1.amazonaws.com","instanceId":"Abdullah-pc","level":"error","message":"Error receiving messages","service":"notification-worker-service","timestamp":"I7O8601","version":"1.0.0"}
{"environment":"development","error":{"$metadata":{"attempts":3,"totalRetryDelay":144},"code":"ENOTFOUND","errno":-3008,"hostname":"sqs.us-east-1.amazonaws.com","syscall":"getaddrinfo"},"instanceId":"Abdullah-pc","level":"error","message":"Full error","service":"notification-worker-service","timestamp":"I7O8601","version":"1.0.0"}
{"environment":"development","error":"getaddrinfo ENOTFOUND sqs.us-east-1.amazonaws.com","instanceId":"Abdullah-pc","level":"error","message":"Error receiving messages","service":"worker-service","timestamp":"I8O8601","version":"1.0.0"}
{"environment":"development","error":{"$metadata":{"attempts":3,"totalRetryDelay":261},"code":"ENOTFOUND","errno":-3008,"hostname":"sqs.us-east-1.amazonaws.com","syscall":"getaddrinfo"},"instanceId":"Abdullah-pc","level":"error","message":"Full error","service":"worker-service","timestamp":"I8O8601","version":"1.0.0"}
{"environment":"development","error":"getaddrinfo ENOTFOUND sqs.us-east-1.amazonaws.com","instanceId":"Abdullah-pc","level":"error","message":"Error receiving messages","service":"notification-worker-service","timestamp":"I9O8601","version":"1.0.0"}
{"environment":"development","error":{"$metadata":{"attempts":3,"totalRetryDelay":220},"code":"ENOTFOUND","errno":-3008,"hostname":"sqs.us-east-1.amazonaws.com","syscall":"getaddrinfo"},"instanceId":"Abdullah-pc","level":"error","message":"Full error","service":"notification-worker-service","timestamp":"I9O8601","version":"1.0.0"}
{"environment":"development","error":"getaddrinfo ENOTFOUND sqs.us-east-1.amazonaws.com","instanceId":"Abdullah-pc","level":"error","message":"Error receiving messages","service":"worker-service","timestamp":"I10O8601","version":"1.0.0"}
{"environment":"development","error":{"$metadata":{"attempts":3,"totalRetryDelay":185},"code":"ENOTFOUND","errno":-3008,"hostname":"sqs.us-east-1.amazonaws.com","syscall":"getaddrinfo"},"instanceId":"Abdullah-pc","level":"error","message":"Full error","service":"worker-service","timestamp":"I10O8601","version":"1.0.0"}
{"environment":"development","error":"getaddrinfo ENOTFOUND sqs.us-east-1.amazonaws.com","instanceId":"Abdullah-pc","level":"error","message":"Error receiving messages","service":"notification-worker-service","timestamp":"I1O8601","version":"1.0.0"}
{"environment":"development","error":{"$metadata":{"attempts":3,"totalRetryDelay":101},"code":"ENOTFOUND","errno":-3008,"hostname":"sqs.us-east-1.amazonaws.com","syscall":"getaddrinfo"},"instanceId":"Abdullah-pc","level":"error","message":"Full error","service":"notification-worker-service","timestamp":"I1O8601","version":"1.0.0"}
{"environment":"development","error":"getaddrinfo ENOTFOUND sqs.us-east-1.amazonaws.com","instanceId":"Abdullah-pc","level":"error","message":"Error receiving messages","service":"worker-service","timestamp":"I2O8601","version":"1.0.0"}
{"environment":"development","error":{"$metadata":{"attempts":3,"totalRetryDelay":192},"code":"ENOTFOUND","errno":-3008,"hostname":"sqs.us-east-1.amazonaws.com","syscall":"getaddrinfo"},"instanceId":"Abdullah-pc","level":"error","message":"Full error","service":"worker-service","timestamp":"I2O8601","version":"1.0.0"}
{"environment":"development","error":"getaddrinfo ENOTFOUND sqs.us-east-1.amazonaws.com","instanceId":"Abdullah-pc","level":"error","message":"Error receiving messages","service":"notification-worker-service","timestamp":"I3O8601","version":"1.0.0"}
{"environment":"development","error":{"$metadata":{"attempts":3,"totalRetryDelay":168},"code":"ENOTFOUND","errno":-3008,"hostname":"sqs.us-east-1.amazonaws.com","syscall":"getaddrinfo"},"instanceId":"Abdullah-pc","level":"error","message":"Full error","service":"notification-worker-service","timestamp":"I3O8601","version":"1.0.0"}
{"environment":"development","error":"getaddrinfo ENOTFOUND sqs.us-east-1.amazonaws.com","instanceId":"Abdullah-pc","level":"error","message":"Error receiving messages","service":"notification-worker-service","timestamp":"I5O8601","version":"1.0.0"}
{"environment":"development","error":"getaddrinfo ENOTFOUND sqs.us-east-1.amazonaws.com","instanceId":"Abdullah-pc","level":"error","message":"Error receiving messages","service":"worker-service","timestamp":"I5O8601","version":"1.0.0"}
{"environment":"development","error":{"$metadata":{"attempts":3,"totalRetryDelay":180},"code":"ENOTFOUND","errno":-3008,"hostname":"sqs.us-east-1.amazonaws.com","syscall":"getaddrinfo"},"instanceId":"Abdullah-pc","level":"error","message":"Full error","service":"notification-worker-service","timestamp":"I5O8601","version":"1.0.0"}
{"environment":"development","error":{"$metadata":{"attempts":3,"totalRetryDelay":253},"code":"ENOTFOUND","errno":-3008,"hostname":"sqs.us-east-1.amazonaws.com","syscall":"getaddrinfo"},"instanceId":"Abdullah-pc","level":"error","message":"Full error","service":"worker-service","timestamp":"I5O8601","version":"1.0.0"}
{"environment":"development","error":"getaddrinfo ENOTFOUND sqs.us-east-1.amazonaws.com","instanceId":"Abdullah-pc","level":"error","message":"Error receiving messages","service":"notification-worker-service","timestamp":"I6O8601","version":"1.0.0"}
{"environment":"development","error":{"$metadata":{"attempts":3,"totalRetryDelay":141},"code":"ENOTFOUND","errno":-3008,"hostname":"sqs.us-east-1.amazonaws.com","syscall":"getaddrinfo"},"instanceId":"Abdullah-pc","level":"error","message":"Full error","service":"notification-worker-service","timestamp":"I6O8601","version":"1.0.0"}
{"environment":"development","error":"getaddrinfo ENOTFOUND sqs.us-east-1.amazonaws.com","instanceId":"Abdullah-pc","level":"error","message":"Error receiving messages","service":"worker-service","timestamp":"I7O8601","version":"1.0.0"}
{"environment":"development","error":{"$metadata":{"attempts":3,"totalRetryDelay":224},"code":"ENOTFOUND","errno":-3008,"hostname":"sqs.us-east-1.amazonaws.com","syscall":"getaddrinfo"},"instanceId":"Abdullah-pc","level":"error","message":"Full error","service":"worker-service","timestamp":"I7O8601","version":"1.0.0"}
{"environment":"development","error":"getaddrinfo ENOTFOUND sqs.us-east-1.amazonaws.com","instanceId":"Abdullah-pc","level":"error","message":"Error receiving messages","service":"notification-worker-service","timestamp":"I8O8601","version":"1.0.0"}
{"environment":"development","error":{"$metadata":{"attempts":3,"totalRetryDelay":88},"code":"ENOTFOUND","errno":-3008,"hostname":"sqs.us-east-1.amazonaws.com","syscall":"getaddrinfo"},"instanceId":"Abdullah-pc","level":"error","message":"Full error","service":"notification-worker-service","timestamp":"I8O8601","version":"1.0.0"}
{"environment":"development","error":"getaddrinfo ENOTFOUND sqs.us-east-1.amazonaws.com","instanceId":"Abdullah-pc","level":"error","message":"Error receiving messages","service":"worker-service","timestamp":"I9O8601","version":"1.0.0"}
{"environment":"development","error":{"$metadata":{"attempts":3,"totalRetryDelay":100},"code":"ENOTFOUND","errno":-3008,"hostname":"sqs.us-east-1.amazonaws.com","syscall":"getaddrinfo"},"instanceId":"Abdullah-pc","level":"error","message":"Full error","service":"worker-service","timestamp":"I9O8601","version":"1.0.0"}
{"environment":"development","error":"getaddrinfo ENOTFOUND sqs.us-east-1.amazonaws.com","instanceId":"Abdullah-pc","level":"error","message":"Error receiving messages","service":"notification-worker-service","timestamp":"I10O8601","version":"1.0.0"}
{"environment":"development","error":{"$metadata":{"attempts":3,"totalRetryDelay":163},"code":"ENOTFOUND","errno":-3008,"hostname":"sqs.us-east-1.amazonaws.com","syscall":"getaddrinfo"},"instanceId":"Abdullah-pc","level":"error","message":"Full error","service":"notification-worker-service","timestamp":"I10O8601","version":"1.0.0"}
{"environment":"development","error":"getaddrinfo ENOTFOUND sqs.us-east-1.amazonaws.com","instanceId":"Abdullah-pc","level":"error","message":"Error receiving messages","service":"worker-service","timestamp":"I0O8601","version":"1.0.0"}
{"environment":"development","error":{"$metadata":{"attempts":3,"totalRetryDelay":140},"code":"ENOTFOUND","errno":-3008,"hostname":"sqs.us-east-1.amazonaws.com","syscall":"getaddrinfo"},"instanceId":"Abdullah-pc","level":"error","message":"Full error","service":"worker-service","timestamp":"I0O8601","version":"1.0.0"}
{"environment":"development","error":"getaddrinfo ENOTFOUND sqs.us-east-1.amazonaws.com","instanceId":"Abdullah-pc","level":"error","message":"Error receiving messages","service":"notification-worker-service","timestamp":"I1O8601","version":"1.0.0"}
{"environment":"development","error":{"$metadata":{"attempts":3,"totalRetryDelay":111},"code":"ENOTFOUND","errno":-3008,"hostname":"sqs.us-east-1.amazonaws.com","syscall":"getaddrinfo"},"instanceId":"Abdullah-pc","level":"error","message":"Full error","service":"notification-worker-service","timestamp":"I1O8601","version":"1.0.0"}
{"environment":"development","error":"getaddrinfo ENOTFOUND sqs.us-east-1.amazonaws.com","instanceId":"Abdullah-pc","level":"error","message":"Error receiving messages","service":"worker-service","timestamp":"I2O8601","version":"1.0.0"}
{"environment":"development","error":{"$metadata":{"attempts":3,"totalRetryDelay":114},"code":"ENOTFOUND","errno":-3008,"hostname":"sqs.us-east-1.amazonaws.com","syscall":"getaddrinfo"},"instanceId":"Abdullah-pc","level":"error","message":"Full error","service":"worker-service","timestamp":"I2O8601","version":"1.0.0"}
{"environment":"development","error":"getaddrinfo ENOTFOUND sqs.us-east-1.amazonaws.com","instanceId":"Abdullah-pc","level":"error","message":"Error receiving messages","service":"notification-worker-service","timestamp":"I3O8601","version":"1.0.0"}
{"environment":"development","error":{"$metadata":{"attempts":3,"totalRetryDelay":120},"code":"ENOTFOUND","errno":-3008,"hostname":"sqs.us-east-1.amazonaws.com","syscall":"getaddrinfo"},"instanceId":"Abdullah-pc","level":"error","message":"Full error","service":"notification-worker-service","timestamp":"I3O8601","version":"1.0.0"}
{"environment":"development","error":"getaddrinfo ENOTFOUND sqs.us-east-1.amazonaws.com","instanceId":"Abdullah-pc","level":"error","message":"Error receiving messages","service":"worker-service","timestamp":"I4O8601","version":"1.0.0"}
{"environment":"development","error":{"$metadata":{"attempts":3,"totalRetryDelay":149},"code":"ENOTFOUND","errno":-3008,"hostname":"sqs.us-east-1.amazonaws.com","syscall":"getaddrinfo"},"instanceId":"Abdullah-pc","level":"error","message":"Full error","service":"worker-service","timestamp":"I4O8601","version":"1.0.0"}
{"environment":"development","error":"getaddrinfo ENOTFOUND sqs.us-east-1.amazonaws.com","instanceId":"Abdullah-pc","level":"error","message":"Error receiving messages","service":"notification-worker-service","timestamp":"I4O8601","version":"1.0.0"}
{"environment":"development","error":{"$metadata":{"attempts":3,"totalRetryDelay":100},"code":"ENOTFOUND","errno":-3008,"hostname":"sqs.us-east-1.amazonaws.com","syscall":"getaddrinfo"},"instanceId":"Abdullah-pc","level":"error","message":"Full error","service":"notification-worker-service","timestamp":"I4O8601","version":"1.0.0"}
{"environment":"development","error":"getaddrinfo ENOTFOUND sqs.us-east-1.amazonaws.com","instanceId":"Abdullah-pc","level":"error","message":"Error receiving messages","service":"notification-worker-service","timestamp":"I6O8601","version":"1.0.0"}
{"environment":"development","error":{"$metadata":{"attempts":3,"totalRetryDelay":162},"code":"ENOTFOUND","errno":-3008,"hostname":"sqs.us-east-1.amazonaws.com","syscall":"getaddrinfo"},"instanceId":"Abdullah-pc","level":"error","message":"Full error","service":"notification-worker-service","timestamp":"I6O8601","version":"1.0.0"}
{"environment":"development","error":"getaddrinfo ENOTFOUND sqs.us-east-1.amazonaws.com","instanceId":"Abdullah-pc","level":"error","message":"Error receiving messages","service":"worker-service","timestamp":"I6O8601","version":"1.0.0"}
{"environment":"development","error":{"$metadata":{"attempts":3,"totalRetryDelay":250},"code":"ENOTFOUND","errno":-3008,"hostname":"sqs.us-east-1.amazonaws.com","syscall":"getaddrinfo"},"instanceId":"Abdullah-pc","level":"error","message":"Full error","service":"worker-service","timestamp":"I6O8601","version":"1.0.0"}
{"environment":"development","error":"getaddrinfo ENOTFOUND sqs.us-east-1.amazonaws.com","instanceId":"Abdullah-pc","level":"error","message":"Error receiving messages","service":"worker-service","timestamp":"I7O8601","version":"1.0.0"}
{"environment":"development","error":{"$metadata":{"attempts":3,"totalRetryDelay":24},"code":"ENOTFOUND","errno":-3008,"hostname":"sqs.us-east-1.amazonaws.com","syscall":"getaddrinfo"},"instanceId":"Abdullah-pc","level":"error","message":"Full error","service":"worker-service","timestamp":"I7O8601","version":"1.0.0"}
{"environment":"development","error":"getaddrinfo ENOTFOUND sqs.us-east-1.amazonaws.com","instanceId":"Abdullah-pc","level":"error","message":"Error receiving messages","service":"notification-worker-service","timestamp":"I7O8601","version":"1.0.0"}
{"environment":"development","error":{"$metadata":{"attempts":3,"totalRetryDelay":85},"code":"ENOTFOUND","errno":-3008,"hostname":"sqs.us-east-1.amazonaws.com","syscall":"getaddrinfo"},"instanceId":"Abdullah-pc","level":"error","message":"Full error","service":"notification-worker-service","timestamp":"I7O8601","version":"1.0.0"}
{"environment":"development","error":"getaddrinfo ENOTFOUND sqs.us-east-1.amazonaws.com","instanceId":"Abdullah-pc","level":"error","message":"Error receiving messages","service":"worker-service","timestamp":"I9O8601","version":"1.0.0"}
{"environment":"development","error":{"$metadata":{"attempts":3,"totalRetryDelay":147},"code":"ENOTFOUND","errno":-3008,"hostname":"sqs.us-east-1.amazonaws.com","syscall":"getaddrinfo"},"instanceId":"Abdullah-pc","level":"error","message":"Full error","service":"worker-service","timestamp":"I9O8601","version":"1.0.0"}
{"environment":"development","error":"getaddrinfo ENOTFOUND sqs.us-east-1.amazonaws.com","instanceId":"Abdullah-pc","level":"error","message":"Error receiving messages","service":"notification-worker-service","timestamp":"I10O8601","version":"1.0.0"}
{"environment":"development","error":{"$metadata":{"attempts":3,"totalRetryDelay":194},"code":"ENOTFOUND","errno":-3008,"hostname":"sqs.us-east-1.amazonaws.com","syscall":"getaddrinfo"},"instanceId":"Abdullah-pc","level":"error","message":"Full error","service":"notification-worker-service","timestamp":"I10O8601","version":"1.0.0"}
{"environment":"development","error":"getaddrinfo ENOTFOUND sqs.us-east-1.amazonaws.com","instanceId":"Abdullah-pc","level":"error","message":"Error receiving messages","service":"notification-worker-service","timestamp":"I1O8601","version":"1.0.0"}
{"environment":"development","error":{"$metadata":{"attempts":3,"totalRetryDelay":147},"code":"ENOTFOUND","errno":-3008,"hostname":"sqs.us-east-1.amazonaws.com","syscall":"getaddrinfo"},"instanceId":"Abdullah-pc","level":"error","message":"Full error","service":"notification-worker-service","timestamp":"I1O8601","version":"1.0.0"}
{"environment":"development","error":"getaddrinfo ENOTFOUND sqs.us-east-1.amazonaws.com","instanceId":"Abdullah-pc","level":"error","message":"Error receiving messages","service":"worker-service","timestamp":"I2O8601","version":"1.0.0"}
{"environment":"development","error":{"$metadata":{"attempts":3,"totalRetryDelay":278},"code":"ENOTFOUND","errno":-3008,"hostname":"sqs.us-east-1.amazonaws.com","syscall":"getaddrinfo"},"instanceId":"Abdullah-pc","level":"error","message":"Full error","service":"worker-service","timestamp":"I2O8601","version":"1.0.0"}
{"environment":"development","error":"getaddrinfo ENOTFOUND sqs.us-east-1.amazonaws.com","instanceId":"Abdullah-pc","level":"error","message":"Error receiving messages","service":"notification-worker-service","timestamp":"I3O8601","version":"1.0.0"}
{"environment":"development","error":{"$metadata":{"attempts":3,"totalRetryDelay":106},"code":"ENOTFOUND","errno":-3008,"hostname":"sqs.us-east-1.amazonaws.com","syscall":"getaddrinfo"},"instanceId":"Abdullah-pc","level":"error","message":"Full error","service":"notification-worker-service","timestamp":"I3O8601","version":"1.0.0"}
{"environment":"development","error":"getaddrinfo ENOTFOUND sqs.us-east-1.amazonaws.com","instanceId":"Abdullah-pc","level":"error","message":"Error receiving messages","service":"notification-worker-service","timestamp":"I4O8601","version":"1.0.0"}
{"environment":"development","error":"getaddrinfo ENOTFOUND sqs.us-east-1.amazonaws.com","instanceId":"Abdullah-pc","level":"error","message":"Error receiving messages","service":"worker-service","timestamp":"I4O8601","version":"1.0.0"}
{"environment":"development","error":{"$metadata":{"attempts":3,"totalRetryDelay":172},"code":"ENOTFOUND","errno":-3008,"hostname":"sqs.us-east-1.amazonaws.com","syscall":"getaddrinfo"},"instanceId":"Abdullah-pc","level":"error","message":"Full error","service":"worker-service","timestamp":"I4O8601","version":"1.0.0"}
{"environment":"development","error":{"$metadata":{"attempts":3,"totalRetryDelay":74},"code":"ENOTFOUND","errno":-3008,"hostname":"sqs.us-east-1.amazonaws.com","syscall":"getaddrinfo"},"instanceId":"Abdullah-pc","level":"error","message":"Full error","service":"notification-worker-service","timestamp":"I4O8601","version":"1.0.0"}
{"environment":"development","error":"getaddrinfo ENOTFOUND sqs.us-east-1.amazonaws.com","instanceId":"Abdullah-pc","level":"error","message":"Error receiving messages","service":"notification-worker-service","timestamp":"I6O8601","version":"1.0.0"}
{"environment":"development","error":{"$metadata":{"attempts":3,"totalRetryDelay":180},"code":"ENOTFOUND","errno":-3008,"hostname":"sqs.us-east-1.amazonaws.com","syscall":"getaddrinfo"},"instanceId":"Abdullah-pc","level":"error","message":"Full error","service":"notification-worker-service","timestamp":"I6O8601","version":"1.0.0"}
{"environment":"development","error":"getaddrinfo ENOTFOUND sqs.us-east-1.amazonaws.com","instanceId":"Abdullah-pc","level":"error","message":"Error receiving messages","service":"worker-service","timestamp":"I6O8601","version":"1.0.0"}
{"environment":"development","error":{"$metadata":{"attempts":3,"totalRetryDelay":203},"code":"ENOTFOUND","errno":-3008,"hostname":"sqs.us-east-1.amazonaws.com","syscall":"getaddrinfo"},"instanceId":"Abdullah-pc","level":"error","message":"Full error","service":"worker-service","timestamp":"I6O8601","version":"1.0.0"}
{"environment":"development","error":"getaddrinfo ENOTFOUND sqs.us-east-1.amazonaws.com","instanceId":"Abdullah-pc","level":"error","message":"Error receiving messages","service":"notification-worker-service","timestamp":"I7O8601","version":"1.0.0"}
{"environment":"development","error":{"$metadata":{"attempts":3,"totalRetryDelay":40},"code":"ENOTFOUND","errno":-3008,"hostname":"sqs.us-east-1.amazonaws.com","syscall":"getaddrinfo"},"instanceId":"Abdullah-pc","level":"error","message":"Full error","service":"notification-worker-service","timestamp":"I7O8601","version":"1.0.0"}
{"environment":"development","error":"getaddrinfo ENOTFOUND sqs.us-east-1.amazonaws.com","instanceId":"Abdullah-pc","level":"error","message":"Error receiving messages","service":"worker-service","timestamp":"I8O8601","version":"1.0.0"}
{"environment":"development","error":{"$metadata":{"attempts":3,"totalRetryDelay":180},"code":"ENOTFOUND","errno":-3008,"hostname":"sqs.us-east-1.amazonaws.com","syscall":"getaddrinfo"},"instanceId":"Abdullah-pc","level":"error","message":"Full error","service":"worker-service","timestamp":"I8O8601","version":"1.0.0"}
{"environment":"development","error":"getaddrinfo ENOTFOUND sqs.us-east-1.amazonaws.com","instanceId":"Abdullah-pc","level":"error","message":"Error receiving messages","service":"notification-worker-service","timestamp":"I9O8601","version":"1.0.0"}
{"environment":"development","error":{"$metadata":{"attempts":3,"totalRetryDelay":201},"code":"ENOTFOUND","errno":-3008,"hostname":"sqs.us-east-1.amazonaws.com","syscall":"getaddrinfo"},"instanceId":"Abdullah-pc","level":"error","message":"Full error","service":"notification-worker-service","timestamp":"I9O8601","version":"1.0.0"}
{"environment":"development","error":"getaddrinfo ENOTFOUND sqs.us-east-1.amazonaws.com","instanceId":"Abdullah-pc","level":"error","message":"Error receiving messages","service":"notification-worker-service","timestamp":"I10O8601","version":"1.0.0"}
{"environment":"development","error":"getaddrinfo ENOTFOUND sqs.us-east-1.amazonaws.com","instanceId":"Abdullah-pc","level":"error","message":"Error receiving messages","service":"worker-service","timestamp":"I10O8601","version":"1.0.0"}
{"environment":"development","error":{"$metadata":{"attempts":3,"totalRetryDelay":149},"code":"ENOTFOUND","errno":-3008,"hostname":"sqs.us-east-1.amazonaws.com","syscall":"getaddrinfo"},"instanceId":"Abdullah-pc","level":"error","message":"Full error","service":"worker-service","timestamp":"I10O8601","version":"1.0.0"}
{"environment":"development","error":{"$metadata":{"attempts":3,"totalRetryDelay":61},"code":"ENOTFOUND","errno":-3008,"hostname":"sqs.us-east-1.amazonaws.com","syscall":"getaddrinfo"},"instanceId":"Abdullah-pc","level":"error","message":"Full error","service":"notification-worker-service","timestamp":"I10O8601","version":"1.0.0"}
{"environment":"development","error":"getaddrinfo ENOTFOUND sqs.us-east-1.amazonaws.com","instanceId":"Abdullah-pc","level":"error","message":"Error receiving messages","service":"worker-service","timestamp":"I1O8601","version":"1.0.0"}
{"environment":"development","error":{"$metadata":{"attempts":3,"totalRetryDelay":71},"code":"ENOTFOUND","errno":-3008,"hostname":"sqs.us-east-1.amazonaws.com","syscall":"getaddrinfo"},"instanceId":"Abdullah-pc","level":"error","message":"Full error","service":"worker-service","timestamp":"I1O8601","version":"1.0.0"}
{"environment":"development","error":"getaddrinfo ENOTFOUND sqs.us-east-1.amazonaws.com","instanceId":"Abdullah-pc","level":"error","message":"Error receiving messages","service":"notification-worker-service","timestamp":"I2O8601","version":"1.0.0"}
{"environment":"development","error":{"$metadata":{"attempts":3,"totalRetryDelay":219},"code":"ENOTFOUND","errno":-3008,"hostname":"sqs.us-east-1.amazonaws.com","syscall":"getaddrinfo"},"instanceId":"Abdullah-pc","level":"error","message":"Full error","service":"notification-worker-service","timestamp":"I2O8601","version":"1.0.0"}
{"environment":"development","error":"getaddrinfo ENOTFOUND sqs.us-east-1.amazonaws.com","instanceId":"Abdullah-pc","level":"error","message":"Error receiving messages","service":"worker-service","timestamp":"I2O8601","version":"1.0.0"}
{"environment":"development","error":{"$metadata":{"attempts":3,"totalRetryDelay":117},"code":"ENOTFOUND","errno":-3008,"hostname":"sqs.us-east-1.amazonaws.com","syscall":"getaddrinfo"},"instanceId":"Abdullah-pc","level":"error","message":"Full error","service":"worker-service","timestamp":"I3O8601","version":"1.0.0"}
{"environment":"development","error":"getaddrinfo ENOTFOUND sqs.us-east-1.amazonaws.com","instanceId":"Abdullah-pc","level":"error","message":"Error receiving messages","service":"worker-service","timestamp":"I5O8601","version":"1.0.0"}
{"environment":"development","error":"getaddrinfo ENOTFOUND sqs.us-east-1.amazonaws.com","instanceId":"Abdullah-pc","level":"error","message":"Error receiving messages","service":"notification-worker-service","timestamp":"I5O8601","version":"1.0.0"}
{"environment":"development","error":{"$metadata":{"attempts":3,"totalRetryDelay":238},"code":"ENOTFOUND","errno":-3008,"hostname":"sqs.us-east-1.amazonaws.com","syscall":"getaddrinfo"},"instanceId":"Abdullah-pc","level":"error","message":"Full error","service":"worker-service","timestamp":"I5O8601","version":"1.0.0"}
{"environment":"development","error":{"$metadata":{"attempts":3,"totalRetryDelay":257},"code":"ENOTFOUND","errno":-3008,"hostname":"sqs.us-east-1.amazonaws.com","syscall":"getaddrinfo"},"instanceId":"Abdullah-pc","level":"error","message":"Full error","service":"notification-worker-service","timestamp":"I5O8601","version":"1.0.0"}
{"environment":"development","error":"getaddrinfo ENOTFOUND sqs.us-east-1.amazonaws.com","instanceId":"Abdullah-pc","level":"error","message":"Error receiving messages","service":"notification-worker-service","timestamp":"I7O8601","version":"1.0.0"}
{"environment":"development","error":{"$metadata":{"attempts":3,"totalRetryDelay":159},"code":"ENOTFOUND","errno":-3008,"hostname":"sqs.us-east-1.amazonaws.com","syscall":"getaddrinfo"},"instanceId":"Abdullah-pc","level":"error","message":"Full error","service":"notification-worker-service","timestamp":"I7O8601","version":"1.0.0"}
{"environment":"development","error":"getaddrinfo ENOTFOUND sqs.us-east-1.amazonaws.com","instanceId":"Abdullah-pc","level":"error","message":"Error receiving messages","service":"worker-service","timestamp":"I8O8601","version":"1.0.0"}
{"environment":"development","error":{"$metadata":{"attempts":3,"totalRetryDelay":216},"code":"ENOTFOUND","errno":-3008,"hostname":"sqs.us-east-1.amazonaws.com","syscall":"getaddrinfo"},"instanceId":"Abdullah-pc","level":"error","message":"Full error","service":"worker-service","timestamp":"I8O8601","version":"1.0.0"}
{"environment":"development","error":"getaddrinfo ENOTFOUND sqs.us-east-1.amazonaws.com","instanceId":"Abdullah-pc","level":"error","message":"Error receiving messages","service":"worker-service","timestamp":"I8O8601","version":"1.0.0"}
{"environment":"development","error":{"$metadata":{"attempts":3,"totalRetryDelay":32},"code":"ENOTFOUND","errno":-3008,"hostname":"sqs.us-east-1.amazonaws.com","syscall":"getaddrinfo"},"instanceId":"Abdullah-pc","level":"error","message":"Full error","service":"worker-service","timestamp":"I8O8601","version":"1.0.0"}
{"environment":"development","error":"getaddrinfo ENOTFOUND sqs.us-east-1.amazonaws.com","instanceId":"Abdullah-pc","level":"error","message":"Error receiving messages","service":"notification-worker-service","timestamp":"I9O8601","version":"1.0.0"}
{"environment":"development","error":{"$metadata":{"attempts":3,"totalRetryDelay":147},"code":"ENOTFOUND","errno":-3008,"hostname":"sqs.us-east-1.amazonaws.com","syscall":"getaddrinfo"},"instanceId":"Abdullah-pc","level":"error","message":"Full error","service":"notification-worker-service","timestamp":"I9O8601","version":"1.0.0"}
{"environment":"development","error":"getaddrinfo ENOTFOUND sqs.us-east-1.amazonaws.com","instanceId":"Abdullah-pc","level":"error","message":"Error receiving messages","service":"worker-service","timestamp":"I1O8601","version":"1.0.0"}
{"environment":"development","error":{"$metadata":{"attempts":3,"totalRetryDelay":212},"code":"ENOTFOUND","errno":-3008,"hostname":"sqs.us-east-1.amazonaws.com","syscall":"getaddrinfo"},"instanceId":"Abdullah-pc","level":"error","message":"Full error","service":"worker-service","timestamp":"I1O8601","version":"1.0.0"}
{"environment":"development","error":"getaddrinfo ENOTFOUND sqs.us-east-1.amazonaws.com","instanceId":"Abdullah-pc","level":"error","message":"Error receiving messages","service":"notification-worker-service","timestamp":"I1O8601","version":"1.0.0"}
{"environment":"development","error":{"$metadata":{"attempts":3,"totalRetryDelay":188},"code":"ENOTFOUND","errno":-3008,"hostname":"sqs.us-east-1.amazonaws.com","syscall":"getaddrinfo"},"instanceId":"Abdullah-pc","level":"error","message":"Full error","service":"notification-worker-service","timestamp":"I1O8601","version":"1.0.0"}
{"environment":"development","error":"getaddrinfo ENOTFOUND sqs.us-east-1.amazonaws.com","instanceId":"Abdullah-pc","level":"error","message":"Error receiving messages","service":"notification-worker-service","timestamp":"I3O8601","version":"1.0.0"}
{"environment":"development","error":{"$metadata":{"attempts":3,"totalRetryDelay":124},"code":"ENOTFOUND","errno":-3008,"hostname":"sqs.us-east-1.amazonaws.com","syscall":"getaddrinfo"},"instanceId":"Abdullah-pc","level":"error","message":"Full error","service":"notification-worker-service","timestamp":"I3O8601","version":"1.0.0"}
{"environment":"development","error":"getaddrinfo ENOTFOUND sqs.us-east-1.amazonaws.com","instanceId":"Abdullah-pc","level":"error","message":"Error receiving messages","service":"worker-service","timestamp":"I4O8601","version":"1.0.0"}
{"environment":"development","error":{"$metadata":{"attempts":3,"totalRetryDelay":270},"code":"ENOTFOUND","errno":-3008,"hostname":"sqs.us-east-1.amazonaws.com","syscall":"getaddrinfo"},"instanceId":"Abdullah-pc","level":"error","message":"Full error","service":"worker-service","timestamp":"I4O8601","version":"1.0.0"}
{"environment":"development","error":"getaddrinfo ENOTFOUND sqs.us-east-1.amazonaws.com","instanceId":"Abdullah-pc","level":"error","message":"Error receiving messages","service":"worker-service","timestamp":"I5O8601","version":"1.0.0"}
{"environment":"development","error":{"$metadata":{"attempts":3,"totalRetryDelay":73},"code":"ENOTFOUND","errno":-3008,"hostname":"sqs.us-east-1.amazonaws.com","syscall":"getaddrinfo"},"instanceId":"Abdullah-pc","level":"error","message":"Full error","service":"worker-service","timestamp":"I5O8601","version":"1.0.0"}
{"environment":"development","error":"getaddrinfo ENOTFOUND sqs.us-east-1.amazonaws.com","instanceId":"Abdullah-pc","level":"error","message":"Error receiving messages","service":"notification-worker-service","timestamp":"I5O8601","version":"1.0.0"}
{"environment":"development","error":{"$metadata":{"attempts":3,"totalRetryDelay":209},"code":"ENOTFOUND","errno":-3008,"hostname":"sqs.us-east-1.amazonaws.com","syscall":"getaddrinfo"},"instanceId":"Abdullah-pc","level":"error","message":"Full error","service":"notification-worker-service","timestamp":"I5O8601","version":"1.0.0"}
{"environment":"development","error":"getaddrinfo ENOTFOUND sqs.us-east-1.amazonaws.com","instanceId":"Abdullah-pc","level":"error","message":"Error receiving messages","service":"notification-worker-service","timestamp":"I6O8601","version":"1.0.0"}
{"environment":"development","error":{"$metadata":{"attempts":3,"totalRetryDelay":122},"code":"ENOTFOUND","errno":-3008,"hostname":"sqs.us-east-1.amazonaws.com","syscall":"getaddrinfo"},"instanceId":"Abdullah-pc","level":"error","message":"Full error","service":"notification-worker-service","timestamp":"I6O8601","version":"1.0.0"}
{"environment":"development","error":"getaddrinfo ENOTFOUND sqs.us-east-1.amazonaws.com","instanceId":"Abdullah-pc","level":"error","message":"Error receiving messages","service":"worker-service","timestamp":"I7O8601","version":"1.0.0"}
{"environment":"development","error":{"$metadata":{"attempts":3,"totalRetryDelay":175},"code":"ENOTFOUND","errno":-3008,"hostname":"sqs.us-east-1.amazonaws.com","syscall":"getaddrinfo"},"instanceId":"Abdullah-pc","level":"error","message":"Full error","service":"worker-service","timestamp":"I7O8601","version":"1.0.0"}
{"environment":"development","error":"getaddrinfo ENOTFOUND sqs.us-east-1.amazonaws.com","instanceId":"Abdullah-pc","level":"error","message":"Error receiving messages","service":"notification-worker-service","timestamp":"I7O8601","version":"1.0.0"}
{"environment":"development","error":{"$metadata":{"attempts":3,"totalRetryDelay":71},"code":"ENOTFOUND","errno":-3008,"hostname":"sqs.us-east-1.amazonaws.com","syscall":"getaddrinfo"},"instanceId":"Abdullah-pc","level":"error","message":"Full error","service":"notification-worker-service","timestamp":"I7O8601","version":"1.0.0"}
{"environment":"development","error":"getaddrinfo ENOTFOUND sqs.us-east-1.amazonaws.com","instanceId":"Abdullah-pc","level":"error","message":"Error receiving messages","service":"worker-service","timestamp":"I9O8601","version":"1.0.0"}
{"environment":"development","error":{"$metadata":{"attempts":3,"totalRetryDelay":147},"code":"ENOTFOUND","errno":-3008,"hostname":"sqs.us-east-1.amazonaws.com","syscall":"getaddrinfo"},"instanceId":"Abdullah-pc","level":"error","message":"Full error","service":"worker-service","timestamp":"I9O8601","version":"1.0.0"}
{"environment":"development","error":"getaddrinfo ENOTFOUND sqs.us-east-1.amazonaws.com","instanceId":"Abdullah-pc","level":"error","message":"Error receiving messages","service":"notification-worker-service","timestamp":"I10O8601","version":"1.0.0"}
{"environment":"development","error":{"$metadata":{"attempts":3,"totalRetryDelay":232},"code":"ENOTFOUND","errno":-3008,"hostname":"sqs.us-east-1.amazonaws.com","syscall":"getaddrinfo"},"instanceId":"Abdullah-pc","level":"error","message":"Full error","service":"notification-worker-service","timestamp":"I10O8601","version":"1.0.0"}
{"environment":"development","error":"getaddrinfo ENOTFOUND sqs.us-east-1.amazonaws.com","instanceId":"Abdullah-pc","level":"error","message":"Error receiving messages","service":"worker-service","timestamp":"I1O8601","version":"1.0.0"}
{"environment":"development","error":{"$metadata":{"attempts":3,"totalRetryDelay":182},"code":"ENOTFOUND","errno":-3008,"hostname":"sqs.us-east-1.amazonaws.com","syscall":"getaddrinfo"},"instanceId":"Abdullah-pc","level":"error","message":"Full error","service":"worker-service","timestamp":"I1O8601","version":"1.0.0"}
{"environment":"development","error":"getaddrinfo ENOTFOUND sqs.us-east-1.amazonaws.com","instanceId":"Abdullah-pc","level":"error","message":"Error receiving messages","service":"worker-service","timestamp":"I2O8601","version":"1.0.0"}
{"environment":"development","error":{"$metadata":{"attempts":3,"totalRetryDelay":114},"code":"ENOTFOUND","errno":-3008,"hostname":"sqs.us-east-1.amazonaws.com","syscall":"getaddrinfo"},"instanceId":"Abdullah-pc","level":"error","message":"Full error","service":"worker-service","timestamp":"I2O8601","version":"1.0.0"}
{"environment":"development","error":"getaddrinfo ENOTFOUND sqs.us-east-1.amazonaws.com","instanceId":"Abdullah-pc","level":"error","message":"Error receiving messages","service":"notification-worker-service","timestamp":"I2O8601","version":"1.0.0"}
{"environment":"development","error":{"$metadata":{"attempts":3,"totalRetryDelay":242},"code":"ENOTFOUND","errno":-3008,"hostname":"sqs.us-east-1.amazonaws.com","syscall":"getaddrinfo"},"instanceId":"Abdullah-pc","level":"error","message":"Full error","service":"notification-worker-service","timestamp":"I2O8601","version":"1.0.0"}
{"environment":"development","error":"getaddrinfo ENOTFOUND sqs.us-east-1.amazonaws.com","instanceId":"Abdullah-pc","level":"error","message":"Error receiving messages","service":"notification-worker-service","timestamp":"I4O8601","version":"1.0.0"}
{"environment":"development","error":{"$metadata":{"attempts":3,"totalRetryDelay":91},"code":"ENOTFOUND","errno":-3008,"hostname":"sqs.us-east-1.amazonaws.com","syscall":"getaddrinfo"},"instanceId":"Abdullah-pc","level":"error","message":"Full error","service":"notification-worker-service","timestamp":"I4O8601","version":"1.0.0"}
{"environment":"development","error":"getaddrinfo ENOTFOUND sqs.us-east-1.amazonaws.com","instanceId":"Abdullah-pc","level":"error","message":"Error receiving messages","service":"worker-service","timestamp":"I5O8601","version":"1.0.0"}
{"environment":"development","error":{"$metadata":{"attempts":3,"totalRetryDelay":228},"code":"ENOTFOUND","errno":-3008,"hostname":"sqs.us-east-1.amazonaws.com","syscall":"getaddrinfo"},"instanceId":"Abdullah-pc","level":"error","message":"Full error","service":"worker-service","timestamp":"I5O8601","version":"1.0.0"}
{"environment":"development","error":"getaddrinfo ENOTFOUND sqs.us-east-1.amazonaws.com","instanceId":"Abdullah-pc","level":"error","message":"Error receiving messages","service":"notification-worker-service","timestamp":"I5O8601","version":"1.0.0"}
{"environment":"development","error":{"$metadata":{"attempts":3,"totalRetryDelay":127},"code":"ENOTFOUND","errno":-3008,"hostname":"sqs.us-east-1.amazonaws.com","syscall":"getaddrinfo"},"instanceId":"Abdullah-pc","level":"error","message":"Full error","service":"notification-worker-service","timestamp":"I5O8601","version":"1.0.0"}
{"environment":"development","error":"getaddrinfo ENOTFOUND sqs.us-east-1.amazonaws.com","instanceId":"Abdullah-pc","level":"error","message":"Error receiving messages","service":"worker-service","timestamp":"I6O8601","version":"1.0.0"}
{"environment":"development","error":{"$metadata":{"attempts":3,"totalRetryDelay":144},"code":"ENOTFOUND","errno":-3008,"hostname":"sqs.us-east-1.amazonaws.com","syscall":"getaddrinfo"},"instanceId":"Abdullah-pc","level":"error","message":"Full error","service":"worker-service","timestamp":"I6O8601","version":"1.0.0"}
{"environment":"development","error":"getaddrinfo ENOTFOUND sqs.us-east-1.amazonaws.com","instanceId":"Abdullah-pc","level":"error","message":"Error receiving messages","service":"notification-worker-service","timestamp":"I8O8601","version":"1.0.0"}
{"environment":"development","error":{"$metadata":{"attempts":3,"totalRetryDelay":213},"code":"ENOTFOUND","errno":-3008,"hostname":"sqs.us-east-1.amazonaws.com","syscall":"getaddrinfo"},"instanceId":"Abdullah-pc","level":"error","message":"Full error","service":"notification-worker-service","timestamp":"I8O8601","version":"1.0.0"}
{"environment":"development","error":"getaddrinfo ENOTFOUND sqs.us-east-1.amazonaws.com","instanceId":"Abdullah-pc","level":"error","message":"Error receiving messages","service":"worker-service","timestamp":"I8O8601","version":"1.0.0"}
{"environment":"development","error":{"$metadata":{"attempts":3,"totalRetryDelay":161},"code":"ENOTFOUND","errno":-3008,"hostname":"sqs.us-east-1.amazonaws.com","syscall":"getaddrinfo"},"instanceId":"Abdullah-pc","level":"error","message":"Full error","service":"worker-service","timestamp":"I8O8601","version":"1.0.0"}
{"environment":"development","error":"getaddrinfo ENOTFOUND sqs.us-east-1.amazonaws.com","instanceId":"Abdullah-pc","level":"error","message":"Error receiving messages","service":"notification-worker-service","timestamp":"I9O8601","version":"1.0.0"}
{"environment":"development","error":{"$metadata":{"attempts":3,"totalRetryDelay":149},"code":"ENOTFOUND","errno":-3008,"hostname":"sqs.us-east-1.amazonaws.com","syscall":"getaddrinfo"},"instanceId":"Abdullah-pc","level":"error","message":"Full error","service":"notification-worker-service","timestamp":"I9O8601","version":"1.0.0"}
{"environment":"development","error":"getaddrinfo ENOTFOUND sqs.us-east-1.amazonaws.com","instanceId":"Abdullah-pc","level":"error","message":"Error receiving messages","service":"worker-service","timestamp":"I0O8601","version":"1.0.0"}
{"environment":"development","error":{"$metadata":{"attempts":3,"totalRetryDelay":161},"code":"ENOTFOUND","errno":-3008,"hostname":"sqs.us-east-1.amazonaws.com","syscall":"getaddrinfo"},"instanceId":"Abdullah-pc","level":"error","message":"Full error","service":"worker-service","timestamp":"I0O8601","version":"1.0.0"}
{"environment":"development","error":"getaddrinfo ENOTFOUND sqs.us-east-1.amazonaws.com","instanceId":"Abdullah-pc","level":"error","message":"Error receiving messages","service":"worker-service","timestamp":"I2O8601","version":"1.0.0"}
{"environment":"development","error":{"$metadata":{"attempts":3,"totalRetryDelay":120},"code":"ENOTFOUND","errno":-3008,"hostname":"sqs.us-east-1.amazonaws.com","syscall":"getaddrinfo"},"instanceId":"Abdullah-pc","level":"error","message":"Full error","service":"worker-service","timestamp":"I2O8601","version":"1.0.0"}
{"environment":"development","error":"getaddrinfo ENOTFOUND sqs.us-east-1.amazonaws.com","instanceId":"Abdullah-pc","level":"error","message":"Error receiving messages","service":"notification-worker-service","timestamp":"I2O8601","version":"1.0.0"}
{"environment":"development","error":{"$metadata":{"attempts":3,"totalRetryDelay":262},"code":"ENOTFOUND","errno":-3008,"hostname":"sqs.us-east-1.amazonaws.com","syscall":"getaddrinfo"},"instanceId":"Abdullah-pc","level":"error","message":"Full error","service":"notification-worker-service","timestamp":"I2O8601","version":"1.0.0"}
{"environment":"development","error":"getaddrinfo ENOTFOUND sqs.us-east-1.amazonaws.com","instanceId":"Abdullah-pc","level":"error","message":"Error receiving messages","service":"notification-worker-service","timestamp":"I4O8601","version":"1.0.0"}
{"environment":"development","error":{"$metadata":{"attempts":3,"totalRetryDelay":111},"code":"ENOTFOUND","errno":-3008,"hostname":"sqs.us-east-1.amazonaws.com","syscall":"getaddrinfo"},"instanceId":"Abdullah-pc","level":"error","message":"Full error","service":"notification-worker-service","timestamp":"I4O8601","version":"1.0.0"}
{"environment":"development","error":"getaddrinfo ENOTFOUND sqs.us-east-1.amazonaws.com","instanceId":"Abdullah-pc","level":"error","message":"Error receiving messages","service":"worker-service","timestamp":"I5O8601","version":"1.0.0"}
{"environment":"development","error":{"$metadata":{"attempts":3,"totalRetryDelay":231},"code":"ENOTFOUND","errno":-3008,"hostname":"sqs.us-east-1.amazonaws.com","syscall":"getaddrinfo"},"instanceId":"Abdullah-pc","level":"error","message":"Full error","service":"worker-service","timestamp":"I5O8601","version":"1.0.0"}
{"environment":"development","error":"getaddrinfo ENOTFOUND sqs.us-east-1.amazonaws.com","instanceId":"Abdullah-pc","level":"error","message":"Error receiving messages","service":"notification-worker-service","timestamp":"I6O8601","version":"1.0.0"}
{"environment":"development","error":{"$metadata":{"attempts":3,"totalRetryDelay":144},"code":"ENOTFOUND","errno":-3008,"hostname":"sqs.us-east-1.amazonaws.com","syscall":"getaddrinfo"},"instanceId":"Abdullah-pc","level":"error","message":"Full error","service":"notification-worker-service","timestamp":"I6O8601","version":"1.0.0"}
{"environment":"development","error":"getaddrinfo ENOTFOUND sqs.us-east-1.amazonaws.com","instanceId":"Abdullah-pc","level":"error","message":"Error receiving messages","service":"worker-service","timestamp":"I8O8601","version":"1.0.0"}
{"environment":"development","error":{"$metadata":{"attempts":3,"totalRetryDelay":273},"code":"ENOTFOUND","errno":-3008,"hostname":"sqs.us-east-1.amazonaws.com","syscall":"getaddrinfo"},"instanceId":"Abdullah-pc","level":"error","message":"Full error","service":"worker-service","timestamp":"I8O8601","version":"1.0.0"}
{"environment":"development","error":"getaddrinfo ENOTFOUND sqs.us-east-1.amazonaws.com","instanceId":"Abdullah-pc","level":"error","message":"Error receiving messages","service":"notification-worker-service","timestamp":"I8O8601","version":"1.0.0"}
{"environment":"development","error":{"$metadata":{"attempts":3,"totalRetryDelay":215},"code":"ENOTFOUND","errno":-3008,"hostname":"sqs.us-east-1.amazonaws.com","syscall":"getaddrinfo"},"instanceId":"Abdullah-pc","level":"error","message":"Full error","service":"notification-worker-service","timestamp":"I8O8601","version":"1.0.0"}
{"environment":"development","error":"getaddrinfo ENOTFOUND sqs.us-east-1.amazonaws.com","instanceId":"Abdullah-pc","level":"error","message":"Error receiving messages","service":"worker-service","timestamp":"I9O8601","version":"1.0.0"}
{"environment":"development","error":{"$metadata":{"attempts":3,"totalRetryDelay":113},"code":"ENOTFOUND","errno":-3008,"hostname":"sqs.us-east-1.amazonaws.com","syscall":"getaddrinfo"},"instanceId":"Abdullah-pc","level":"error","message":"Full error","service":"worker-service","timestamp":"I9O8601","version":"1.0.0"}
{"environment":"development","error":"getaddrinfo ENOTFOUND sqs.us-east-1.amazonaws.com","instanceId":"Abdullah-pc","level":"error","message":"Error receiving messages","service":"worker-service","timestamp":"I10O8601","version":"1.0.0"}
{"environment":"development","error":{"$metadata":{"attempts":3,"totalRetryDelay":59},"code":"ENOTFOUND","errno":-3008,"hostname":"sqs.us-east-1.amazonaws.com","syscall":"getaddrinfo"},"instanceId":"Abdullah-pc","level":"error","message":"Full error","service":"worker-service","timestamp":"I0O8601","version":"1.0.0"}
{"environment":"development","error":"getaddrinfo ENOTFOUND sqs.us-east-1.amazonaws.com","instanceId":"Abdullah-pc","level":"error","message":"Error receiving messages","service":"notification-worker-service","timestamp":"I0O8601","version":"1.0.0"}
{"environment":"development","error":{"$metadata":{"attempts":3,"totalRetryDelay":194},"code":"ENOTFOUND","errno":-3008,"hostname":"sqs.us-east-1.amazonaws.com","syscall":"getaddrinfo"},"instanceId":"Abdullah-pc","level":"error","message":"Full error","service":"notification-worker-service","timestamp":"I0O8601","version":"1.0.0"}
{"environment":"development","error":"getaddrinfo ENOTFOUND sqs.us-east-1.amazonaws.com","instanceId":"Abdullah-pc","level":"error","message":"Error receiving messages","service":"notification-worker-service","timestamp":"I2O8601","version":"1.0.0"}
{"environment":"development","error":{"$metadata":{"attempts":3,"totalRetryDelay":72},"code":"ENOTFOUND","errno":-3008,"hostname":"sqs.us-east-1.amazonaws.com","syscall":"getaddrinfo"},"instanceId":"Abdullah-pc","level":"error","message":"Full error","service":"notification-worker-service","timestamp":"I2O8601","version":"1.0.0"}
{"environment":"development","error":"getaddrinfo ENOTFOUND sqs.us-east-1.amazonaws.com","instanceId":"Abdullah-pc","level":"error","message":"Error receiving messages","service":"worker-service","timestamp":"I2O8601","version":"1.0.0"}
{"environment":"development","error":{"$metadata":{"attempts":3,"totalRetryDelay":177},"code":"ENOTFOUND","errno":-3008,"hostname":"sqs.us-east-1.amazonaws.com","syscall":"getaddrinfo"},"instanceId":"Abdullah-pc","level":"error","message":"Full error","service":"worker-service","timestamp":"I2O8601","version":"1.0.0"}
{"environment":"development","error":"getaddrinfo ENOTFOUND sqs.us-east-1.amazonaws.com","instanceId":"Abdullah-pc","level":"error","message":"Error receiving messages","service":"notification-worker-service","timestamp":"I4O8601","version":"1.0.0"}
{"environment":"development","error":{"$metadata":{"attempts":3,"totalRetryDelay":209},"code":"ENOTFOUND","errno":-3008,"hostname":"sqs.us-east-1.amazonaws.com","syscall":"getaddrinfo"},"instanceId":"Abdullah-pc","level":"error","message":"Full error","service":"notification-worker-service","timestamp":"I4O8601","version":"1.0.0"}
{"environment":"development","error":"getaddrinfo ENOTFOUND sqs.us-east-1.amazonaws.com","instanceId":"Abdullah-pc","level":"error","message":"Error receiving messages","service":"worker-service","timestamp":"I4O8601","version":"1.0.0"}
{"environment":"development","error":{"$metadata":{"attempts":3,"totalRetryDelay":178},"code":"ENOTFOUND","errno":-3008,"hostname":"sqs.us-east-1.amazonaws.com","syscall":"getaddrinfo"},"instanceId":"Abdullah-pc","level":"error","message":"Full error","service":"worker-service","timestamp":"I4O8601","version":"1.0.0"}
{"environment":"development","error":"getaddrinfo ENOTFOUND sqs.us-east-1.amazonaws.com","instanceId":"Abdullah-pc","level":"error","message":"Error receiving messages","service":"notification-worker-service","timestamp":"I6O8601","version":"1.0.0"}
{"environment":"development","error":{"$metadata":{"attempts":3,"totalRetryDelay":208},"code":"ENOTFOUND","errno":-3008,"hostname":"sqs.us-east-1.amazonaws.com","syscall":"getaddrinfo"},"instanceId":"Abdullah-pc","level":"error","message":"Full error","service":"notification-worker-service","timestamp":"I6O8601","version":"1.0.0"}
{"environment":"development","error":"getaddrinfo ENOTFOUND sqs.us-east-1.amazonaws.com","instanceId":"Abdullah-pc","level":"error","message":"Error receiving messages","service":"worker-service","timestamp":"I7O8601","version":"1.0.0"}
{"environment":"development","error":{"$metadata":{"attempts":3,"totalRetryDelay":240},"code":"ENOTFOUND","errno":-3008,"hostname":"sqs.us-east-1.amazonaws.com","syscall":"getaddrinfo"},"instanceId":"Abdullah-pc","level":"error","message":"Full error","service":"worker-service","timestamp":"I7O8601","version":"1.0.0"}
{"environment":"development","error":"getaddrinfo ENOTFOUND sqs.us-east-1.amazonaws.com","instanceId":"Abdullah-pc","level":"error","message":"Error receiving messages","service":"notification-worker-service","timestamp":"I9O8601","version":"1.0.0"}
{"environment":"development","error":{"$metadata":{"attempts":3,"totalRetryDelay":226},"code":"ENOTFOUND","errno":-3008,"hostname":"sqs.us-east-1.amazonaws.com","syscall":"getaddrinfo"},"instanceId":"Abdullah-pc","level":"error","message":"Full error","service":"notification-worker-service","timestamp":"I9O8601","version":"1.0.0"}
{"environment":"development","error":"getaddrinfo ENOTFOUND sqs.us-east-1.amazonaws.com","instanceId":"Abdullah-pc","level":"error","message":"Error receiving messages","service":"worker-service","timestamp":"I9O8601","version":"1.0.0"}
{"environment":"development","error":{"$metadata":{"attempts":3,"totalRetryDelay":191},"code":"ENOTFOUND","errno":-3008,"hostname":"sqs.us-east-1.amazonaws.com","syscall":"getaddrinfo"},"instanceId":"Abdullah-pc","level":"error","message":"Full error","service":"worker-service","timestamp":"I9O8601","version":"1.0.0"}
{"environment":"development","error":"getaddrinfo ENOTFOUND sqs.us-east-1.amazonaws.com","instanceId":"Abdullah-pc","level":"error","message":"Error receiving messages","service":"worker-service","timestamp":"I10O8601","version":"1.0.0"}
{"environment":"development","error":{"$metadata":{"attempts":3,"totalRetryDelay":46},"code":"ENOTFOUND","errno":-3008,"hostname":"sqs.us-east-1.amazonaws.com","syscall":"getaddrinfo"},"instanceId":"Abdullah-pc","level":"error","message":"Full error","service":"worker-service","timestamp":"I10O8601","version":"1.0.0"}
{"environment":"development","error":"getaddrinfo ENOTFOUND sqs.us-east-1.amazonaws.com","instanceId":"Abdullah-pc","level":"error","message":"Error receiving messages","service":"worker-service","timestamp":"I1O8601","version":"1.0.0"}
{"environment":"development","error":"getaddrinfo ENOTFOUND sqs.us-east-1.amazonaws.com","instanceId":"Abdullah-pc","level":"error","message":"Error receiving messages","service":"notification-worker-service","timestamp":"I1O8601","version":"1.0.0"}
{"environment":"development","error":{"$metadata":{"attempts":3,"totalRetryDelay":103},"code":"ENOTFOUND","errno":-3008,"hostname":"sqs.us-east-1.amazonaws.com","syscall":"getaddrinfo"},"instanceId":"Abdullah-pc","level":"error","message":"Full error","service":"worker-service","timestamp":"I1O8601","version":"1.0.0"}
{"environment":"development","error":{"$metadata":{"attempts":3,"totalRetryDelay":179},"code":"ENOTFOUND","errno":-3008,"hostname":"sqs.us-east-1.amazonaws.com","syscall":"getaddrinfo"},"instanceId":"Abdullah-pc","level":"error","message":"Full error","service":"notification-worker-service","timestamp":"I1O8601","version":"1.0.0"}
{"environment":"development","error":"getaddrinfo ENOTFOUND sqs.us-east-1.amazonaws.com","instanceId":"Abdullah-pc","level":"error","message":"Error receiving messages","service":"notification-worker-service","timestamp":"I3O8601","version":"1.0.0"}
{"environment":"development","error":{"$metadata":{"attempts":3,"totalRetryDelay":119},"code":"ENOTFOUND","errno":-3008,"hostname":"sqs.us-east-1.amazonaws.com","syscall":"getaddrinfo"},"instanceId":"Abdullah-pc","level":"error","message":"Full error","service":"notification-worker-service","timestamp":"I3O8601","version":"1.0.0"}
{"environment":"development","error":"getaddrinfo ENOTFOUND sqs.us-east-1.amazonaws.com","instanceId":"Abdullah-pc","level":"error","message":"Error receiving messages","service":"worker-service","timestamp":"I3O8601","version":"1.0.0"}
{"environment":"development","error":{"$metadata":{"attempts":3,"totalRetryDelay":171},"code":"ENOTFOUND","errno":-3008,"hostname":"sqs.us-east-1.amazonaws.com","syscall":"getaddrinfo"},"instanceId":"Abdullah-pc","level":"error","message":"Full error","service":"worker-service","timestamp":"I3O8601","version":"1.0.0"}
{"environment":"development","error":"getaddrinfo ENOTFOUND sqs.us-east-1.amazonaws.com","instanceId":"Abdullah-pc","level":"error","message":"Error receiving messages","service":"notification-worker-service","timestamp":"I5O8601","version":"1.0.0"}
{"environment":"development","error":{"$metadata":{"attempts":3,"totalRetryDelay":167},"code":"ENOTFOUND","errno":-3008,"hostname":"sqs.us-east-1.amazonaws.com","syscall":"getaddrinfo"},"instanceId":"Abdullah-pc","level":"error","message":"Full error","service":"notification-worker-service","timestamp":"I5O8601","version":"1.0.0"}
{"environment":"development","error":"getaddrinfo ENOTFOUND sqs.us-east-1.amazonaws.com","instanceId":"Abdullah-pc","level":"error","message":"Error receiving messages","service":"worker-service","timestamp":"I5O8601","version":"1.0.0"}
{"environment":"development","error":{"$metadata":{"attempts":3,"totalRetryDelay":182},"code":"ENOTFOUND","errno":-3008,"hostname":"sqs.us-east-1.amazonaws.com","syscall":"getaddrinfo"},"instanceId":"Abdullah-pc","level":"error","message":"Full error","service":"worker-service","timestamp":"I5O8601","version":"1.0.0"}
{"environment":"development","error":"getaddrinfo ENOTFOUND sqs.us-east-1.amazonaws.com","instanceId":"Abdullah-pc","level":"error","message":"Error receiving messages","service":"notification-worker-service","timestamp":"I7O8601","version":"1.0.0"}
{"environment":"development","error":{"$metadata":{"attempts":3,"totalRetryDelay":222},"code":"ENOTFOUND","errno":-3008,"hostname":"sqs.us-east-1.amazonaws.com","syscall":"getaddrinfo"},"instanceId":"Abdullah-pc","level":"error","message":"Full error","service":"notification-worker-service","timestamp":"I7O8601","version":"1.0.0"}
{"environment":"development","error":"getaddrinfo ENOTFOUND sqs.us-east-1.amazonaws.com","instanceId":"Abdullah-pc","level":"error","message":"Error receiving messages","service":"worker-service","timestamp":"I7O8601","version":"1.0.0"}
{"environment":"development","error":{"$metadata":{"attempts":3,"totalRetryDelay":175},"code":"ENOTFOUND","errno":-3008,"hostname":"sqs.us-east-1.amazonaws.com","syscall":"getaddrinfo"},"instanceId":"Abdullah-pc","level":"error","message":"Full error","service":"worker-service","timestamp":"I7O8601","version":"1.0.0"}
{"environment":"development","error":"getaddrinfo ENOTFOUND sqs.us-east-1.amazonaws.com","instanceId":"Abdullah-pc","level":"error","message":"Error receiving messages","service":"notification-worker-service","timestamp":"I8O8601","version":"1.0.0"}
{"environment":"development","error":{"$metadata":{"attempts":3,"totalRetryDelay":98},"code":"ENOTFOUND","errno":-3008,"hostname":"sqs.us-east-1.amazonaws.com","syscall":"getaddrinfo"},"instanceId":"Abdullah-pc","level":"error","message":"Full error","service":"notification-worker-service","timestamp":"I8O8601","version":"1.0.0"}
{"environment":"development","error":"getaddrinfo ENOTFOUND sqs.us-east-1.amazonaws.com","instanceId":"Abdullah-pc","level":"error","message":"Error receiving messages","service":"worker-service","timestamp":"I10O8601","version":"1.0.0"}
{"environment":"development","error":{"$metadata":{"attempts":3,"totalRetryDelay":229},"code":"ENOTFOUND","errno":-3008,"hostname":"sqs.us-east-1.amazonaws.com","syscall":"getaddrinfo"},"instanceId":"Abdullah-pc","level":"error","message":"Full error","service":"worker-service","timestamp":"I10O8601","version":"1.0.0"}
{"environment":"development","error":"getaddrinfo ENOTFOUND sqs.us-east-1.amazonaws.com","instanceId":"Abdullah-pc","level":"error","message":"Error receiving messages","service":"notification-worker-service","timestamp":"I1O8601","version":"1.0.0"}
{"environment":"development","error":{"$metadata":{"attempts":3,"totalRetryDelay":186},"code":"ENOTFOUND","errno":-3008,"hostname":"sqs.us-east-1.amazonaws.com","syscall":"getaddrinfo"},"instanceId":"Abdullah-pc","level":"error","message":"Full error","service":"notification-worker-service","timestamp":"I1O8601","version":"1.0.0"}
{"environment":"development","error":"getaddrinfo ENOTFOUND sqs.us-east-1.amazonaws.com","instanceId":"Abdullah-pc","level":"error","message":"Error receiving messages","service":"worker-service","timestamp":"I1O8601","version":"1.0.0"}
{"environment":"development","error":{"$metadata":{"attempts":3,"totalRetryDelay":122},"code":"ENOTFOUND","errno":-3008,"hostname":"sqs.us-east-1.amazonaws.com","syscall":"getaddrinfo"},"instanceId":"Abdullah-pc","level":"error","message":"Full error","service":"worker-service","timestamp":"I1O8601","version":"1.0.0"}
{"environment":"development","error":"getaddrinfo ENOTFOUND sqs.us-east-1.amazonaws.com","instanceId":"Abdullah-pc","level":"error","message":"Error receiving messages","service":"notification-worker-service","timestamp":"I2O8601","version":"1.0.0"}
{"environment":"development","error":{"$metadata":{"attempts":3,"totalRetryDelay":114},"code":"ENOTFOUND","errno":-3008,"hostname":"sqs.us-east-1.amazonaws.com","syscall":"getaddrinfo"},"instanceId":"Abdullah-pc","level":"error","message":"Full error","service":"notification-worker-service","timestamp":"I2O8601","version":"1.0.0"}
{"environment":"development","error":"getaddrinfo ENOTFOUND sqs.us-east-1.amazonaws.com","instanceId":"Abdullah-pc","level":"error","message":"Error receiving messages","service":"notification-worker-service","timestamp":"I3O8601","version":"1.0.0"}
{"environment":"development","error":{"$metadata":{"attempts":3,"totalRetryDelay":83},"code":"ENOTFOUND","errno":-3008,"hostname":"sqs.us-east-1.amazonaws.com","syscall":"getaddrinfo"},"instanceId":"Abdullah-pc","level":"error","message":"Full error","service":"notification-worker-service","timestamp":"I3O8601","version":"1.0.0"}
{"environment":"development","error":"getaddrinfo ENOTFOUND sqs.us-east-1.amazonaws.com","instanceId":"Abdullah-pc","level":"error","message":"Error receiving messages","service":"worker-service","timestamp":"I3O8601","version":"1.0.0"}
{"environment":"development","error":{"$metadata":{"attempts":3,"totalRetryDelay":157},"code":"ENOTFOUND","errno":-3008,"hostname":"sqs.us-east-1.amazonaws.com","syscall":"getaddrinfo"},"instanceId":"Abdullah-pc","level":"error","message":"Full error","service":"worker-service","timestamp":"I3O8601","version":"1.0.0"}
{"environment":"development","error":"getaddrinfo ENOTFOUND sqs.us-east-1.amazonaws.com","instanceId":"Abdullah-pc","level":"error","message":"Error receiving messages","service":"worker-service","timestamp":"I4O8601","version":"1.0.0"}
{"environment":"development","error":{"$metadata":{"attempts":3,"totalRetryDelay":28},"code":"ENOTFOUND","errno":-3008,"hostname":"sqs.us-east-1.amazonaws.com","syscall":"getaddrinfo"},"instanceId":"Abdullah-pc","level":"error","message":"Full error","service":"worker-service","timestamp":"I4O8601","version":"1.0.0"}
{"environment":"development","error":"getaddrinfo ENOTFOUND sqs.us-east-1.amazonaws.com","instanceId":"Abdullah-pc","level":"error","message":"Error receiving messages","service":"notification-worker-service","timestamp":"I4O8601","version":"1.0.0"}
{"environment":"development","error":{"$metadata":{"attempts":3,"totalRetryDelay":101},"code":"ENOTFOUND","errno":-3008,"hostname":"sqs.us-east-1.amazonaws.com","syscall":"getaddrinfo"},"instanceId":"Abdullah-pc","level":"error","message":"Full error","service":"notification-worker-service","timestamp":"I4O8601","version":"1.0.0"}
{"environment":"development","error":"getaddrinfo ENOTFOUND sqs.us-east-1.amazonaws.com","instanceId":"Abdullah-pc","level":"error","message":"Error receiving messages","service":"notification-worker-service","timestamp":"I5O8601","version":"1.0.0"}
{"environment":"development","error":{"$metadata":{"attempts":3,"totalRetryDelay":34},"code":"ENOTFOUND","errno":-3008,"hostname":"sqs.us-east-1.amazonaws.com","syscall":"getaddrinfo"},"instanceId":"Abdullah-pc","level":"error","message":"Full error","service":"notification-worker-service","timestamp":"I5O8601","version":"1.0.0"}
{"environment":"development","error":"getaddrinfo ENOTFOUND sqs.us-east-1.amazonaws.com","instanceId":"Abdullah-pc","level":"error","message":"Error receiving messages","service":"notification-worker-service","timestamp":"I6O8601","version":"1.0.0"}
{"environment":"development","error":"getaddrinfo ENOTFOUND sqs.us-east-1.amazonaws.com","instanceId":"Abdullah-pc","level":"error","message":"Error receiving messages","service":"worker-service","timestamp":"I6O8601","version":"1.0.0"}
{"environment":"development","error":{"$metadata":{"attempts":3,"totalRetryDelay":99},"code":"ENOTFOUND","errno":-3008,"hostname":"sqs.us-east-1.amazonaws.com","syscall":"getaddrinfo"},"instanceId":"Abdullah-pc","level":"error","message":"Full error","service":"notification-worker-service","timestamp":"I6O8601","version":"1.0.0"}
{"environment":"development","error":{"$metadata":{"attempts":3,"totalRetryDelay":183},"code":"ENOTFOUND","errno":-3008,"hostname":"sqs.us-east-1.amazonaws.com","syscall":"getaddrinfo"},"instanceId":"Abdullah-pc","level":"error","message":"Full error","service":"worker-service","timestamp":"I6O8601","version":"1.0.0"}
{"environment":"development","error":"getaddrinfo ENOTFOUND sqs.us-east-1.amazonaws.com","instanceId":"Abdullah-pc","level":"error","message":"Error receiving messages","service":"worker-service","timestamp":"I7O8601","version":"1.0.0"}
{"environment":"development","error":{"$metadata":{"attempts":3,"totalRetryDelay":78},"code":"ENOTFOUND","errno":-3008,"hostname":"sqs.us-east-1.amazonaws.com","syscall":"getaddrinfo"},"instanceId":"Abdullah-pc","level":"error","message":"Full error","service":"worker-service","timestamp":"I7O8601","version":"1.0.0"}
{"environment":"development","error":"getaddrinfo ENOTFOUND sqs.us-east-1.amazonaws.com","instanceId":"Abdullah-pc","level":"error","message":"Error receiving messages","service":"worker-service","timestamp":"I8O8601","version":"1.0.0"}
{"environment":"development","error":{"$metadata":{"attempts":3,"totalRetryDelay":8},"code":"ENOTFOUND","errno":-3008,"hostname":"sqs.us-east-1.amazonaws.com","syscall":"getaddrinfo"},"instanceId":"Abdullah-pc","level":"error","message":"Full error","service":"worker-service","timestamp":"I8O8601","version":"1.0.0"}
{"environment":"development","error":"getaddrinfo ENOTFOUND sqs.us-east-1.amazonaws.com","instanceId":"Abdullah-pc","level":"error","message":"Error receiving messages","service":"notification-worker-service","timestamp":"I8O8601","version":"1.0.0"}
{"environment":"development","error":{"$metadata":{"attempts":3,"totalRetryDelay":143},"code":"ENOTFOUND","errno":-3008,"hostname":"sqs.us-east-1.amazonaws.com","syscall":"getaddrinfo"},"instanceId":"Abdullah-pc","level":"error","message":"Full error","service":"notification-worker-service","timestamp":"I8O8601","version":"1.0.0"}
{"environment":"development","error":"getaddrinfo ENOTFOUND sqs.us-east-1.amazonaws.com","instanceId":"Abdullah-pc","level":"error","message":"Error receiving messages","service":"notification-worker-service","timestamp":"I10O8601","version":"1.0.0"}
{"environment":"development","error":"getaddrinfo ENOTFOUND sqs.us-east-1.amazonaws.com","instanceId":"Abdullah-pc","level":"error","message":"Error receiving messages","service":"worker-service","timestamp":"I10O8601","version":"1.0.0"}
{"environment":"development","error":{"$metadata":{"attempts":3,"totalRetryDelay":164},"code":"ENOTFOUND","errno":-3008,"hostname":"sqs.us-east-1.amazonaws.com","syscall":"getaddrinfo"},"instanceId":"Abdullah-pc","level":"error","message":"Full error","service":"worker-service","timestamp":"I10O8601","version":"1.0.0"}
{"environment":"development","error":{"$metadata":{"attempts":3,"totalRetryDelay":167},"code":"ENOTFOUND","errno":-3008,"hostname":"sqs.us-east-1.amazonaws.com","syscall":"getaddrinfo"},"instanceId":"Abdullah-pc","level":"error","message":"Full error","service":"notification-worker-service","timestamp":"I10O8601","version":"1.0.0"}
{"environment":"development","error":"getaddrinfo ENOTFOUND sqs.us-east-1.amazonaws.com","instanceId":"Abdullah-pc","level":"error","message":"Error receiving messages","service":"notification-worker-service","timestamp":"I2O8601","version":"1.0.0"}
{"environment":"development","error":"getaddrinfo ENOTFOUND sqs.us-east-1.amazonaws.com","instanceId":"Abdullah-pc","level":"error","message":"Error receiving messages","service":"worker-service","timestamp":"I2O8601","version":"1.0.0"}
{"environment":"development","error":{"$metadata":{"attempts":3,"totalRetryDelay":153},"code":"ENOTFOUND","errno":-3008,"hostname":"sqs.us-east-1.amazonaws.com","syscall":"getaddrinfo"},"instanceId":"Abdullah-pc","level":"error","message":"Full error","service":"notification-worker-service","timestamp":"I2O8601","version":"1.0.0"}
{"environment":"development","error":{"$metadata":{"attempts":3,"totalRetryDelay":158},"code":"ENOTFOUND","errno":-3008,"hostname":"sqs.us-east-1.amazonaws.com","syscall":"getaddrinfo"},"instanceId":"Abdullah-pc","level":"error","message":"Full error","service":"worker-service","timestamp":"I2O8601","version":"1.0.0"}
{"environment":"development","error":"getaddrinfo ENOTFOUND sqs.us-east-1.amazonaws.com","instanceId":"Abdullah-pc","level":"error","message":"Error receiving messages","service":"worker-service","timestamp":"I3O8601","version":"1.0.0"}
{"environment":"development","error":{"$metadata":{"attempts":3,"totalRetryDelay":110},"code":"ENOTFOUND","errno":-3008,"hostname":"sqs.us-east-1.amazonaws.com","syscall":"getaddrinfo"},"instanceId":"Abdullah-pc","level":"error","message":"Full error","service":"worker-service","timestamp":"I3O8601","version":"1.0.0"}
{"environment":"development","error":"getaddrinfo ENOTFOUND sqs.us-east-1.amazonaws.com","instanceId":"Abdullah-pc","level":"error","message":"Error receiving messages","service":"notification-worker-service","timestamp":"I3O8601","version":"1.0.0"}
{"environment":"development","error":{"$metadata":{"attempts":3,"totalRetryDelay":149},"code":"ENOTFOUND","errno":-3008,"hostname":"sqs.us-east-1.amazonaws.com","syscall":"getaddrinfo"},"instanceId":"Abdullah-pc","level":"error","message":"Full error","service":"notification-worker-service","timestamp":"I4O8601","version":"1.0.0"}
{"environment":"development","error":"getaddrinfo ENOTFOUND sqs.us-east-1.amazonaws.com","instanceId":"Abdullah-pc","level":"error","message":"Error receiving messages","service":"worker-service","timestamp":"I5O8601","version":"1.0.0"}
{"environment":"development","error":{"$metadata":{"attempts":3,"totalRetryDelay":152},"code":"ENOTFOUND","errno":-3008,"hostname":"sqs.us-east-1.amazonaws.com","syscall":"getaddrinfo"},"instanceId":"Abdullah-pc","level":"error","message":"Full error","service":"worker-service","timestamp":"I5O8601","version":"1.0.0"}
{"environment":"development","error":"getaddrinfo ENOTFOUND sqs.us-east-1.amazonaws.com","instanceId":"Abdullah-pc","level":"error","message":"Error receiving messages","service":"notification-worker-service","timestamp":"I5O8601","version":"1.0.0"}
{"environment":"development","error":{"$metadata":{"attempts":3,"totalRetryDelay":153},"code":"ENOTFOUND","errno":-3008,"hostname":"sqs.us-east-1.amazonaws.com","syscall":"getaddrinfo"},"instanceId":"Abdullah-pc","level":"error","message":"Full error","service":"notification-worker-service","timestamp":"I5O8601","version":"1.0.0"}
{"environment":"development","error":"getaddrinfo ENOTFOUND sqs.us-east-1.amazonaws.com","instanceId":"Abdullah-pc","level":"error","message":"Error receiving messages","service":"worker-service","timestamp":"I6O8601","version":"1.0.0"}
{"environment":"development","error":{"$metadata":{"attempts":3,"totalRetryDelay":131},"code":"ENOTFOUND","errno":-3008,"hostname":"sqs.us-east-1.amazonaws.com","syscall":"getaddrinfo"},"instanceId":"Abdullah-pc","level":"error","message":"Full error","service":"worker-service","timestamp":"I6O8601","version":"1.0.0"}
{"environment":"development","error":"getaddrinfo ENOTFOUND sqs.us-east-1.amazonaws.com","instanceId":"Abdullah-pc","level":"error","message":"Error receiving messages","service":"notification-worker-service","timestamp":"I8O8601","version":"1.0.0"}
{"environment":"development","error":{"$metadata":{"attempts":3,"totalRetryDelay":224},"code":"ENOTFOUND","errno":-3008,"hostname":"sqs.us-east-1.amazonaws.com","syscall":"getaddrinfo"},"instanceId":"Abdullah-pc","level":"error","message":"Full error","service":"notification-worker-service","timestamp":"I8O8601","version":"1.0.0"}
{"environment":"development","error":"getaddrinfo ENOTFOUND sqs.us-east-1.amazonaws.com","instanceId":"Abdullah-pc","level":"error","message":"Error receiving messages","service":"notification-worker-service","timestamp":"I9O8601","version":"1.0.0"}
{"environment":"development","error":"getaddrinfo ENOTFOUND sqs.us-east-1.amazonaws.com","instanceId":"Abdullah-pc","level":"error","message":"Error receiving messages","service":"worker-service","timestamp":"I9O8601","version":"1.0.0"}
{"environment":"development","error":{"$metadata":{"attempts":3,"totalRetryDelay":246},"code":"ENOTFOUND","errno":-3008,"hostname":"sqs.us-east-1.amazonaws.com","syscall":"getaddrinfo"},"instanceId":"Abdullah-pc","level":"error","message":"Full error","service":"worker-service","timestamp":"I9O8601","version":"1.0.0"}
{"environment":"development","error":{"$metadata":{"attempts":3,"totalRetryDelay":106},"code":"ENOTFOUND","errno":-3008,"hostname":"sqs.us-east-1.amazonaws.com","syscall":"getaddrinfo"},"instanceId":"Abdullah-pc","level":"error","message":"Full error","service":"notification-worker-service","timestamp":"I9O8601","version":"1.0.0"}
{"environment":"development","error":"getaddrinfo ENOTFOUND sqs.us-east-1.amazonaws.com","instanceId":"Abdullah-pc","level":"error","message":"Error receiving messages","service":"notification-worker-service","timestamp":"I1O8601","version":"1.0.0"}
{"environment":"development","error":{"$metadata":{"attempts":3,"totalRetryDelay":133},"code":"ENOTFOUND","errno":-3008,"hostname":"sqs.us-east-1.amazonaws.com","syscall":"getaddrinfo"},"instanceId":"Abdullah-pc","level":"error","message":"Full error","service":"notification-worker-service","timestamp":"I1O8601","version":"1.0.0"}
{"environment":"development","error":"getaddrinfo ENOTFOUND sqs.us-east-1.amazonaws.com","instanceId":"Abdullah-pc","level":"error","message":"Error receiving messages","service":"worker-service","timestamp":"I1O8601","version":"1.0.0"}
{"environment":"development","error":{"$metadata":{"attempts":3,"totalRetryDelay":180},"code":"ENOTFOUND","errno":-3008,"hostname":"sqs.us-east-1.amazonaws.com","syscall":"getaddrinfo"},"instanceId":"Abdullah-pc","level":"error","message":"Full error","service":"worker-service","timestamp":"I1O8601","version":"1.0.0"}
{"environment":"development","error":"getaddrinfo ENOTFOUND sqs.us-east-1.amazonaws.com","instanceId":"Abdullah-pc","level":"error","message":"Error receiving messages","service":"worker-service","timestamp":"I2O8601","version":"1.0.0"}
{"environment":"development","error":{"$metadata":{"attempts":3,"totalRetryDelay":40},"code":"ENOTFOUND","errno":-3008,"hostname":"sqs.us-east-1.amazonaws.com","syscall":"getaddrinfo"},"instanceId":"Abdullah-pc","level":"error","message":"Full error","service":"worker-service","timestamp":"I2O8601","version":"1.0.0"}
{"environment":"development","error":"getaddrinfo ENOTFOUND sqs.us-east-1.amazonaws.com","instanceId":"Abdullah-pc","level":"error","message":"Error receiving messages","service":"worker-service","timestamp":"I3O8601","version":"1.0.0"}
{"environment":"development","error":{"$metadata":{"attempts":3,"totalRetryDelay":76},"code":"ENOTFOUND","errno":-3008,"hostname":"sqs.us-east-1.amazonaws.com","syscall":"getaddrinfo"},"instanceId":"Abdullah-pc","level":"error","message":"Full error","service":"worker-service","timestamp":"I3O8601","version":"1.0.0"}
{"environment":"development","error":"getaddrinfo ENOTFOUND sqs.us-east-1.amazonaws.com","instanceId":"Abdullah-pc","level":"error","message":"Error receiving messages","service":"notification-worker-service","timestamp":"I3O8601","version":"1.0.0"}
{"environment":"development","error":{"$metadata":{"attempts":3,"totalRetryDelay":228},"code":"ENOTFOUND","errno":-3008,"hostname":"sqs.us-east-1.amazonaws.com","syscall":"getaddrinfo"},"instanceId":"Abdullah-pc","level":"error","message":"Full error","service":"notification-worker-service","timestamp":"I3O8601","version":"1.0.0"}
{"environment":"development","error":"getaddrinfo ENOTFOUND sqs.us-east-1.amazonaws.com","instanceId":"Abdullah-pc","level":"error","message":"Error receiving messages","service":"worker-service","timestamp":"I5O8601","version":"1.0.0"}
{"environment":"development","error":{"$metadata":{"attempts":3,"totalRetryDelay":189},"code":"ENOTFOUND","errno":-3008,"hostname":"sqs.us-east-1.amazonaws.com","syscall":"getaddrinfo"},"instanceId":"Abdullah-pc","level":"error","message":"Full error","service":"worker-service","timestamp":"I5O8601","version":"1.0.0"}
{"environment":"development","error":"getaddrinfo ENOTFOUND sqs.us-east-1.amazonaws.com","instanceId":"Abdullah-pc","level":"error","message":"Error receiving messages","service":"worker-service","timestamp":"I6O8601","version":"1.0.0"}
{"environment":"development","error":"getaddrinfo ENOTFOUND sqs.us-east-1.amazonaws.com","instanceId":"Abdullah-pc","level":"error","message":"Error receiving messages","service":"notification-worker-service","timestamp":"I6O8601","version":"1.0.0"}
{"environment":"development","error":{"$metadata":{"attempts":3,"totalRetryDelay":274},"code":"ENOTFOUND","errno":-3008,"hostname":"sqs.us-east-1.amazonaws.com","syscall":"getaddrinfo"},"instanceId":"Abdullah-pc","level":"error","message":"Full error","service":"notification-worker-service","timestamp":"I6O8601","version":"1.0.0"}
{"environment":"development","error":{"$metadata":{"attempts":3,"totalRetryDelay":53},"code":"ENOTFOUND","errno":-3008,"hostname":"sqs.us-east-1.amazonaws.com","syscall":"getaddrinfo"},"instanceId":"Abdullah-pc","level":"error","message":"Full error","service":"worker-service","timestamp":"I6O8601","version":"1.0.0"}
{"environment":"development","error":"getaddrinfo ENOTFOUND sqs.us-east-1.amazonaws.com","instanceId":"Abdullah-pc","level":"error","message":"Error receiving messages","service":"worker-service","timestamp":"I8O8601","version":"1.0.0"}
{"environment":"development","error":{"$metadata":{"attempts":3,"totalRetryDelay":145},"code":"ENOTFOUND","errno":-3008,"hostname":"sqs.us-east-1.amazonaws.com","syscall":"getaddrinfo"},"instanceId":"Abdullah-pc","level":"error","message":"Full error","service":"worker-service","timestamp":"I8O8601","version":"1.0.0"}
{"environment":"development","error":"getaddrinfo ENOTFOUND sqs.us-east-1.amazonaws.com","instanceId":"Abdullah-pc","level":"error","message":"Error receiving messages","service":"notification-worker-service","timestamp":"I9O8601","version":"1.0.0"}
{"environment":"development","error":{"$metadata":{"attempts":3,"totalRetryDelay":202},"code":"ENOTFOUND","errno":-3008,"hostname":"sqs.us-east-1.amazonaws.com","syscall":"getaddrinfo"},"instanceId":"Abdullah-pc","level":"error","message":"Full error","service":"notification-worker-service","timestamp":"I9O8601","version":"1.0.0"}
{"environment":"development","error":"getaddrinfo ENOTFOUND sqs.us-east-1.amazonaws.com","instanceId":"Abdullah-pc","level":"error","message":"Error receiving messages","service":"notification-worker-service","timestamp":"I0O8601","version":"1.0.0"}
{"environment":"development","error":{"$metadata":{"attempts":3,"totalRetryDelay":132},"code":"ENOTFOUND","errno":-3008,"hostname":"sqs.us-east-1.amazonaws.com","syscall":"getaddrinfo"},"instanceId":"Abdullah-pc","level":"error","message":"Full error","service":"notification-worker-service","timestamp":"I0O8601","version":"1.0.0"}
{"environment":"development","error":"getaddrinfo ENOTFOUND sqs.us-east-1.amazonaws.com","instanceId":"Abdullah-pc","level":"error","message":"Error receiving messages","service":"worker-service","timestamp":"I0O8601","version":"1.0.0"}
{"environment":"development","error":{"$metadata":{"attempts":3,"totalRetryDelay":190},"code":"ENOTFOUND","errno":-3008,"hostname":"sqs.us-east-1.amazonaws.com","syscall":"getaddrinfo"},"instanceId":"Abdullah-pc","level":"error","message":"Full error","service":"worker-service","timestamp":"I1O8601","version":"1.0.0"}
{"environment":"development","error":"getaddrinfo ENOTFOUND sqs.us-east-1.amazonaws.com","instanceId":"Abdullah-pc","level":"error","message":"Error receiving messages","service":"notification-worker-service","timestamp":"I2O8601","version":"1.0.0"}
{"environment":"development","error":{"$metadata":{"attempts":3,"totalRetryDelay":155},"code":"ENOTFOUND","errno":-3008,"hostname":"sqs.us-east-1.amazonaws.com","syscall":"getaddrinfo"},"instanceId":"Abdullah-pc","level":"error","message":"Full error","service":"notification-worker-service","timestamp":"I2O8601","version":"1.0.0"}
{"environment":"development","error":"getaddrinfo ENOTFOUND sqs.us-east-1.amazonaws.com","instanceId":"Abdullah-pc","level":"error","message":"Error receiving messages","service":"worker-service","timestamp":"I2O8601","version":"1.0.0"}
{"environment":"development","error":{"$metadata":{"attempts":3,"totalRetryDelay":180},"code":"ENOTFOUND","errno":-3008,"hostname":"sqs.us-east-1.amazonaws.com","syscall":"getaddrinfo"},"instanceId":"Abdullah-pc","level":"error","message":"Full error","service":"worker-service","timestamp":"I3O8601","version":"1.0.0"}
{"environment":"development","error":"getaddrinfo ENOTFOUND sqs.us-east-1.amazonaws.com","instanceId":"Abdullah-pc","level":"error","message":"Error receiving messages","service":"notification-worker-service","timestamp":"I3O8601","version":"1.0.0"}
{"environment":"development","error":{"$metadata":{"attempts":3,"totalRetryDelay":80},"code":"ENOTFOUND","errno":-3008,"hostname":"sqs.us-east-1.amazonaws.com","syscall":"getaddrinfo"},"instanceId":"Abdullah-pc","level":"error","message":"Full error","service":"notification-worker-service","timestamp":"I3O8601","version":"1.0.0"}
{"environment":"development","error":"getaddrinfo ENOTFOUND sqs.us-east-1.amazonaws.com","instanceId":"Abdullah-pc","level":"error","message":"Error receiving messages","service":"worker-service","timestamp":"I5O8601","version":"1.0.0"}
{"environment":"development","error":{"$metadata":{"attempts":3,"totalRetryDelay":194},"code":"ENOTFOUND","errno":-3008,"hostname":"sqs.us-east-1.amazonaws.com","syscall":"getaddrinfo"},"instanceId":"Abdullah-pc","level":"error","message":"Full error","service":"worker-service","timestamp":"I5O8601","version":"1.0.0"}
{"environment":"development","error":"getaddrinfo ENOTFOUND sqs.us-east-1.amazonaws.com","instanceId":"Abdullah-pc","level":"error","message":"Error receiving messages","service":"notification-worker-service","timestamp":"I5O8601","version":"1.0.0"}
{"environment":"development","error":{"$metadata":{"attempts":3,"totalRetryDelay":179},"code":"ENOTFOUND","errno":-3008,"hostname":"sqs.us-east-1.amazonaws.com","syscall":"getaddrinfo"},"instanceId":"Abdullah-pc","level":"error","message":"Full error","service":"notification-worker-service","timestamp":"I5O8601","version":"1.0.0"}
{"environment":"development","error":"getaddrinfo ENOTFOUND sqs.us-east-1.amazonaws.com","instanceId":"Abdullah-pc","level":"error","message":"Error receiving messages","service":"notification-worker-service","timestamp":"I6O8601","version":"1.0.0"}
{"environment":"development","error":{"$metadata":{"attempts":3,"totalRetryDelay":60},"code":"ENOTFOUND","errno":-3008,"hostname":"sqs.us-east-1.amazonaws.com","syscall":"getaddrinfo"},"instanceId":"Abdullah-pc","level":"error","message":"Full error","service":"notification-worker-service","timestamp":"I6O8601","version":"1.0.0"}
{"environment":"development","error":"getaddrinfo ENOTFOUND sqs.us-east-1.amazonaws.com","instanceId":"Abdullah-pc","level":"error","message":"Error receiving messages","service":"worker-service","timestamp":"I7O8601","version":"1.0.0"}
{"environment":"development","error":{"$metadata":{"attempts":3,"totalRetryDelay":167},"code":"ENOTFOUND","errno":-3008,"hostname":"sqs.us-east-1.amazonaws.com","syscall":"getaddrinfo"},"instanceId":"Abdullah-pc","level":"error","message":"Full error","service":"worker-service","timestamp":"I7O8601","version":"1.0.0"}
{"environment":"development","error":"getaddrinfo ENOTFOUND sqs.us-east-1.amazonaws.com","instanceId":"Abdullah-pc","level":"error","message":"Error receiving messages","service":"notification-worker-service","timestamp":"I9O8601","version":"1.0.0"}
{"environment":"development","error":"getaddrinfo ENOTFOUND sqs.us-east-1.amazonaws.com","instanceId":"Abdullah-pc","level":"error","message":"Error receiving messages","service":"worker-service","timestamp":"I9O8601","version":"1.0.0"}
{"environment":"development","error":{"$metadata":{"attempts":3,"totalRetryDelay":267},"code":"ENOTFOUND","errno":-3008,"hostname":"sqs.us-east-1.amazonaws.com","syscall":"getaddrinfo"},"instanceId":"Abdullah-pc","level":"error","message":"Full error","service":"notification-worker-service","timestamp":"I9O8601","version":"1.0.0"}
{"environment":"development","error":{"$metadata":{"attempts":3,"totalRetryDelay":189},"code":"ENOTFOUND","errno":-3008,"hostname":"sqs.us-east-1.amazonaws.com","syscall":"getaddrinfo"},"instanceId":"Abdullah-pc","level":"error","message":"Full error","service":"worker-service","timestamp":"I9O8601","version":"1.0.0"}
{"environment":"development","error":"getaddrinfo ENOTFOUND sqs.us-east-1.amazonaws.com","instanceId":"Abdullah-pc","level":"error","message":"Error receiving messages","service":"notification-worker-service","timestamp":"I1O8601","version":"1.0.0"}
{"environment":"development","error":{"$metadata":{"attempts":3,"totalRetryDelay":146},"code":"ENOTFOUND","errno":-3008,"hostname":"sqs.us-east-1.amazonaws.com","syscall":"getaddrinfo"},"instanceId":"Abdullah-pc","level":"error","message":"Full error","service":"notification-worker-service","timestamp":"I1O8601","version":"1.0.0"}
{"environment":"development","error":"getaddrinfo ENOTFOUND sqs.us-east-1.amazonaws.com","instanceId":"Abdullah-pc","level":"error","message":"Error receiving messages","service":"worker-service","timestamp":"I2O8601","version":"1.0.0"}
{"environment":"development","error":{"$metadata":{"attempts":3,"totalRetryDelay":291},"code":"ENOTFOUND","errno":-3008,"hostname":"sqs.us-east-1.amazonaws.com","syscall":"getaddrinfo"},"instanceId":"Abdullah-pc","level":"error","message":"Full error","service":"worker-service","timestamp":"I2O8601","version":"1.0.0"}
{"environment":"development","error":"getaddrinfo ENOTFOUND sqs.us-east-1.amazonaws.com","instanceId":"Abdullah-pc","level":"error","message":"Error receiving messages","service":"notification-worker-service","timestamp":"I3O8601","version":"1.0.0"}
{"environment":"development","error":{"$metadata":{"attempts":3,"totalRetryDelay":150},"code":"ENOTFOUND","errno":-3008,"hostname":"sqs.us-east-1.amazonaws.com","syscall":"getaddrinfo"},"instanceId":"Abdullah-pc","level":"error","message":"Full error","service":"notification-worker-service","timestamp":"I3O8601","version":"1.0.0"}
{"environment":"development","error":"getaddrinfo ENOTFOUND sqs.us-east-1.amazonaws.com","instanceId":"Abdullah-pc","level":"error","message":"Error receiving messages","service":"notification-worker-service","timestamp":"I4O8601","version":"1.0.0"}
{"environment":"development","error":{"$metadata":{"attempts":3,"totalRetryDelay":144},"code":"ENOTFOUND","errno":-3008,"hostname":"sqs.us-east-1.amazonaws.com","syscall":"getaddrinfo"},"instanceId":"Abdullah-pc","level":"error","message":"Full error","service":"notification-worker-service","timestamp":"I4O8601","version":"1.0.0"}
{"environment":"development","error":"getaddrinfo ENOTFOUND sqs.us-east-1.amazonaws.com","instanceId":"Abdullah-pc","level":"error","message":"Error receiving messages","service":"worker-service","timestamp":"I5O8601","version":"1.0.0"}
{"environment":"development","error":{"$metadata":{"attempts":3,"totalRetryDelay":200},"code":"ENOTFOUND","errno":-3008,"hostname":"sqs.us-east-1.amazonaws.com","syscall":"getaddrinfo"},"instanceId":"Abdullah-pc","level":"error","message":"Full error","service":"worker-service","timestamp":"I5O8601","version":"1.0.0"}
{"environment":"development","error":"getaddrinfo ENOTFOUND sqs.us-east-1.amazonaws.com","instanceId":"Abdullah-pc","level":"error","message":"Error receiving messages","service":"notification-worker-service","timestamp":"I6O8601","version":"1.0.0"}
{"environment":"development","error":{"$metadata":{"attempts":3,"totalRetryDelay":83},"code":"ENOTFOUND","errno":-3008,"hostname":"sqs.us-east-1.amazonaws.com","syscall":"getaddrinfo"},"instanceId":"Abdullah-pc","level":"error","message":"Full error","service":"notification-worker-service","timestamp":"I6O8601","version":"1.0.0"}
{"environment":"development","error":"getaddrinfo ENOTFOUND sqs.us-east-1.amazonaws.com","instanceId":"Abdullah-pc","level":"error","message":"Error receiving messages","service":"worker-service","timestamp":"I7O8601","version":"1.0.0"}
{"environment":"development","error":{"$metadata":{"attempts":3,"totalRetryDelay":220},"code":"ENOTFOUND","errno":-3008,"hostname":"sqs.us-east-1.amazonaws.com","syscall":"getaddrinfo"},"instanceId":"Abdullah-pc","level":"error","message":"Full error","service":"worker-service","timestamp":"I7O8601","version":"1.0.0"}
{"environment":"development","error":"getaddrinfo ENOTFOUND sqs.us-east-1.amazonaws.com","instanceId":"Abdullah-pc","level":"error","message":"Error receiving messages","service":"notification-worker-service","timestamp":"I9O8601","version":"1.0.0"}
{"environment":"development","error":{"$metadata":{"attempts":3,"totalRetryDelay":250},"code":"ENOTFOUND","errno":-3008,"hostname":"sqs.us-east-1.amazonaws.com","syscall":"getaddrinfo"},"instanceId":"Abdullah-pc","level":"error","message":"Full error","service":"notification-worker-service","timestamp":"I9O8601","version":"1.0.0"}
{"environment":"development","error":"getaddrinfo ENOTFOUND sqs.us-east-1.amazonaws.com","instanceId":"Abdullah-pc","level":"error","message":"Error receiving messages","service":"worker-service","timestamp":"I9O8601","version":"1.0.0"}
{"environment":"development","error":{"$metadata":{"attempts":3,"totalRetryDelay":194},"code":"ENOTFOUND","errno":-3008,"hostname":"sqs.us-east-1.amazonaws.com","syscall":"getaddrinfo"},"instanceId":"Abdullah-pc","level":"error","message":"Full error","service":"worker-service","timestamp":"I9O8601","version":"1.0.0"}
{"environment":"development","error":"getaddrinfo ENOTFOUND sqs.us-east-1.amazonaws.com","instanceId":"Abdullah-pc","level":"error","message":"Error receiving messages","service":"notification-worker-service","timestamp":"I10O8601","version":"1.0.0"}
{"environment":"development","error":{"$metadata":{"attempts":3,"totalRetryDelay":87},"code":"ENOTFOUND","errno":-3008,"hostname":"sqs.us-east-1.amazonaws.com","syscall":"getaddrinfo"},"instanceId":"Abdullah-pc","level":"error","message":"Full error","service":"notification-worker-service","timestamp":"I10O8601","version":"1.0.0"}
{"environment":"development","error":"getaddrinfo ENOTFOUND sqs.us-east-1.amazonaws.com","instanceId":"Abdullah-pc","level":"error","message":"Error receiving messages","service":"notification-worker-service","timestamp":"I2O8601","version":"1.0.0"}
{"environment":"development","error":{"$metadata":{"attempts":3,"totalRetryDelay":143},"code":"ENOTFOUND","errno":-3008,"hostname":"sqs.us-east-1.amazonaws.com","syscall":"getaddrinfo"},"instanceId":"Abdullah-pc","level":"error","message":"Full error","service":"notification-worker-service","timestamp":"I2O8601","version":"1.0.0"}
{"environment":"development","error":"getaddrinfo ENOTFOUND sqs.us-east-1.amazonaws.com","instanceId":"Abdullah-pc","level":"error","message":"Error receiving messages","service":"notification-worker-service","timestamp":"I2O8601","version":"1.0.0"}
{"environment":"development","error":{"$metadata":{"attempts":3,"totalRetryDelay":14},"code":"ENOTFOUND","errno":-3008,"hostname":"sqs.us-east-1.amazonaws.com","syscall":"getaddrinfo"},"instanceId":"Abdullah-pc","level":"error","message":"Full error","service":"notification-worker-service","timestamp":"I2O8601","version":"1.0.0"}
{"environment":"development","error":"getaddrinfo ENOTFOUND sqs.us-east-1.amazonaws.com","instanceId":"Abdullah-pc","level":"error","message":"Error receiving messages","service":"worker-service","timestamp":"I2O8601","version":"1.0.0"}
{"environment":"development","error":{"$metadata":{"attempts":3,"totalRetryDelay":219},"code":"ENOTFOUND","errno":-3008,"hostname":"sqs.us-east-1.amazonaws.com","syscall":"getaddrinfo"},"instanceId":"Abdullah-pc","level":"error","message":"Full error","service":"worker-service","timestamp":"I2O8601","version":"1.0.0"}
{"environment":"development","error":"getaddrinfo ENOTFOUND sqs.us-east-1.amazonaws.com","instanceId":"Abdullah-pc","level":"error","message":"Error receiving messages","service":"notification-worker-service","timestamp":"I4O8601","version":"1.0.0"}
{"environment":"development","error":{"$metadata":{"attempts":3,"totalRetryDelay":129},"code":"ENOTFOUND","errno":-3008,"hostname":"sqs.us-east-1.amazonaws.com","syscall":"getaddrinfo"},"instanceId":"Abdullah-pc","level":"error","message":"Full error","service":"notification-worker-service","timestamp":"I4O8601","version":"1.0.0"}
{"environment":"development","error":"getaddrinfo ENOTFOUND sqs.us-east-1.amazonaws.com","instanceId":"Abdullah-pc","level":"error","message":"Error receiving messages","service":"worker-service","timestamp":"I4O8601","version":"1.0.0"}
{"environment":"development","error":{"$metadata":{"attempts":3,"totalRetryDelay":154},"code":"ENOTFOUND","errno":-3008,"hostname":"sqs.us-east-1.amazonaws.com","syscall":"getaddrinfo"},"instanceId":"Abdullah-pc","level":"error","message":"Full error","service":"worker-service","timestamp":"I4O8601","version":"1.0.0"}
{"environment":"development","error":"getaddrinfo ENOTFOUND sqs.us-east-1.amazonaws.com","instanceId":"Abdullah-pc","level":"error","message":"Error receiving messages","service":"notification-worker-service","timestamp":"I5O8601","version":"1.0.0"}
{"environment":"development","error":{"$metadata":{"attempts":3,"totalRetryDelay":126},"code":"ENOTFOUND","errno":-3008,"hostname":"sqs.us-east-1.amazonaws.com","syscall":"getaddrinfo"},"instanceId":"Abdullah-pc","level":"error","message":"Full error","service":"notification-worker-service","timestamp":"I5O8601","version":"1.0.0"}
{"environment":"development","error":"getaddrinfo ENOTFOUND sqs.us-east-1.amazonaws.com","instanceId":"Abdullah-pc","level":"error","message":"Error receiving messages","service":"worker-service","timestamp":"I6O8601","version":"1.0.0"}
{"environment":"development","error":{"$metadata":{"attempts":3,"totalRetryDelay":152},"code":"ENOTFOUND","errno":-3008,"hostname":"sqs.us-east-1.amazonaws.com","syscall":"getaddrinfo"},"instanceId":"Abdullah-pc","level":"error","message":"Full error","service":"worker-service","timestamp":"I6O8601","version":"1.0.0"}
{"environment":"development","error":"getaddrinfo ENOTFOUND sqs.us-east-1.amazonaws.com","instanceId":"Abdullah-pc","level":"error","message":"Error receiving messages","service":"notification-worker-service","timestamp":"I6O8601","version":"1.0.0"}
{"environment":"development","error":{"$metadata":{"attempts":3,"totalRetryDelay":80},"code":"ENOTFOUND","errno":-3008,"hostname":"sqs.us-east-1.amazonaws.com","syscall":"getaddrinfo"},"instanceId":"Abdullah-pc","level":"error","message":"Full error","service":"notification-worker-service","timestamp":"I6O8601","version":"1.0.0"}
{"environment":"development","error":"getaddrinfo ENOTFOUND sqs.us-east-1.amazonaws.com","instanceId":"Abdullah-pc","level":"error","message":"Error receiving messages","service":"worker-service","timestamp":"I7O8601","version":"1.0.0"}
{"environment":"development","error":{"$metadata":{"attempts":3,"totalRetryDelay":83},"code":"ENOTFOUND","errno":-3008,"hostname":"sqs.us-east-1.amazonaws.com","syscall":"getaddrinfo"},"instanceId":"Abdullah-pc","level":"error","message":"Full error","service":"worker-service","timestamp":"I7O8601","version":"1.0.0"}
{"environment":"development","error":"getaddrinfo ENOTFOUND sqs.us-east-1.amazonaws.com","instanceId":"Abdullah-pc","level":"error","message":"Error receiving messages","service":"notification-worker-service","timestamp":"I7O8601","version":"1.0.0"}
{"environment":"development","error":{"$metadata":{"attempts":3,"totalRetryDelay":61},"code":"ENOTFOUND","errno":-3008,"hostname":"sqs.us-east-1.amazonaws.com","syscall":"getaddrinfo"},"instanceId":"Abdullah-pc","level":"error","message":"Full error","service":"notification-worker-service","timestamp":"I7O8601","version":"1.0.0"}
{"environment":"development","error":"getaddrinfo ENOTFOUND sqs.us-east-1.amazonaws.com","instanceId":"Abdullah-pc","level":"error","message":"Error receiving messages","service":"notification-worker-service","timestamp":"I8O8601","version":"1.0.0"}
{"environment":"development","error":{"$metadata":{"attempts":3,"totalRetryDelay":91},"code":"ENOTFOUND","errno":-3008,"hostname":"sqs.us-east-1.amazonaws.com","syscall":"getaddrinfo"},"instanceId":"Abdullah-pc","level":"error","message":"Full error","service":"notification-worker-service","timestamp":"I8O8601","version":"1.0.0"}
{"environment":"development","error":"getaddrinfo ENOTFOUND sqs.us-east-1.amazonaws.com","instanceId":"Abdullah-pc","level":"error","message":"Error receiving messages","service":"worker-service","timestamp":"I9O8601","version":"1.0.0"}
{"environment":"development","error":{"$metadata":{"attempts":3,"totalRetryDelay":188},"code":"ENOTFOUND","errno":-3008,"hostname":"sqs.us-east-1.amazonaws.com","syscall":"getaddrinfo"},"instanceId":"Abdullah-pc","level":"error","message":"Full error","service":"worker-service","timestamp":"I9O8601","version":"1.0.0"}
{"environment":"development","error":"getaddrinfo ENOTFOUND sqs.us-east-1.amazonaws.com","instanceId":"Abdullah-pc","level":"error","message":"Error receiving messages","service":"notification-worker-service","timestamp":"I10O8601","version":"1.0.0"}
{"environment":"development","error":{"$metadata":{"attempts":3,"totalRetryDelay":101},"code":"ENOTFOUND","errno":-3008,"hostname":"sqs.us-east-1.amazonaws.com","syscall":"getaddrinfo"},"instanceId":"Abdullah-pc","level":"error","message":"Full error","service":"notification-worker-service","timestamp":"I10O8601","version":"1.0.0"}
{"environment":"development","error":"getaddrinfo ENOTFOUND sqs.us-east-1.amazonaws.com","instanceId":"Abdullah-pc","level":"error","message":"Error receiving messages","service":"notification-worker-service","timestamp":"I0O8601","version":"1.0.0"}
{"environment":"development","error":{"$metadata":{"attempts":3,"totalRetryDelay":36},"code":"ENOTFOUND","errno":-3008,"hostname":"sqs.us-east-1.amazonaws.com","syscall":"getaddrinfo"},"instanceId":"Abdullah-pc","level":"error","message":"Full error","service":"notification-worker-service","timestamp":"I0O8601","version":"1.0.0"}
{"environment":"development","error":"getaddrinfo ENOTFOUND sqs.us-east-1.amazonaws.com","instanceId":"Abdullah-pc","level":"error","message":"Error receiving messages","service":"worker-service","timestamp":"I1O8601","version":"1.0.0"}
{"environment":"development","error":{"$metadata":{"attempts":3,"totalRetryDelay":205},"code":"ENOTFOUND","errno":-3008,"hostname":"sqs.us-east-1.amazonaws.com","syscall":"getaddrinfo"},"instanceId":"Abdullah-pc","level":"error","message":"Full error","service":"worker-service","timestamp":"I1O8601","version":"1.0.0"}
{"environment":"development","error":"getaddrinfo ENOTFOUND sqs.us-east-1.amazonaws.com","instanceId":"Abdullah-pc","level":"error","message":"Error receiving messages","service":"notification-worker-service","timestamp":"I3O8601","version":"1.0.0"}
{"environment":"development","error":{"$metadata":{"attempts":3,"totalRetryDelay":211},"code":"ENOTFOUND","errno":-3008,"hostname":"sqs.us-east-1.amazonaws.com","syscall":"getaddrinfo"},"instanceId":"Abdullah-pc","level":"error","message":"Full error","service":"notification-worker-service","timestamp":"I3O8601","version":"1.0.0"}
{"environment":"development","error":"getaddrinfo ENOTFOUND sqs.us-east-1.amazonaws.com","instanceId":"Abdullah-pc","level":"error","message":"Error receiving messages","service":"notification-worker-service","timestamp":"I3O8601","version":"1.0.0"}
{"environment":"development","error":{"$metadata":{"attempts":3,"totalRetryDelay":54},"code":"ENOTFOUND","errno":-3008,"hostname":"sqs.us-east-1.amazonaws.com","syscall":"getaddrinfo"},"instanceId":"Abdullah-pc","level":"error","message":"Full error","service":"notification-worker-service","timestamp":"I3O8601","version":"1.0.0"}
{"environment":"development","error":"getaddrinfo ENOTFOUND sqs.us-east-1.amazonaws.com","instanceId":"Abdullah-pc","level":"error","message":"Error receiving messages","service":"notification-worker-service","timestamp":"I4O8601","version":"1.0.0"}
{"environment":"development","error":{"$metadata":{"attempts":3,"totalRetryDelay":30},"code":"ENOTFOUND","errno":-3008,"hostname":"sqs.us-east-1.amazonaws.com","syscall":"getaddrinfo"},"instanceId":"Abdullah-pc","level":"error","message":"Full error","service":"notification-worker-service","timestamp":"I4O8601","version":"1.0.0"}
{"environment":"development","error":"getaddrinfo ENOTFOUND sqs.us-east-1.amazonaws.com","instanceId":"Abdullah-pc","level":"error","message":"Error receiving messages","service":"worker-service","timestamp":"I5O8601","version":"1.0.0"}
{"environment":"development","error":{"$metadata":{"attempts":3,"totalRetryDelay":276},"code":"ENOTFOUND","errno":-3008,"hostname":"sqs.us-east-1.amazonaws.com","syscall":"getaddrinfo"},"instanceId":"Abdullah-pc","level":"error","message":"Full error","service":"worker-service","timestamp":"I5O8601","version":"1.0.0"}
{"environment":"development","error":"getaddrinfo ENOTFOUND sqs.us-east-1.amazonaws.com","instanceId":"Abdullah-pc","level":"error","message":"Error receiving messages","service":"notification-worker-service","timestamp":"I6O8601","version":"1.0.0"}
{"environment":"development","error":{"$metadata":{"attempts":3,"totalRetryDelay":128},"code":"ENOTFOUND","errno":-3008,"hostname":"sqs.us-east-1.amazonaws.com","syscall":"getaddrinfo"},"instanceId":"Abdullah-pc","level":"error","message":"Full error","service":"notification-worker-service","timestamp":"I6O8601","version":"1.0.0"}
{"environment":"development","error":"getaddrinfo ENOTFOUND sqs.us-east-1.amazonaws.com","instanceId":"Abdullah-pc","level":"error","message":"Error receiving messages","service":"worker-service","timestamp":"I6O8601","version":"1.0.0"}
{"environment":"development","error":{"$metadata":{"attempts":3,"totalRetryDelay":86},"code":"ENOTFOUND","errno":-3008,"hostname":"sqs.us-east-1.amazonaws.com","syscall":"getaddrinfo"},"instanceId":"Abdullah-pc","level":"error","message":"Full error","service":"worker-service","timestamp":"I6O8601","version":"1.0.0"}
{"environment":"development","error":"getaddrinfo ENOTFOUND sqs.us-east-1.amazonaws.com","instanceId":"Abdullah-pc","level":"error","message":"Error receiving messages","service":"notification-worker-service","timestamp":"I7O8601","version":"1.0.0"}
{"environment":"development","error":{"$metadata":{"attempts":3,"totalRetryDelay":97},"code":"ENOTFOUND","errno":-3008,"hostname":"sqs.us-east-1.amazonaws.com","syscall":"getaddrinfo"},"instanceId":"Abdullah-pc","level":"error","message":"Full error","service":"notification-worker-service","timestamp":"I7O8601","version":"1.0.0"}
{"environment":"development","error":"getaddrinfo ENOTFOUND sqs.us-east-1.amazonaws.com","instanceId":"Abdullah-pc","level":"error","message":"Error receiving messages","service":"notification-worker-service","timestamp":"I7O8601","version":"1.0.0"}
{"environment":"development","error":{"$metadata":{"attempts":3,"totalRetryDelay":13},"code":"ENOTFOUND","errno":-3008,"hostname":"sqs.us-east-1.amazonaws.com","syscall":"getaddrinfo"},"instanceId":"Abdullah-pc","level":"error","message":"Full error","service":"notification-worker-service","timestamp":"I7O8601","version":"1.0.0"}
{"environment":"development","error":"getaddrinfo ENOTFOUND sqs.us-east-1.amazonaws.com","instanceId":"Abdullah-pc","level":"error","message":"Error receiving messages","service":"worker-service","timestamp":"I8O8601","version":"1.0.0"}
{"environment":"development","error":{"$metadata":{"attempts":3,"totalRetryDelay":219},"code":"ENOTFOUND","errno":-3008,"hostname":"sqs.us-east-1.amazonaws.com","syscall":"getaddrinfo"},"instanceId":"Abdullah-pc","level":"error","message":"Full error","service":"worker-service","timestamp":"I8O8601","version":"1.0.0"}
{"environment":"development","error":"getaddrinfo ENOTFOUND sqs.us-east-1.amazonaws.com","instanceId":"Abdullah-pc","level":"error","message":"Error receiving messages","service":"notification-worker-service","timestamp":"I10O8601","version":"1.0.0"}
{"environment":"development","error":{"$metadata":{"attempts":3,"totalRetryDelay":207},"code":"ENOTFOUND","errno":-3008,"hostname":"sqs.us-east-1.amazonaws.com","syscall":"getaddrinfo"},"instanceId":"Abdullah-pc","level":"error","message":"Full error","service":"notification-worker-service","timestamp":"I10O8601","version":"1.0.0"}
{"environment":"development","error":"getaddrinfo ENOTFOUND sqs.us-east-1.amazonaws.com","instanceId":"Abdullah-pc","level":"error","message":"Error receiving messages","service":"worker-service","timestamp":"I0O8601","version":"1.0.0"}
{"environment":"development","error":{"$metadata":{"attempts":3,"totalRetryDelay":132},"code":"ENOTFOUND","errno":-3008,"hostname":"sqs.us-east-1.amazonaws.com","syscall":"getaddrinfo"},"instanceId":"Abdullah-pc","level":"error","message":"Full error","service":"worker-service","timestamp":"I0O8601","version":"1.0.0"}
{"environment":"development","error":"getaddrinfo ENOTFOUND sqs.us-east-1.amazonaws.com","instanceId":"Abdullah-pc","level":"error","message":"Error receiving messages","service":"notification-worker-service","timestamp":"I2O8601","version":"1.0.0"}
{"environment":"development","error":{"$metadata":{"attempts":3,"totalRetryDelay":170},"code":"ENOTFOUND","errno":-3008,"hostname":"sqs.us-east-1.amazonaws.com","syscall":"getaddrinfo"},"instanceId":"Abdullah-pc","level":"error","message":"Full error","service":"notification-worker-service","timestamp":"I2O8601","version":"1.0.0"}
{"environment":"development","error":"getaddrinfo ENOTFOUND sqs.us-east-1.amazonaws.com","instanceId":"Abdullah-pc","level":"error","message":"Error receiving messages","service":"worker-service","timestamp":"I2O8601","version":"1.0.0"}
{"environment":"development","error":{"$metadata":{"attempts":3,"totalRetryDelay":186},"code":"ENOTFOUND","errno":-3008,"hostname":"sqs.us-east-1.amazonaws.com","syscall":"getaddrinfo"},"instanceId":"Abdullah-pc","level":"error","message":"Full error","service":"worker-service","timestamp":"I2O8601","version":"1.0.0"}
{"environment":"development","error":"getaddrinfo ENOTFOUND sqs.us-east-1.amazonaws.com","instanceId":"Abdullah-pc","level":"error","message":"Error receiving messages","service":"worker-service","timestamp":"I4O8601","version":"1.0.0"}
{"environment":"development","error":{"$metadata":{"attempts":3,"totalRetryDelay":103},"code":"ENOTFOUND","errno":-3008,"hostname":"sqs.us-east-1.amazonaws.com","syscall":"getaddrinfo"},"instanceId":"Abdullah-pc","level":"error","message":"Full error","service":"worker-service","timestamp":"I4O8601","version":"1.0.0"}
{"environment":"development","error":"getaddrinfo ENOTFOUND sqs.us-east-1.amazonaws.com","instanceId":"Abdullah-pc","level":"error","message":"Error receiving messages","service":"notification-worker-service","timestamp":"I4O8601","version":"1.0.0"}
{"environment":"development","error":{"$metadata":{"attempts":3,"totalRetryDelay":213},"code":"ENOTFOUND","errno":-3008,"hostname":"sqs.us-east-1.amazonaws.com","syscall":"getaddrinfo"},"instanceId":"Abdullah-pc","level":"error","message":"Full error","service":"notification-worker-service","timestamp":"I4O8601","version":"1.0.0"}
{"environment":"development","error":"getaddrinfo ENOTFOUND sqs.us-east-1.amazonaws.com","instanceId":"Abdullah-pc","level":"error","message":"Error receiving messages","service":"notification-worker-service","timestamp":"I5O8601","version":"1.0.0"}
{"environment":"development","error":{"$metadata":{"attempts":3,"totalRetryDelay":14},"code":"ENOTFOUND","errno":-3008,"hostname":"sqs.us-east-1.amazonaws.com","syscall":"getaddrinfo"},"instanceId":"Abdullah-pc","level":"error","message":"Full error","service":"notification-worker-service","timestamp":"I5O8601","version":"1.0.0"}
{"environment":"development","error":"getaddrinfo ENOTFOUND sqs.us-east-1.amazonaws.com","instanceId":"Abdullah-pc","level":"error","message":"Error receiving messages","service":"worker-service","timestamp":"I5O8601","version":"1.0.0"}
{"environment":"development","error":{"$metadata":{"attempts":3,"totalRetryDelay":113},"code":"ENOTFOUND","errno":-3008,"hostname":"sqs.us-east-1.amazonaws.com","syscall":"getaddrinfo"},"instanceId":"Abdullah-pc","level":"error","message":"Full error","service":"worker-service","timestamp":"I5O8601","version":"1.0.0"}
{"environment":"development","error":"getaddrinfo ENOTFOUND sqs.us-east-1.amazonaws.com","instanceId":"Abdullah-pc","level":"error","message":"Error receiving messages","service":"worker-service","timestamp":"I7O8601","version":"1.0.0"}
{"environment":"development","error":{"$metadata":{"attempts":3,"totalRetryDelay":118},"code":"ENOTFOUND","errno":-3008,"hostname":"sqs.us-east-1.amazonaws.com","syscall":"getaddrinfo"},"instanceId":"Abdullah-pc","level":"error","message":"Full error","service":"worker-service","timestamp":"I7O8601","version":"1.0.0"}
{"environment":"development","error":"getaddrinfo ENOTFOUND sqs.us-east-1.amazonaws.com","instanceId":"Abdullah-pc","level":"error","message":"Error receiving messages","service":"notification-worker-service","timestamp":"I7O8601","version":"1.0.0"}
{"environment":"development","error":{"$metadata":{"attempts":3,"totalRetryDelay":254},"code":"ENOTFOUND","errno":-3008,"hostname":"sqs.us-east-1.amazonaws.com","syscall":"getaddrinfo"},"instanceId":"Abdullah-pc","level":"error","message":"Full error","service":"notification-worker-service","timestamp":"I7O8601","version":"1.0.0"}
{"environment":"development","error":"getaddrinfo ENOTFOUND sqs.us-east-1.amazonaws.com","instanceId":"Abdullah-pc","level":"error","message":"Error receiving messages","service":"notification-worker-service","timestamp":"I9O8601","version":"1.0.0"}
{"environment":"development","error":{"$metadata":{"attempts":3,"totalRetryDelay":84},"code":"ENOTFOUND","errno":-3008,"hostname":"sqs.us-east-1.amazonaws.com","syscall":"getaddrinfo"},"instanceId":"Abdullah-pc","level":"error","message":"Full error","service":"notification-worker-service","timestamp":"I9O8601","version":"1.0.0"}
{"environment":"development","error":"getaddrinfo ENOTFOUND sqs.us-east-1.amazonaws.com","instanceId":"Abdullah-pc","level":"error","message":"Error receiving messages","service":"worker-service","timestamp":"I10O8601","version":"1.0.0"}
{"environment":"development","error":{"$metadata":{"attempts":3,"totalRetryDelay":255},"code":"ENOTFOUND","errno":-3008,"hostname":"sqs.us-east-1.amazonaws.com","syscall":"getaddrinfo"},"instanceId":"Abdullah-pc","level":"error","message":"Full error","service":"worker-service","timestamp":"I10O8601","version":"1.0.0"}
{"environment":"development","error":"getaddrinfo ENOTFOUND sqs.us-east-1.amazonaws.com","instanceId":"Abdullah-pc","level":"error","message":"Error receiving messages","service":"worker-service","timestamp":"I1O8601","version":"1.0.0"}
{"environment":"development","error":{"$metadata":{"attempts":3,"totalRetryDelay":113},"code":"ENOTFOUND","errno":-3008,"hostname":"sqs.us-east-1.amazonaws.com","syscall":"getaddrinfo"},"instanceId":"Abdullah-pc","level":"error","message":"Full error","service":"worker-service","timestamp":"I1O8601","version":"1.0.0"}
{"environment":"development","error":"getaddrinfo ENOTFOUND sqs.us-east-1.amazonaws.com","instanceId":"Abdullah-pc","level":"error","message":"Error receiving messages","service":"notification-worker-service","timestamp":"I1O8601","version":"1.0.0"}
{"environment":"development","error":{"$metadata":{"attempts":3,"totalRetryDelay":223},"code":"ENOTFOUND","errno":-3008,"hostname":"sqs.us-east-1.amazonaws.com","syscall":"getaddrinfo"},"instanceId":"Abdullah-pc","level":"error","message":"Full error","service":"notification-worker-service","timestamp":"I1O8601","version":"1.0.0"}
{"environment":"development","error":"getaddrinfo ENOTFOUND sqs.us-east-1.amazonaws.com","instanceId":"Abdullah-pc","level":"error","message":"Error receiving messages","service":"notification-worker-service","timestamp":"I2O8601","version":"1.0.0"}
{"environment":"development","error":{"$metadata":{"attempts":3,"totalRetryDelay":108},"code":"ENOTFOUND","errno":-3008,"hostname":"sqs.us-east-1.amazonaws.com","syscall":"getaddrinfo"},"instanceId":"Abdullah-pc","level":"error","message":"Full error","service":"notification-worker-service","timestamp":"I2O8601","version":"1.0.0"}
{"environment":"development","error":"getaddrinfo ENOTFOUND sqs.us-east-1.amazonaws.com","instanceId":"Abdullah-pc","level":"error","message":"Error receiving messages","service":"worker-service","timestamp":"I3O8601","version":"1.0.0"}
{"environment":"development","error":{"$metadata":{"attempts":3,"totalRetryDelay":159},"code":"ENOTFOUND","errno":-3008,"hostname":"sqs.us-east-1.amazonaws.com","syscall":"getaddrinfo"},"instanceId":"Abdullah-pc","level":"error","message":"Full error","service":"worker-service","timestamp":"I3O8601","version":"1.0.0"}
{"environment":"development","error":"getaddrinfo ENOTFOUND sqs.us-east-1.amazonaws.com","instanceId":"Abdullah-pc","level":"error","message":"Error receiving messages","service":"worker-service","timestamp":"I4O8601","version":"1.0.0"}
{"environment":"development","error":{"$metadata":{"attempts":3,"totalRetryDelay":106},"code":"ENOTFOUND","errno":-3008,"hostname":"sqs.us-east-1.amazonaws.com","syscall":"getaddrinfo"},"instanceId":"Abdullah-pc","level":"error","message":"Full error","service":"worker-service","timestamp":"I4O8601","version":"1.0.0"}
{"environment":"development","error":"getaddrinfo ENOTFOUND sqs.us-east-1.amazonaws.com","instanceId":"Abdullah-pc","level":"error","message":"Error receiving messages","service":"notification-worker-service","timestamp":"I4O8601","version":"1.0.0"}
{"environment":"development","error":{"$metadata":{"attempts":3,"totalRetryDelay":165},"code":"ENOTFOUND","errno":-3008,"hostname":"sqs.us-east-1.amazonaws.com","syscall":"getaddrinfo"},"instanceId":"Abdullah-pc","level":"error","message":"Full error","service":"notification-worker-service","timestamp":"I4O8601","version":"1.0.0"}
{"environment":"development","error":"getaddrinfo ENOTFOUND sqs.us-east-1.amazonaws.com","instanceId":"Abdullah-pc","level":"error","message":"Error receiving messages","service":"notification-worker-service","timestamp":"I5O8601","version":"1.0.0"}
{"environment":"development","error":{"$metadata":{"attempts":3,"totalRetryDelay":52},"code":"ENOTFOUND","errno":-3008,"hostname":"sqs.us-east-1.amazonaws.com","syscall":"getaddrinfo"},"instanceId":"Abdullah-pc","level":"error","message":"Full error","service":"notification-worker-service","timestamp":"I5O8601","version":"1.0.0"}
{"environment":"development","error":"getaddrinfo ENOTFOUND sqs.us-east-1.amazonaws.com","instanceId":"Abdullah-pc","level":"error","message":"Error receiving messages","service":"notification-worker-service","timestamp":"I6O8601","version":"1.0.0"}
{"environment":"development","error":{"$metadata":{"attempts":3,"totalRetryDelay":79},"code":"ENOTFOUND","errno":-3008,"hostname":"sqs.us-east-1.amazonaws.com","syscall":"getaddrinfo"},"instanceId":"Abdullah-pc","level":"error","message":"Full error","service":"notification-worker-service","timestamp":"I6O8601","version":"1.0.0"}
{"environment":"development","error":"getaddrinfo ENOTFOUND sqs.us-east-1.amazonaws.com","instanceId":"Abdullah-pc","level":"error","message":"Error receiving messages","service":"worker-service","timestamp":"I7O8601","version":"1.0.0"}
{"environment":"development","error":{"$metadata":{"attempts":3,"totalRetryDelay":215},"code":"ENOTFOUND","errno":-3008,"hostname":"sqs.us-east-1.amazonaws.com","syscall":"getaddrinfo"},"instanceId":"Abdullah-pc","level":"error","message":"Full error","service":"worker-service","timestamp":"I7O8601","version":"1.0.0"}
{"environment":"development","error":"getaddrinfo ENOTFOUND sqs.us-east-1.amazonaws.com","instanceId":"Abdullah-pc","level":"error","message":"Error receiving messages","service":"notification-worker-service","timestamp":"I8O8601","version":"1.0.0"}
{"environment":"development","error":{"$metadata":{"attempts":3,"totalRetryDelay":149},"code":"ENOTFOUND","errno":-3008,"hostname":"sqs.us-east-1.amazonaws.com","syscall":"getaddrinfo"},"instanceId":"Abdullah-pc","level":"error","message":"Full error","service":"notification-worker-service","timestamp":"I8O8601","version":"1.0.0"}
{"environment":"development","error":"getaddrinfo ENOTFOUND sqs.us-east-1.amazonaws.com","instanceId":"Abdullah-pc","level":"error","message":"Error receiving messages","service":"worker-service","timestamp":"I9O8601","version":"1.0.0"}
{"environment":"development","error":{"$metadata":{"attempts":3,"totalRetryDelay":179},"code":"ENOTFOUND","errno":-3008,"hostname":"sqs.us-east-1.amazonaws.com","syscall":"getaddrinfo"},"instanceId":"Abdullah-pc","level":"error","message":"Full error","service":"worker-service","timestamp":"I9O8601","version":"1.0.0"}
{"environment":"development","error":"getaddrinfo ENOTFOUND sqs.us-east-1.amazonaws.com","instanceId":"Abdullah-pc","level":"error","message":"Error receiving messages","service":"notification-worker-service","timestamp":"I10O8601","version":"1.0.0"}
{"environment":"development","error":{"$metadata":{"attempts":3,"totalRetryDelay":115},"code":"ENOTFOUND","errno":-3008,"hostname":"sqs.us-east-1.amazonaws.com","syscall":"getaddrinfo"},"instanceId":"Abdullah-pc","level":"error","message":"Full error","service":"notification-worker-service","timestamp":"I10O8601","version":"1.0.0"}
{"environment":"development","error":"getaddrinfo ENOTFOUND sqs.us-east-1.amazonaws.com","instanceId":"Abdullah-pc","level":"error","message":"Error receiving messages","service":"worker-service","timestamp":"I1O8601","version":"1.0.0"}
{"environment":"development","error":{"$metadata":{"attempts":3,"totalRetryDelay":178},"code":"ENOTFOUND","errno":-3008,"hostname":"sqs.us-east-1.amazonaws.com","syscall":"getaddrinfo"},"instanceId":"Abdullah-pc","level":"error","message":"Full error","service":"worker-service","timestamp":"I1O8601","version":"1.0.0"}
{"environment":"development","error":"getaddrinfo ENOTFOUND sqs.us-east-1.amazonaws.com","instanceId":"Abdullah-pc","level":"error","message":"Error receiving messages","service":"notification-worker-service","timestamp":"I2O8601","version":"1.0.0"}
{"environment":"development","error":{"$metadata":{"attempts":3,"totalRetryDelay":174},"code":"ENOTFOUND","errno":-3008,"hostname":"sqs.us-east-1.amazonaws.com","syscall":"getaddrinfo"},"instanceId":"Abdullah-pc","level":"error","message":"Full error","service":"notification-worker-service","timestamp":"I2O8601","version":"1.0.0"}
{"environment":"development","error":"getaddrinfo ENOTFOUND sqs.us-east-1.amazonaws.com","instanceId":"Abdullah-pc","level":"error","message":"Error receiving messages","service":"worker-service","timestamp":"I2O8601","version":"1.0.0"}
{"environment":"development","error":{"$metadata":{"attempts":3,"totalRetryDelay":72},"code":"ENOTFOUND","errno":-3008,"hostname":"sqs.us-east-1.amazonaws.com","syscall":"getaddrinfo"},"instanceId":"Abdullah-pc","level":"error","message":"Full error","service":"worker-service","timestamp":"I2O8601","version":"1.0.0"}
{"environment":"development","error":"getaddrinfo ENOTFOUND sqs.us-east-1.amazonaws.com","instanceId":"Abdullah-pc","level":"error","message":"Error receiving messages","service":"worker-service","timestamp":"I3O8601","version":"1.0.0"}
{"environment":"development","error":{"$metadata":{"attempts":3,"totalRetryDelay":76},"code":"ENOTFOUND","errno":-3008,"hostname":"sqs.us-east-1.amazonaws.com","syscall":"getaddrinfo"},"instanceId":"Abdullah-pc","level":"error","message":"Full error","service":"worker-service","timestamp":"I3O8601","version":"1.0.0"}
{"environment":"development","error":"getaddrinfo ENOTFOUND sqs.us-east-1.amazonaws.com","instanceId":"Abdullah-pc","level":"error","message":"Error receiving messages","service":"notification-worker-service","timestamp":"I3O8601","version":"1.0.0"}
{"environment":"development","error":{"$metadata":{"attempts":3,"totalRetryDelay":141},"code":"ENOTFOUND","errno":-3008,"hostname":"sqs.us-east-1.amazonaws.com","syscall":"getaddrinfo"},"instanceId":"Abdullah-pc","level":"error","message":"Full error","service":"notification-worker-service","timestamp":"I3O8601","version":"1.0.0"}
{"environment":"development","error":"getaddrinfo ENOTFOUND sqs.us-east-1.amazonaws.com","instanceId":"Abdullah-pc","level":"error","message":"Error receiving messages","service":"notification-worker-service","timestamp":"I5O8601","version":"1.0.0"}
{"environment":"development","error":{"$metadata":{"attempts":3,"totalRetryDelay":117},"code":"ENOTFOUND","errno":-3008,"hostname":"sqs.us-east-1.amazonaws.com","syscall":"getaddrinfo"},"instanceId":"Abdullah-pc","level":"error","message":"Full error","service":"notification-worker-service","timestamp":"I5O8601","version":"1.0.0"}
{"environment":"development","error":"getaddrinfo ENOTFOUND sqs.us-east-1.amazonaws.com","instanceId":"Abdullah-pc","level":"error","message":"Error receiving messages","service":"worker-service","timestamp":"I5O8601","version":"1.0.0"}
{"environment":"development","error":{"$metadata":{"attempts":3,"totalRetryDelay":142},"code":"ENOTFOUND","errno":-3008,"hostname":"sqs.us-east-1.amazonaws.com","syscall":"getaddrinfo"},"instanceId":"Abdullah-pc","level":"error","message":"Full error","service":"worker-service","timestamp":"I5O8601","version":"1.0.0"}
{"environment":"development","error":"getaddrinfo ENOTFOUND sqs.us-east-1.amazonaws.com","instanceId":"Abdullah-pc","level":"error","message":"Error receiving messages","service":"worker-service","timestamp":"I6O8601","version":"1.0.0"}
{"environment":"development","error":{"$metadata":{"attempts":3,"totalRetryDelay":86},"code":"ENOTFOUND","errno":-3008,"hostname":"sqs.us-east-1.amazonaws.com","syscall":"getaddrinfo"},"instanceId":"Abdullah-pc","level":"error","message":"Full error","service":"worker-service","timestamp":"I6O8601","version":"1.0.0"}
{"environment":"development","error":"getaddrinfo ENOTFOUND sqs.us-east-1.amazonaws.com","instanceId":"Abdullah-pc","level":"error","message":"Error receiving messages","service":"notification-worker-service","timestamp":"I6O8601","version":"1.0.0"}
{"environment":"development","error":{"$metadata":{"attempts":3,"totalRetryDelay":124},"code":"ENOTFOUND","errno":-3008,"hostname":"sqs.us-east-1.amazonaws.com","syscall":"getaddrinfo"},"instanceId":"Abdullah-pc","level":"error","message":"Full error","service":"notification-worker-service","timestamp":"I6O8601","version":"1.0.0"}
{"environment":"development","error":"getaddrinfo ENOTFOUND sqs.us-east-1.amazonaws.com","instanceId":"Abdullah-pc","level":"error","message":"Error receiving messages","service":"notification-worker-service","timestamp":"I8O8601","version":"1.0.0"}
{"environment":"development","error":{"$metadata":{"attempts":3,"totalRetryDelay":168},"code":"ENOTFOUND","errno":-3008,"hostname":"sqs.us-east-1.amazonaws.com","syscall":"getaddrinfo"},"instanceId":"Abdullah-pc","level":"error","message":"Full error","service":"notification-worker-service","timestamp":"I8O8601","version":"1.0.0"}
{"environment":"development","error":"getaddrinfo ENOTFOUND sqs.us-east-1.amazonaws.com","instanceId":"Abdullah-pc","level":"error","message":"Error receiving messages","service":"worker-service","timestamp":"I9O8601","version":"1.0.0"}
{"environment":"development","error":{"$metadata":{"attempts":3,"totalRetryDelay":249},"code":"ENOTFOUND","errno":-3008,"hostname":"sqs.us-east-1.amazonaws.com","syscall":"getaddrinfo"},"instanceId":"Abdullah-pc","level":"error","message":"Full error","service":"worker-service","timestamp":"I9O8601","version":"1.0.0"}
{"environment":"development","error":"getaddrinfo ENOTFOUND sqs.us-east-1.amazonaws.com","instanceId":"Abdullah-pc","level":"error","message":"Error receiving messages","service":"worker-service","timestamp":"I10O8601","version":"1.0.0"}
{"environment":"development","error":{"$metadata":{"attempts":3,"totalRetryDelay":73},"code":"ENOTFOUND","errno":-3008,"hostname":"sqs.us-east-1.amazonaws.com","syscall":"getaddrinfo"},"instanceId":"Abdullah-pc","level":"error","message":"Full error","service":"worker-service","timestamp":"I10O8601","version":"1.0.0"}
{"environment":"development","error":"getaddrinfo ENOTFOUND sqs.us-east-1.amazonaws.com","instanceId":"Abdullah-pc","level":"error","message":"Error receiving messages","service":"notification-worker-service","timestamp":"I1O8601","version":"1.0.0"}
{"environment":"development","error":{"$metadata":{"attempts":3,"totalRetryDelay":249},"code":"ENOTFOUND","errno":-3008,"hostname":"sqs.us-east-1.amazonaws.com","syscall":"getaddrinfo"},"instanceId":"Abdullah-pc","level":"error","message":"Full error","service":"notification-worker-service","timestamp":"I1O8601","version":"1.0.0"}
{"environment":"development","error":"getaddrinfo ENOTFOUND sqs.us-east-1.amazonaws.com","instanceId":"Abdullah-pc","level":"error","message":"Error receiving messages","service":"worker-service","timestamp":"I2O8601","version":"1.0.0"}
{"environment":"development","error":{"$metadata":{"attempts":3,"totalRetryDelay":233},"code":"ENOTFOUND","errno":-3008,"hostname":"sqs.us-east-1.amazonaws.com","syscall":"getaddrinfo"},"instanceId":"Abdullah-pc","level":"error","message":"Full error","service":"worker-service","timestamp":"I2O8601","version":"1.0.0"}
{"environment":"development","error":"getaddrinfo ENOTFOUND sqs.us-east-1.amazonaws.com","instanceId":"Abdullah-pc","level":"error","message":"Error receiving messages","service":"notification-worker-service","timestamp":"I3O8601","version":"1.0.0"}
{"environment":"development","error":{"$metadata":{"attempts":3,"totalRetryDelay":239},"code":"ENOTFOUND","errno":-3008,"hostname":"sqs.us-east-1.amazonaws.com","syscall":"getaddrinfo"},"instanceId":"Abdullah-pc","level":"error","message":"Full error","service":"notification-worker-service","timestamp":"I3O8601","version":"1.0.0"}
{"environment":"development","error":"getaddrinfo ENOTFOUND sqs.us-east-1.amazonaws.com","instanceId":"Abdullah-pc","level":"error","message":"Error receiving messages","service":"worker-service","timestamp":"I4O8601","version":"1.0.0"}
{"environment":"development","error":{"$metadata":{"attempts":3,"totalRetryDelay":132},"code":"ENOTFOUND","errno":-3008,"hostname":"sqs.us-east-1.amazonaws.com","syscall":"getaddrinfo"},"instanceId":"Abdullah-pc","level":"error","message":"Full error","service":"worker-service","timestamp":"I4O8601","version":"1.0.0"}
{"environment":"development","error":"getaddrinfo ENOTFOUND sqs.us-east-1.amazonaws.com","instanceId":"Abdullah-pc","level":"error","message":"Error receiving messages","service":"notification-worker-service","timestamp":"I6O8601","version":"1.0.0"}
{"environment":"development","error":{"$metadata":{"attempts":3,"totalRetryDelay":219},"code":"ENOTFOUND","errno":-3008,"hostname":"sqs.us-east-1.amazonaws.com","syscall":"getaddrinfo"},"instanceId":"Abdullah-pc","level":"error","message":"Full error","service":"notification-worker-service","timestamp":"I6O8601","version":"1.0.0"}
{"environment":"development","error":"getaddrinfo ENOTFOUND sqs.us-east-1.amazonaws.com","instanceId":"Abdullah-pc","level":"error","message":"Error receiving messages","service":"worker-service","timestamp":"I6O8601","version":"1.0.0"}
{"environment":"development","error":{"$metadata":{"attempts":3,"totalRetryDelay":188},"code":"ENOTFOUND","errno":-3008,"hostname":"sqs.us-east-1.amazonaws.com","syscall":"getaddrinfo"},"instanceId":"Abdullah-pc","level":"error","message":"Full error","service":"worker-service","timestamp":"I6O8601","version":"1.0.0"}
{"environment":"development","error":"getaddrinfo ENOTFOUND sqs.us-east-1.amazonaws.com","instanceId":"Abdullah-pc","level":"error","message":"Error receiving messages","service":"notification-worker-service","timestamp":"I7O8601","version":"1.0.0"}
{"environment":"development","error":{"$metadata":{"attempts":3,"totalRetryDelay":55},"code":"ENOTFOUND","errno":-3008,"hostname":"sqs.us-east-1.amazonaws.com","syscall":"getaddrinfo"},"instanceId":"Abdullah-pc","level":"error","message":"Full error","service":"notification-worker-service","timestamp":"I7O8601","version":"1.0.0"}
{"environment":"development","error":"getaddrinfo ENOTFOUND sqs.us-east-1.amazonaws.com","instanceId":"Abdullah-pc","level":"error","message":"Error receiving messages","service":"worker-service","timestamp":"I8O8601","version":"1.0.0"}
{"environment":"development","error":{"$metadata":{"attempts":3,"totalRetryDelay":129},"code":"ENOTFOUND","errno":-3008,"hostname":"sqs.us-east-1.amazonaws.com","syscall":"getaddrinfo"},"instanceId":"Abdullah-pc","level":"error","message":"Full error","service":"worker-service","timestamp":"I8O8601","version":"1.0.0"}
{"environment":"development","error":"getaddrinfo ENOTFOUND sqs.us-east-1.amazonaws.com","instanceId":"Abdullah-pc","level":"error","message":"Error receiving messages","service":"notification-worker-service","timestamp":"I8O8601","version":"1.0.0"}
{"environment":"development","error":{"$metadata":{"attempts":3,"totalRetryDelay":134},"code":"ENOTFOUND","errno":-3008,"hostname":"sqs.us-east-1.amazonaws.com","syscall":"getaddrinfo"},"instanceId":"Abdullah-pc","level":"error","message":"Full error","service":"notification-worker-service","timestamp":"I8O8601","version":"1.0.0"}
{"environment":"development","error":"getaddrinfo ENOTFOUND sqs.us-east-1.amazonaws.com","instanceId":"Abdullah-pc","level":"error","message":"Error receiving messages","service":"notification-worker-service","timestamp":"I9O8601","version":"1.0.0"}
{"environment":"development","error":{"$metadata":{"attempts":3,"totalRetryDelay":61},"code":"ENOTFOUND","errno":-3008,"hostname":"sqs.us-east-1.amazonaws.com","syscall":"getaddrinfo"},"instanceId":"Abdullah-pc","level":"error","message":"Full error","service":"notification-worker-service","timestamp":"I9O8601","version":"1.0.0"}
{"environment":"development","error":"getaddrinfo ENOTFOUND sqs.us-east-1.amazonaws.com","instanceId":"Abdullah-pc","level":"error","message":"Error receiving messages","service":"worker-service","timestamp":"I10O8601","version":"1.0.0"}
{"environment":"development","error":{"$metadata":{"attempts":3,"totalRetryDelay":165},"code":"ENOTFOUND","errno":-3008,"hostname":"sqs.us-east-1.amazonaws.com","syscall":"getaddrinfo"},"instanceId":"Abdullah-pc","level":"error","message":"Full error","service":"worker-service","timestamp":"I10O8601","version":"1.0.0"}
{"environment":"development","error":"getaddrinfo ENOTFOUND sqs.us-east-1.amazonaws.com","instanceId":"Abdullah-pc","level":"error","message":"Error receiving messages","service":"notification-worker-service","timestamp":"I1O8601","version":"1.0.0"}
{"environment":"development","error":{"$metadata":{"attempts":3,"totalRetryDelay":102},"code":"ENOTFOUND","errno":-3008,"hostname":"sqs.us-east-1.amazonaws.com","syscall":"getaddrinfo"},"instanceId":"Abdullah-pc","level":"error","message":"Full error","service":"notification-worker-service","timestamp":"I1O8601","version":"1.0.0"}
{"environment":"development","error":"getaddrinfo ENOTFOUND sqs.us-east-1.amazonaws.com","instanceId":"Abdullah-pc","level":"error","message":"Error receiving messages","service":"notification-worker-service","timestamp":"I2O8601","version":"1.0.0"}
{"environment":"development","error":{"$metadata":{"attempts":3,"totalRetryDelay":163},"code":"ENOTFOUND","errno":-3008,"hostname":"sqs.us-east-1.amazonaws.com","syscall":"getaddrinfo"},"instanceId":"Abdullah-pc","level":"error","message":"Full error","service":"notification-worker-service","timestamp":"I2O8601","version":"1.0.0"}
{"environment":"development","error":"getaddrinfo ENOTFOUND sqs.us-east-1.amazonaws.com","instanceId":"Abdullah-pc","level":"error","message":"Error receiving messages","service":"worker-service","timestamp":"I3O8601","version":"1.0.0"}
{"environment":"development","error":"getaddrinfo ENOTFOUND sqs.us-east-1.amazonaws.com","instanceId":"Abdullah-pc","level":"error","message":"Error receiving messages","service":"notification-worker-service","timestamp":"I3O8601","version":"1.0.0"}
{"environment":"development","error":{"$metadata":{"attempts":3,"totalRetryDelay":259},"code":"ENOTFOUND","errno":-3008,"hostname":"sqs.us-east-1.amazonaws.com","syscall":"getaddrinfo"},"instanceId":"Abdullah-pc","level":"error","message":"Full error","service":"worker-service","timestamp":"I3O8601","version":"1.0.0"}
{"environment":"development","error":{"$metadata":{"attempts":3,"totalRetryDelay":18},"code":"ENOTFOUND","errno":-3008,"hostname":"sqs.us-east-1.amazonaws.com","syscall":"getaddrinfo"},"instanceId":"Abdullah-pc","level":"error","message":"Full error","service":"notification-worker-service","timestamp":"I3O8601","version":"1.0.0"}
{"environment":"development","error":"getaddrinfo ENOTFOUND sqs.us-east-1.amazonaws.com","instanceId":"Abdullah-pc","level":"error","message":"Error receiving messages","service":"worker-service","timestamp":"I4O8601","version":"1.0.0"}
{"environment":"development","error":"getaddrinfo ENOTFOUND sqs.us-east-1.amazonaws.com","instanceId":"Abdullah-pc","level":"error","message":"Error receiving messages","service":"notification-worker-service","timestamp":"I4O8601","version":"1.0.0"}
{"environment":"development","error":{"$metadata":{"attempts":3,"totalRetryDelay":91},"code":"ENOTFOUND","errno":-3008,"hostname":"sqs.us-east-1.amazonaws.com","syscall":"getaddrinfo"},"instanceId":"Abdullah-pc","level":"error","message":"Full error","service":"worker-service","timestamp":"I4O8601","version":"1.0.0"}
{"environment":"development","error":{"$metadata":{"attempts":3,"totalRetryDelay":93},"code":"ENOTFOUND","errno":-3008,"hostname":"sqs.us-east-1.amazonaws.com","syscall":"getaddrinfo"},"instanceId":"Abdullah-pc","level":"error","message":"Full error","service":"notification-worker-service","timestamp":"I4O8601","version":"1.0.0"}
{"environment":"development","error":"getaddrinfo ENOTFOUND sqs.us-east-1.amazonaws.com","instanceId":"Abdullah-pc","level":"error","message":"Error receiving messages","service":"worker-service","timestamp":"I6O8601","version":"1.0.0"}
{"environment":"development","error":{"$metadata":{"attempts":3,"totalRetryDelay":140},"code":"ENOTFOUND","errno":-3008,"hostname":"sqs.us-east-1.amazonaws.com","syscall":"getaddrinfo"},"instanceId":"Abdullah-pc","level":"error","message":"Full error","service":"worker-service","timestamp":"I6O8601","version":"1.0.0"}
{"environment":"development","error":"getaddrinfo ENOTFOUND sqs.us-east-1.amazonaws.com","instanceId":"Abdullah-pc","level":"error","message":"Error receiving messages","service":"notification-worker-service","timestamp":"I7O8601","version":"1.0.0"}
{"environment":"development","error":{"$metadata":{"attempts":3,"totalRetryDelay":215},"code":"ENOTFOUND","errno":-3008,"hostname":"sqs.us-east-1.amazonaws.com","syscall":"getaddrinfo"},"instanceId":"Abdullah-pc","level":"error","message":"Full error","service":"notification-worker-service","timestamp":"I7O8601","version":"1.0.0"}
{"environment":"development","error":"getaddrinfo ENOTFOUND sqs.us-east-1.amazonaws.com","instanceId":"Abdullah-pc","level":"error","message":"Error receiving messages","service":"notification-worker-service","timestamp":"I7O8601","version":"1.0.0"}
{"environment":"development","error":{"$metadata":{"attempts":3,"totalRetryDelay":63},"code":"ENOTFOUND","errno":-3008,"hostname":"sqs.us-east-1.amazonaws.com","syscall":"getaddrinfo"},"instanceId":"Abdullah-pc","level":"error","message":"Full error","service":"notification-worker-service","timestamp":"I7O8601","version":"1.0.0"}
{"environment":"development","error":"getaddrinfo ENOTFOUND sqs.us-east-1.amazonaws.com","instanceId":"Abdullah-pc","level":"error","message":"Error receiving messages","service":"worker-service","timestamp":"I8O8601","version":"1.0.0"}
{"environment":"development","error":{"$metadata":{"attempts":3,"totalRetryDelay":193},"code":"ENOTFOUND","errno":-3008,"hostname":"sqs.us-east-1.amazonaws.com","syscall":"getaddrinfo"},"instanceId":"Abdullah-pc","level":"error","message":"Full error","service":"worker-service","timestamp":"I8O8601","version":"1.0.0"}
{"environment":"development","error":"getaddrinfo ENOTFOUND sqs.us-east-1.amazonaws.com","instanceId":"Abdullah-pc","level":"error","message":"Error receiving messages","service":"worker-service","timestamp":"I9O8601","version":"1.0.0"}
{"environment":"development","error":{"$metadata":{"attempts":3,"totalRetryDelay":98},"code":"ENOTFOUND","errno":-3008,"hostname":"sqs.us-east-1.amazonaws.com","syscall":"getaddrinfo"},"instanceId":"Abdullah-pc","level":"error","message":"Full error","service":"worker-service","timestamp":"I9O8601","version":"1.0.0"}
{"environment":"development","error":"getaddrinfo ENOTFOUND sqs.us-east-1.amazonaws.com","instanceId":"Abdullah-pc","level":"error","message":"Error receiving messages","service":"notification-worker-service","timestamp":"I9O8601","version":"1.0.0"}
{"environment":"development","error":{"$metadata":{"attempts":3,"totalRetryDelay":148},"code":"ENOTFOUND","errno":-3008,"hostname":"sqs.us-east-1.amazonaws.com","syscall":"getaddrinfo"},"instanceId":"Abdullah-pc","level":"error","message":"Full error","service":"notification-worker-service","timestamp":"I9O8601","version":"1.0.0"}
{"environment":"development","error":"getaddrinfo ENOTFOUND sqs.us-east-1.amazonaws.com","instanceId":"Abdullah-pc","level":"error","message":"Error receiving messages","service":"notification-worker-service","timestamp":"I1O8601","version":"1.0.0"}
{"environment":"development","error":{"$metadata":{"attempts":3,"totalRetryDelay":100},"code":"ENOTFOUND","errno":-3008,"hostname":"sqs.us-east-1.amazonaws.com","syscall":"getaddrinfo"},"instanceId":"Abdullah-pc","level":"error","message":"Full error","service":"notification-worker-service","timestamp":"I1O8601","version":"1.0.0"}
{"environment":"development","error":"getaddrinfo ENOTFOUND sqs.us-east-1.amazonaws.com","instanceId":"Abdullah-pc","level":"error","message":"Error receiving messages","service":"notification-worker-service","timestamp":"I1O8601","version":"1.0.0"}
{"environment":"development","error":{"$metadata":{"attempts":3,"totalRetryDelay":9},"code":"ENOTFOUND","errno":-3008,"hostname":"sqs.us-east-1.amazonaws.com","syscall":"getaddrinfo"},"instanceId":"Abdullah-pc","level":"error","message":"Full error","service":"notification-worker-service","timestamp":"I1O8601","version":"1.0.0"}
{"environment":"development","error":"getaddrinfo ENOTFOUND sqs.us-east-1.amazonaws.com","instanceId":"Abdullah-pc","level":"error","message":"Error receiving messages","service":"worker-service","timestamp":"I2O8601","version":"1.0.0"}
{"environment":"development","error":{"$metadata":{"attempts":3,"totalRetryDelay":208},"code":"ENOTFOUND","errno":-3008,"hostname":"sqs.us-east-1.amazonaws.com","syscall":"getaddrinfo"},"instanceId":"Abdullah-pc","level":"error","message":"Full error","service":"worker-service","timestamp":"I2O8601","version":"1.0.0"}
{"environment":"development","error":"getaddrinfo ENOTFOUND sqs.us-east-1.amazonaws.com","instanceId":"Abdullah-pc","level":"error","message":"Error receiving messages","service":"worker-service","timestamp":"I3O8601","version":"1.0.0"}
{"environment":"development","error":{"$metadata":{"attempts":3,"totalRetryDelay":146},"code":"ENOTFOUND","errno":-3008,"hostname":"sqs.us-east-1.amazonaws.com","syscall":"getaddrinfo"},"instanceId":"Abdullah-pc","level":"error","message":"Full error","service":"worker-service","timestamp":"I3O8601","version":"1.0.0"}
{"environment":"development","error":"getaddrinfo ENOTFOUND sqs.us-east-1.amazonaws.com","instanceId":"Abdullah-pc","level":"error","message":"Error receiving messages","service":"notification-worker-service","timestamp":"I4O8601","version":"1.0.0"}
{"environment":"development","error":{"$metadata":{"attempts":3,"totalRetryDelay":268},"code":"ENOTFOUND","errno":-3008,"hostname":"sqs.us-east-1.amazonaws.com","syscall":"getaddrinfo"},"instanceId":"Abdullah-pc","level":"error","message":"Full error","service":"notification-worker-service","timestamp":"I4O8601","version":"1.0.0"}
{"environment":"development","error":"getaddrinfo ENOTFOUND sqs.us-east-1.amazonaws.com","instanceId":"Abdullah-pc","level":"error","message":"Error receiving messages","service":"notification-worker-service","timestamp":"I5O8601","version":"1.0.0"}
{"environment":"development","error":{"$metadata":{"attempts":3,"totalRetryDelay":97},"code":"ENOTFOUND","errno":-3008,"hostname":"sqs.us-east-1.amazonaws.com","syscall":"getaddrinfo"},"instanceId":"Abdullah-pc","level":"error","message":"Full error","service":"notification-worker-service","timestamp":"I5O8601","version":"1.0.0"}
{"environment":"development","error":"getaddrinfo ENOTFOUND sqs.us-east-1.amazonaws.com","instanceId":"Abdullah-pc","level":"error","message":"Error receiving messages","service":"worker-service","timestamp":"I6O8601","version":"1.0.0"}
{"environment":"development","error":{"$metadata":{"attempts":3,"totalRetryDelay":187},"code":"ENOTFOUND","errno":-3008,"hostname":"sqs.us-east-1.amazonaws.com","syscall":"getaddrinfo"},"instanceId":"Abdullah-pc","level":"error","message":"Full error","service":"worker-service","timestamp":"I6O8601","version":"1.0.0"}
{"environment":"development","error":"getaddrinfo ENOTFOUND sqs.us-east-1.amazonaws.com","instanceId":"Abdullah-pc","level":"error","message":"Error receiving messages","service":"worker-service","timestamp":"I7O8601","version":"1.0.0"}
{"environment":"development","error":{"$metadata":{"attempts":3,"totalRetryDelay":100},"code":"ENOTFOUND","errno":-3008,"hostname":"sqs.us-east-1.amazonaws.com","syscall":"getaddrinfo"},"instanceId":"Abdullah-pc","level":"error","message":"Full error","service":"worker-service","timestamp":"I7O8601","version":"1.0.0"}
{"environment":"development","error":"getaddrinfo ENOTFOUND sqs.us-east-1.amazonaws.com","instanceId":"Abdullah-pc","level":"error","message":"Error receiving messages","service":"worker-service","timestamp":"I8O8601","version":"1.0.0"}
{"environment":"development","error":{"$metadata":{"attempts":3,"totalRetryDelay":39},"code":"ENOTFOUND","errno":-3008,"hostname":"sqs.us-east-1.amazonaws.com","syscall":"getaddrinfo"},"instanceId":"Abdullah-pc","level":"error","message":"Full error","service":"worker-service","timestamp":"I8O8601","version":"1.0.0"}
{"environment":"development","error":"getaddrinfo ENOTFOUND sqs.us-east-1.amazonaws.com","instanceId":"Abdullah-pc","level":"error","message":"Error receiving messages","service":"notification-worker-service","timestamp":"I8O8601","version":"1.0.0"}
{"environment":"development","error":{"$metadata":{"attempts":3,"totalRetryDelay":260},"code":"ENOTFOUND","errno":-3008,"hostname":"sqs.us-east-1.amazonaws.com","syscall":"getaddrinfo"},"instanceId":"Abdullah-pc","level":"error","message":"Full error","service":"notification-worker-service","timestamp":"I8O8601","version":"1.0.0"}
{"environment":"development","error":"getaddrinfo ENOTFOUND sqs.us-east-1.amazonaws.com","instanceId":"Abdullah-pc","level":"error","message":"Error receiving messages","service":"worker-service","timestamp":"I9O8601","version":"1.0.0"}
{"environment":"development","error":{"$metadata":{"attempts":3,"totalRetryDelay":153},"code":"ENOTFOUND","errno":-3008,"hostname":"sqs.us-east-1.amazonaws.com","syscall":"getaddrinfo"},"instanceId":"Abdullah-pc","level":"error","message":"Full error","service":"worker-service","timestamp":"I9O8601","version":"1.0.0"}
{"environment":"development","error":"getaddrinfo ENOTFOUND sqs.us-east-1.amazonaws.com","instanceId":"Abdullah-pc","level":"error","message":"Error receiving messages","service":"notification-worker-service","timestamp":"I1O8601","version":"1.0.0"}
{"environment":"development","error":{"$metadata":{"attempts":3,"totalRetryDelay":239},"code":"ENOTFOUND","errno":-3008,"hostname":"sqs.us-east-1.amazonaws.com","syscall":"getaddrinfo"},"instanceId":"Abdullah-pc","level":"error","message":"Full error","service":"notification-worker-service","timestamp":"I1O8601","version":"1.0.0"}
{"environment":"development","error":"getaddrinfo ENOTFOUND sqs.us-east-1.amazonaws.com","instanceId":"Abdullah-pc","level":"error","message":"Error receiving messages","service":"worker-service","timestamp":"I2O8601","version":"1.0.0"}
{"environment":"development","error":{"$metadata":{"attempts":3,"totalRetryDelay":207},"code":"ENOTFOUND","errno":-3008,"hostname":"sqs.us-east-1.amazonaws.com","syscall":"getaddrinfo"},"instanceId":"Abdullah-pc","level":"error","message":"Full error","service":"worker-service","timestamp":"I2O8601","version":"1.0.0"}
{"environment":"development","error":"getaddrinfo ENOTFOUND sqs.us-east-1.amazonaws.com","instanceId":"Abdullah-pc","level":"error","message":"Error receiving messages","service":"worker-service","timestamp":"I3O8601","version":"1.0.0"}
{"environment":"development","error":{"$metadata":{"attempts":3,"totalRetryDelay":126},"code":"ENOTFOUND","errno":-3008,"hostname":"sqs.us-east-1.amazonaws.com","syscall":"getaddrinfo"},"instanceId":"Abdullah-pc","level":"error","message":"Full error","service":"worker-service","timestamp":"I3O8601","version":"1.0.0"}
{"environment":"development","error":"getaddrinfo ENOTFOUND sqs.us-east-1.amazonaws.com","instanceId":"Abdullah-pc","level":"error","message":"Error receiving messages","service":"notification-worker-service","timestamp":"I3O8601","version":"1.0.0"}
{"environment":"development","error":{"$metadata":{"attempts":3,"totalRetryDelay":200},"code":"ENOTFOUND","errno":-3008,"hostname":"sqs.us-east-1.amazonaws.com","syscall":"getaddrinfo"},"instanceId":"Abdullah-pc","level":"error","message":"Full error","service":"notification-worker-service","timestamp":"I3O8601","version":"1.0.0"}
{"environment":"development","error":"getaddrinfo ENOTFOUND sqs.us-east-1.amazonaws.com","instanceId":"Abdullah-pc","level":"error","message":"Error receiving messages","service":"notification-worker-service","timestamp":"I4O8601","version":"1.0.0"}
{"environment":"development","error":{"$metadata":{"attempts":3,"totalRetryDelay":51},"code":"ENOTFOUND","errno":-3008,"hostname":"sqs.us-east-1.amazonaws.com","syscall":"getaddrinfo"},"instanceId":"Abdullah-pc","level":"error","message":"Full error","service":"notification-worker-service","timestamp":"I4O8601","version":"1.0.0"}
{"environment":"development","error":"getaddrinfo ENOTFOUND sqs.us-east-1.amazonaws.com","instanceId":"Abdullah-pc","level":"error","message":"Error receiving messages","service":"worker-service","timestamp":"I5O8601","version":"1.0.0"}
{"environment":"development","error":{"$metadata":{"attempts":3,"totalRetryDelay":125},"code":"ENOTFOUND","errno":-3008,"hostname":"sqs.us-east-1.amazonaws.com","syscall":"getaddrinfo"},"instanceId":"Abdullah-pc","level":"error","message":"Full error","service":"worker-service","timestamp":"I5O8601","version":"1.0.0"}
{"environment":"development","error":"getaddrinfo ENOTFOUND sqs.us-east-1.amazonaws.com","instanceId":"Abdullah-pc","level":"error","message":"Error receiving messages","service":"worker-service","timestamp":"I6O8601","version":"1.0.0"}
{"environment":"development","error":{"$metadata":{"attempts":3,"totalRetryDelay":101},"code":"ENOTFOUND","errno":-3008,"hostname":"sqs.us-east-1.amazonaws.com","syscall":"getaddrinfo"},"instanceId":"Abdullah-pc","level":"error","message":"Full error","service":"worker-service","timestamp":"I6O8601","version":"1.0.0"}
{"environment":"development","error":"getaddrinfo ENOTFOUND sqs.us-east-1.amazonaws.com","instanceId":"Abdullah-pc","level":"error","message":"Error receiving messages","service":"notification-worker-service","timestamp":"I6O8601","version":"1.0.0"}
{"environment":"development","error":{"$metadata":{"attempts":3,"totalRetryDelay":174},"code":"ENOTFOUND","errno":-3008,"hostname":"sqs.us-east-1.amazonaws.com","syscall":"getaddrinfo"},"instanceId":"Abdullah-pc","level":"error","message":"Full error","service":"notification-worker-service","timestamp":"I6O8601","version":"1.0.0"}
{"environment":"development","error":"getaddrinfo ENOTFOUND sqs.us-east-1.amazonaws.com","instanceId":"Abdullah-pc","level":"error","message":"Error receiving messages","service":"notification-worker-service","timestamp":"I7O8601","version":"1.0.0"}
{"environment":"development","error":{"$metadata":{"attempts":3,"totalRetryDelay":85},"code":"ENOTFOUND","errno":-3008,"hostname":"sqs.us-east-1.amazonaws.com","syscall":"getaddrinfo"},"instanceId":"Abdullah-pc","level":"error","message":"Full error","service":"notification-worker-service","timestamp":"I7O8601","version":"1.0.0"}
{"environment":"development","error":"getaddrinfo ENOTFOUND sqs.us-east-1.amazonaws.com","instanceId":"Abdullah-pc","level":"error","message":"Error receiving messages","service":"worker-service","timestamp":"I8O8601","version":"1.0.0"}
{"environment":"development","error":{"$metadata":{"attempts":3,"totalRetryDelay":177},"code":"ENOTFOUND","errno":-3008,"hostname":"sqs.us-east-1.amazonaws.com","syscall":"getaddrinfo"},"instanceId":"Abdullah-pc","level":"error","message":"Full error","service":"worker-service","timestamp":"I8O8601","version":"1.0.0"}
{"environment":"development","error":"getaddrinfo ENOTFOUND sqs.us-east-1.amazonaws.com","instanceId":"Abdullah-pc","level":"error","message":"Error receiving messages","service":"worker-service","timestamp":"I9O8601","version":"1.0.0"}
{"environment":"development","error":{"$metadata":{"attempts":3,"totalRetryDelay":75},"code":"ENOTFOUND","errno":-3008,"hostname":"sqs.us-east-1.amazonaws.com","syscall":"getaddrinfo"},"instanceId":"Abdullah-pc","level":"error","message":"Full error","service":"worker-service","timestamp":"I9O8601","version":"1.0.0"}
{"environment":"development","error":"getaddrinfo ENOTFOUND sqs.us-east-1.amazonaws.com","instanceId":"Abdullah-pc","level":"error","message":"Error receiving messages","service":"notification-worker-service","timestamp":"I10O8601","version":"1.0.0"}
{"environment":"development","error":{"$metadata":{"attempts":3,"totalRetryDelay":223},"code":"ENOTFOUND","errno":-3008,"hostname":"sqs.us-east-1.amazonaws.com","syscall":"getaddrinfo"},"instanceId":"Abdullah-pc","level":"error","message":"Full error","service":"notification-worker-service","timestamp":"I10O8601","version":"1.0.0"}
{"environment":"development","error":"getaddrinfo ENOTFOUND sqs.us-east-1.amazonaws.com","instanceId":"Abdullah-pc","level":"error","message":"Error receiving messages","service":"worker-service","timestamp":"I2O8601","version":"1.0.0"}
{"environment":"development","error":{"$metadata":{"attempts":3,"totalRetryDelay":196},"code":"ENOTFOUND","errno":-3008,"hostname":"sqs.us-east-1.amazonaws.com","syscall":"getaddrinfo"},"instanceId":"Abdullah-pc","level":"error","message":"Full error","service":"worker-service","timestamp":"I2O8601","version":"1.0.0"}
{"environment":"development","error":"getaddrinfo ENOTFOUND sqs.us-east-1.amazonaws.com","instanceId":"Abdullah-pc","level":"error","message":"Error receiving messages","service":"worker-service","timestamp":"I3O8601","version":"1.0.0"}
{"environment":"development","error":"getaddrinfo ENOTFOUND sqs.us-east-1.amazonaws.com","instanceId":"Abdullah-pc","level":"error","message":"Error receiving messages","service":"notification-worker-service","timestamp":"I3O8601","version":"1.0.0"}
{"environment":"development","error":{"$metadata":{"attempts":3,"totalRetryDelay":74},"code":"ENOTFOUND","errno":-3008,"hostname":"sqs.us-east-1.amazonaws.com","syscall":"getaddrinfo"},"instanceId":"Abdullah-pc","level":"error","message":"Full error","service":"worker-service","timestamp":"I3O8601","version":"1.0.0"}
{"environment":"development","error":{"$metadata":{"attempts":3,"totalRetryDelay":248},"code":"ENOTFOUND","errno":-3008,"hostname":"sqs.us-east-1.amazonaws.com","syscall":"getaddrinfo"},"instanceId":"Abdullah-pc","level":"error","message":"Full error","service":"notification-worker-service","timestamp":"I3O8601","version":"1.0.0"}
{"environment":"development","error":"getaddrinfo ENOTFOUND sqs.us-east-1.amazonaws.com","instanceId":"Abdullah-pc","level":"error","message":"Error receiving messages","service":"worker-service","timestamp":"I4O8601","version":"1.0.0"}
{"environment":"development","error":{"$metadata":{"attempts":3,"totalRetryDelay":66},"code":"ENOTFOUND","errno":-3008,"hostname":"sqs.us-east-1.amazonaws.com","syscall":"getaddrinfo"},"instanceId":"Abdullah-pc","level":"error","message":"Full error","service":"worker-service","timestamp":"I4O8601","version":"1.0.0"}
{"environment":"development","error":"getaddrinfo ENOTFOUND sqs.us-east-1.amazonaws.com","instanceId":"Abdullah-pc","level":"error","message":"Error receiving messages","service":"notification-worker-service","timestamp":"I4O8601","version":"1.0.0"}
{"environment":"development","error":{"$metadata":{"attempts":3,"totalRetryDelay":144},"code":"ENOTFOUND","errno":-3008,"hostname":"sqs.us-east-1.amazonaws.com","syscall":"getaddrinfo"},"instanceId":"Abdullah-pc","level":"error","message":"Full error","service":"notification-worker-service","timestamp":"I4O8601","version":"1.0.0"}
{"environment":"development","error":"getaddrinfo ENOTFOUND sqs.us-east-1.amazonaws.com","instanceId":"Abdullah-pc","level":"error","message":"Error receiving messages","service":"worker-service","timestamp":"I5O8601","version":"1.0.0"}
{"environment":"development","error":{"$metadata":{"attempts":3,"totalRetryDelay":121},"code":"ENOTFOUND","errno":-3008,"hostname":"sqs.us-east-1.amazonaws.com","syscall":"getaddrinfo"},"instanceId":"Abdullah-pc","level":"error","message":"Full error","service":"worker-service","timestamp":"I5O8601","version":"1.0.0"}
{"environment":"development","error":"getaddrinfo ENOTFOUND sqs.us-east-1.amazonaws.com","instanceId":"Abdullah-pc","level":"error","message":"Error receiving messages","service":"notification-worker-service","timestamp":"I7O8601","version":"1.0.0"}
{"environment":"development","error":{"$metadata":{"attempts":3,"totalRetryDelay":279},"code":"ENOTFOUND","errno":-3008,"hostname":"sqs.us-east-1.amazonaws.com","syscall":"getaddrinfo"},"instanceId":"Abdullah-pc","level":"error","message":"Full error","service":"notification-worker-service","timestamp":"I7O8601","version":"1.0.0"}
{"environment":"development","error":"getaddrinfo ENOTFOUND sqs.us-east-1.amazonaws.com","instanceId":"Abdullah-pc","level":"error","message":"Error receiving messages","service":"worker-service","timestamp":"I8O8601","version":"1.0.0"}
{"environment":"development","error":{"$metadata":{"attempts":3,"totalRetryDelay":219},"code":"ENOTFOUND","errno":-3008,"hostname":"sqs.us-east-1.amazonaws.com","syscall":"getaddrinfo"},"instanceId":"Abdullah-pc","level":"error","message":"Full error","service":"worker-service","timestamp":"I8O8601","version":"1.0.0"}
{"environment":"development","error":"getaddrinfo ENOTFOUND sqs.us-east-1.amazonaws.com","instanceId":"Abdullah-pc","level":"error","message":"Error receiving messages","service":"worker-service","timestamp":"I9O8601","version":"1.0.0"}
{"environment":"development","error":{"$metadata":{"attempts":3,"totalRetryDelay":94},"code":"ENOTFOUND","errno":-3008,"hostname":"sqs.us-east-1.amazonaws.com","syscall":"getaddrinfo"},"instanceId":"Abdullah-pc","level":"error","message":"Full error","service":"worker-service","timestamp":"I9O8601","version":"1.0.0"}
{"environment":"development","error":"getaddrinfo ENOTFOUND sqs.us-east-1.amazonaws.com","instanceId":"Abdullah-pc","level":"error","message":"Error receiving messages","service":"notification-worker-service","timestamp":"I9O8601","version":"1.0.0"}
{"environment":"development","error":{"$metadata":{"attempts":3,"totalRetryDelay":149},"code":"ENOTFOUND","errno":-3008,"hostname":"sqs.us-east-1.amazonaws.com","syscall":"getaddrinfo"},"instanceId":"Abdullah-pc","level":"error","message":"Full error","service":"notification-worker-service","timestamp":"I9O8601","version":"1.0.0"}
{"environment":"development","error":"getaddrinfo ENOTFOUND sqs.us-east-1.amazonaws.com","instanceId":"Abdullah-pc","level":"error","message":"Error receiving messages","service":"notification-worker-service","timestamp":"I1O8601","version":"1.0.0"}
{"environment":"development","error":{"$metadata":{"attempts":3,"totalRetryDelay":118},"code":"ENOTFOUND","errno":-3008,"hostname":"sqs.us-east-1.amazonaws.com","syscall":"getaddrinfo"},"instanceId":"Abdullah-pc","level":"error","message":"Full error","service":"notification-worker-service","timestamp":"I1O8601","version":"1.0.0"}
{"environment":"development","error":"getaddrinfo ENOENT sqs.us-east-1.amazonaws.com","instanceId":"Abdullah-pc","level":"error","message":"Error receiving messages","service":"notification-worker-service","timestamp":"I2O8601","version":"1.0.0"}
{"environment":"development","error":"getaddrinfo ENOENT sqs.us-east-1.amazonaws.com","instanceId":"Abdullah-pc","level":"error","message":"Error receiving messages","service":"worker-service","timestamp":"I2O8601","version":"1.0.0"}
{"environment":"development","error":{"$metadata":{"attempts":2,"totalRetryDelay":29},"code":"ENOENT","errno":-4058,"hostname":"sqs.us-east-1.amazonaws.com","syscall":"getaddrinfo"},"instanceId":"Abdullah-pc","level":"error","message":"Full error","service":"notification-worker-service","timestamp":"I2O8601","version":"1.0.0"}
{"environment":"development","error":{"$metadata":{"attempts":3,"totalRetryDelay":195},"code":"ENOENT","errno":-4058,"hostname":"sqs.us-east-1.amazonaws.com","syscall":"getaddrinfo"},"instanceId":"Abdullah-pc","level":"error","message":"Full error","service":"worker-service","timestamp":"I2O8601","version":"1.0.0"}
{"environment":"development","error":"getaddrinfo ENOENT sqs.us-east-1.amazonaws.com","instanceId":"Abdullah-pc","level":"error","message":"Error receiving messages","service":"notification-worker-service","timestamp":"I3O8601","version":"1.0.0"}
{"environment":"development","error":"getaddrinfo ENOENT sqs.us-east-1.amazonaws.com","instanceId":"Abdullah-pc","level":"error","message":"Error receiving messages","service":"worker-service","timestamp":"I3O8601","version":"1.0.0"}
{"environment":"development","error":{"$metadata":{"attempts":1,"totalRetryDelay":0},"code":"ENOENT","errno":-4058,"hostname":"sqs.us-east-1.amazonaws.com","syscall":"getaddrinfo"},"instanceId":"Abdullah-pc","level":"error","message":"Full error","service":"worker-service","timestamp":"I3O8601","version":"1.0.0"}
{"environment":"development","error":{"$metadata":{"attempts":1,"totalRetryDelay":0},"code":"ENOENT","errno":-4058,"hostname":"sqs.us-east-1.amazonaws.com","syscall":"getaddrinfo"},"instanceId":"Abdullah-pc","level":"error","message":"Full error","service":"notification-worker-service","timestamp":"I3O8601","version":"1.0.0"}
{"environment":"development","error":"getaddrinfo ENOENT sqs.us-east-1.amazonaws.com","instanceId":"Abdullah-pc","level":"error","message":"Error receiving messages","service":"worker-service","timestamp":"I3O8601","version":"1.0.0"}
{"environment":"development","error":"getaddrinfo ENOENT sqs.us-east-1.amazonaws.com","instanceId":"Abdullah-pc","level":"error","message":"Error receiving messages","service":"notification-worker-service","timestamp":"I3O8601","version":"1.0.0"}
{"environment":"development","error":{"$metadata":{"attempts":1,"totalRetryDelay":0},"code":"ENOENT","errno":-4058,"hostname":"sqs.us-east-1.amazonaws.com","syscall":"getaddrinfo"},"instanceId":"Abdullah-pc","level":"error","message":"Full error","service":"worker-service","timestamp":"I3O8601","version":"1.0.0"}
{"environment":"development","error":{"$metadata":{"attempts":1,"totalRetryDelay":0},"code":"ENOENT","errno":-4058,"hostname":"sqs.us-east-1.amazonaws.com","syscall":"getaddrinfo"},"instanceId":"Abdullah-pc","level":"error","message":"Full error","service":"notification-worker-service","timestamp":"I3O8601","version":"1.0.0"}
{"environment":"development","error":"getaddrinfo ENOENT sqs.us-east-1.amazonaws.com","instanceId":"Abdullah-pc","level":"error","message":"Error receiving messages","service":"worker-service","timestamp":"I3O8601","version":"1.0.0"}
{"environment":"development","error":"getaddrinfo ENOENT sqs.us-east-1.amazonaws.com","instanceId":"Abdullah-pc","level":"error","message":"Error receiving messages","service":"notification-worker-service","timestamp":"I3O8601","version":"1.0.0"}
{"environment":"development","error":{"$metadata":{"attempts":1,"totalRetryDelay":0},"code":"ENOENT","errno":-4058,"hostname":"sqs.us-east-1.amazonaws.com","syscall":"getaddrinfo"},"instanceId":"Abdullah-pc","level":"error","message":"Full error","service":"worker-service","timestamp":"I3O8601","version":"1.0.0"}
{"environment":"development","error":{"$metadata":{"attempts":1,"totalRetryDelay":0},"code":"ENOENT","errno":-4058,"hostname":"sqs.us-east-1.amazonaws.com","syscall":"getaddrinfo"},"instanceId":"Abdullah-pc","level":"error","message":"Full error","service":"notification-worker-service","timestamp":"I3O8601","version":"1.0.0"}
{"environment":"development","error":"getaddrinfo ENOENT sqs.us-east-1.amazonaws.com","instanceId":"Abdullah-pc","level":"error","message":"Error receiving messages","service":"worker-service","timestamp":"I3O8601","version":"1.0.0"}
{"environment":"development","error":"getaddrinfo ENOENT sqs.us-east-1.amazonaws.com","instanceId":"Abdullah-pc","level":"error","message":"Error receiving messages","service":"notification-worker-service","timestamp":"I3O8601","version":"1.0.0"}
{"environment":"development","error":{"$metadata":{"attempts":1,"totalRetryDelay":0},"code":"ENOENT","errno":-4058,"hostname":"sqs.us-east-1.amazonaws.com","syscall":"getaddrinfo"},"instanceId":"Abdullah-pc","level":"error","message":"Full error","service":"worker-service","timestamp":"I3O8601","version":"1.0.0"}
{"environment":"development","error":{"$metadata":{"attempts":1,"totalRetryDelay":0},"code":"ENOENT","errno":-4058,"hostname":"sqs.us-east-1.amazonaws.com","syscall":"getaddrinfo"},"instanceId":"Abdullah-pc","level":"error","message":"Full error","service":"notification-worker-service","timestamp":"I3O8601","version":"1.0.0"}
{"environment":"development","error":"getaddrinfo ENOENT sqs.us-east-1.amazonaws.com","instanceId":"Abdullah-pc","level":"error","message":"Error receiving messages","service":"worker-service","timestamp":"I3O8601","version":"1.0.0"}
{"environment":"development","error":"getaddrinfo ENOENT sqs.us-east-1.amazonaws.com","instanceId":"Abdullah-pc","level":"error","message":"Error receiving messages","service":"notification-worker-service","timestamp":"I3O8601","version":"1.0.0"}
{"environment":"development","error":{"$metadata":{"attempts":1,"totalRetryDelay":0},"code":"ENOENT","errno":-4058,"hostname":"sqs.us-east-1.amazonaws.com","syscall":"getaddrinfo"},"instanceId":"Abdullah-pc","level":"error","message":"Full error","service":"notification-worker-service","timestamp":"I3O8601","version":"1.0.0"}
{"environment":"development","error":{"$metadata":{"attempts":1,"totalRetryDelay":0},"code":"ENOENT","errno":-4058,"hostname":"sqs.us-east-1.amazonaws.com","syscall":"getaddrinfo"},"instanceId":"Abdullah-pc","level":"error","message":"Full error","service":"worker-service","timestamp":"I3O8601","version":"1.0.0"}
{"environment":"development","error":"getaddrinfo ENOENT sqs.us-east-1.amazonaws.com","instanceId":"Abdullah-pc","level":"error","message":"Error receiving messages","service":"notification-worker-service","timestamp":"I3O8601","version":"1.0.0"}
{"environment":"development","error":{"$metadata":{"attempts":1,"totalRetryDelay":0},"code":"ENOENT","errno":-4058,"hostname":"sqs.us-east-1.amazonaws.com","syscall":"getaddrinfo"},"instanceId":"Abdullah-pc","level":"error","message":"Full error","service":"notification-worker-service","timestamp":"I3O8601","version":"1.0.0"}
{"environment":"development","error":"getaddrinfo ENOENT sqs.us-east-1.amazonaws.com","instanceId":"Abdullah-pc","level":"error","message":"Error receiving messages","service":"worker-service","timestamp":"I3O8601","version":"1.0.0"}
{"environment":"development","error":{"$metadata":{"attempts":1,"totalRetryDelay":0},"code":"ENOENT","errno":-4058,"hostname":"sqs.us-east-1.amazonaws.com","syscall":"getaddrinfo"},"instanceId":"Abdullah-pc","level":"error","message":"Full error","service":"worker-service","timestamp":"I3O8601","version":"1.0.0"}
{"environment":"development","error":"getaddrinfo ENOENT sqs.us-east-1.amazonaws.com","instanceId":"Abdullah-pc","level":"error","message":"Error receiving messages","service":"notification-worker-service","timestamp":"I3O8601","version":"1.0.0"}
{"environment":"development","error":{"$metadata":{"attempts":1,"totalRetryDelay":0},"code":"ENOENT","errno":-4058,"hostname":"sqs.us-east-1.amazonaws.com","syscall":"getaddrinfo"},"instanceId":"Abdullah-pc","level":"error","message":"Full error","service":"notification-worker-service","timestamp":"I3O8601","version":"1.0.0"}
{"environment":"development","error":"getaddrinfo ENOENT sqs.us-east-1.amazonaws.com","instanceId":"Abdullah-pc","level":"error","message":"Error receiving messages","service":"worker-service","timestamp":"I3O8601","version":"1.0.0"}
{"environment":"development","error":{"$metadata":{"attempts":1,"totalRetryDelay":0},"code":"ENOENT","errno":-4058,"hostname":"sqs.us-east-1.amazonaws.com","syscall":"getaddrinfo"},"instanceId":"Abdullah-pc","level":"error","message":"Full error","service":"worker-service","timestamp":"I3O8601","version":"1.0.0"}
{"environment":"development","error":"getaddrinfo ENOENT sqs.us-east-1.amazonaws.com","instanceId":"Abdullah-pc","level":"error","message":"Error receiving messages","service":"worker-service","timestamp":"I4O8601","version":"1.0.0"}
{"environment":"development","error":{"$metadata":{"attempts":1,"totalRetryDelay":0},"code":"ENOENT","errno":-4058,"hostname":"sqs.us-east-1.amazonaws.com","syscall":"getaddrinfo"},"instanceId":"Abdullah-pc","level":"error","message":"Full error","service":"worker-service","timestamp":"I4O8601","version":"1.0.0"}
{"environment":"development","error":"getaddrinfo ENOENT sqs.us-east-1.amazonaws.com","instanceId":"Abdullah-pc","level":"error","message":"Error receiving messages","service":"notification-worker-service","timestamp":"I4O8601","version":"1.0.0"}
{"environment":"development","error":{"$metadata":{"attempts":1,"totalRetryDelay":0},"code":"ENOENT","errno":-4058,"hostname":"sqs.us-east-1.amazonaws.com","syscall":"getaddrinfo"},"instanceId":"Abdullah-pc","level":"error","message":"Full error","service":"notification-worker-service","timestamp":"I4O8601","version":"1.0.0"}
{"environment":"development","error":"getaddrinfo ENOENT sqs.us-east-1.amazonaws.com","instanceId":"Abdullah-pc","level":"error","message":"Error receiving messages","service":"worker-service","timestamp":"I4O8601","version":"1.0.0"}
{"environment":"development","error":{"$metadata":{"attempts":1,"totalRetryDelay":0},"code":"ENOENT","errno":-4058,"hostname":"sqs.us-east-1.amazonaws.com","syscall":"getaddrinfo"},"instanceId":"Abdullah-pc","level":"error","message":"Full error","service":"worker-service","timestamp":"I4O8601","version":"1.0.0"}
{"environment":"development","error":"getaddrinfo ENOENT sqs.us-east-1.amazonaws.com","instanceId":"Abdullah-pc","level":"error","message":"Error receiving messages","service":"notification-worker-service","timestamp":"I4O8601","version":"1.0.0"}
{"environment":"development","error":{"$metadata":{"attempts":1,"totalRetryDelay":0},"code":"ENOENT","errno":-4058,"hostname":"sqs.us-east-1.amazonaws.com","syscall":"getaddrinfo"},"instanceId":"Abdullah-pc","level":"error","message":"Full error","service":"notification-worker-service","timestamp":"I4O8601","version":"1.0.0"}
{"environment":"development","error":"getaddrinfo ENOENT sqs.us-east-1.amazonaws.com","instanceId":"Abdullah-pc","level":"error","message":"Error receiving messages","service":"notification-worker-service","timestamp":"I4O8601","version":"1.0.0"}
{"environment":"development","error":{"$metadata":{"attempts":1,"totalRetryDelay":0},"code":"ENOENT","errno":-4058,"hostname":"sqs.us-east-1.amazonaws.com","syscall":"getaddrinfo"},"instanceId":"Abdullah-pc","level":"error","message":"Full error","service":"notification-worker-service","timestamp":"I4O8601","version":"1.0.0"}
{"environment":"development","error":"getaddrinfo ENOENT sqs.us-east-1.amazonaws.com","instanceId":"Abdullah-pc","level":"error","message":"Error receiving messages","service":"worker-service","timestamp":"I4O8601","version":"1.0.0"}
{"environment":"development","error":{"$metadata":{"attempts":1,"totalRetryDelay":0},"code":"ENOENT","errno":-4058,"hostname":"sqs.us-east-1.amazonaws.com","syscall":"getaddrinfo"},"instanceId":"Abdullah-pc","level":"error","message":"Full error","service":"worker-service","timestamp":"I4O8601","version":"1.0.0"}
{"environment":"development","error":"getaddrinfo ENOENT sqs.us-east-1.amazonaws.com","instanceId":"Abdullah-pc","level":"error","message":"Error receiving messages","service":"notification-worker-service","timestamp":"I4O8601","version":"1.0.0"}
{"environment":"development","error":{"$metadata":{"attempts":1,"totalRetryDelay":0},"code":"ENOENT","errno":-4058,"hostname":"sqs.us-east-1.amazonaws.com","syscall":"getaddrinfo"},"instanceId":"Abdullah-pc","level":"error","message":"Full error","service":"notification-worker-service","timestamp":"I4O8601","version":"1.0.0"}
{"environment":"development","error":"getaddrinfo ENOENT sqs.us-east-1.amazonaws.com","instanceId":"Abdullah-pc","level":"error","message":"Error receiving messages","service":"worker-service","timestamp":"I4O8601","version":"1.0.0"}
{"environment":"development","error":{"$metadata":{"attempts":1,"totalRetryDelay":0},"code":"ENOENT","errno":-4058,"hostname":"sqs.us-east-1.amazonaws.com","syscall":"getaddrinfo"},"instanceId":"Abdullah-pc","level":"error","message":"Full error","service":"worker-service","timestamp":"I4O8601","version":"1.0.0"}
{"environment":"development","error":"getaddrinfo ENOENT sqs.us-east-1.amazonaws.com","instanceId":"Abdullah-pc","level":"error","message":"Error receiving messages","service":"notification-worker-service","timestamp":"I4O8601","version":"1.0.0"}
{"environment":"development","error":{"$metadata":{"attempts":1,"totalRetryDelay":0},"code":"ENOENT","errno":-4058,"hostname":"sqs.us-east-1.amazonaws.com","syscall":"getaddrinfo"},"instanceId":"Abdullah-pc","level":"error","message":"Full error","service":"notification-worker-service","timestamp":"I4O8601","version":"1.0.0"}
{"environment":"development","error":"getaddrinfo ENOENT sqs.us-east-1.amazonaws.com","instanceId":"Abdullah-pc","level":"error","message":"Error receiving messages","service":"notification-worker-service","timestamp":"I4O8601","version":"1.0.0"}
{"environment":"development","error":{"$metadata":{"attempts":1,"totalRetryDelay":0},"code":"ENOENT","errno":-4058,"hostname":"sqs.us-east-1.amazonaws.com","syscall":"getaddrinfo"},"instanceId":"Abdullah-pc","level":"error","message":"Full error","service":"notification-worker-service","timestamp":"I4O8601","version":"1.0.0"}
{"environment":"development","error":"getaddrinfo ENOENT sqs.us-east-1.amazonaws.com","instanceId":"Abdullah-pc","level":"error","message":"Error receiving messages","service":"worker-service","timestamp":"I4O8601","version":"1.0.0"}
{"environment":"development","error":{"$metadata":{"attempts":1,"totalRetryDelay":0},"code":"ENOENT","errno":-4058,"hostname":"sqs.us-east-1.amazonaws.com","syscall":"getaddrinfo"},"instanceId":"Abdullah-pc","level":"error","message":"Full error","service":"worker-service","timestamp":"I4O8601","version":"1.0.0"}
{"environment":"development","error":"getaddrinfo ENOENT sqs.us-east-1.amazonaws.com","instanceId":"Abdullah-pc","level":"error","message":"Error receiving messages","service":"notification-worker-service","timestamp":"I4O8601","version":"1.0.0"}
{"environment":"development","error":{"$metadata":{"attempts":1,"totalRetryDelay":0},"code":"ENOENT","errno":-4058,"hostname":"sqs.us-east-1.amazonaws.com","syscall":"getaddrinfo"},"instanceId":"Abdullah-pc","level":"error","message":"Full error","service":"notification-worker-service","timestamp":"I4O8601","version":"1.0.0"}
{"environment":"development","error":"getaddrinfo ENOENT sqs.us-east-1.amazonaws.com","instanceId":"Abdullah-pc","level":"error","message":"Error receiving messages","service":"notification-worker-service","timestamp":"I4O8601","version":"1.0.0"}
{"environment":"development","error":"getaddrinfo ENOENT sqs.us-east-1.amazonaws.com","instanceId":"Abdullah-pc","level":"error","message":"Error receiving messages","service":"worker-service","timestamp":"I4O8601","version":"1.0.0"}
{"environment":"development","error":{"$metadata":{"attempts":1,"totalRetryDelay":0},"code":"ENOENT","errno":-4058,"hostname":"sqs.us-east-1.amazonaws.com","syscall":"getaddrinfo"},"instanceId":"Abdullah-pc","level":"error","message":"Full error","service":"worker-service","timestamp":"I4O8601","version":"1.0.0"}
{"environment":"development","error":{"$metadata":{"attempts":1,"totalRetryDelay":0},"code":"ENOENT","errno":-4058,"hostname":"sqs.us-east-1.amazonaws.com","syscall":"getaddrinfo"},"instanceId":"Abdullah-pc","level":"error","message":"Full error","service":"notification-worker-service","timestamp":"I4O8601","version":"1.0.0"}
{"environment":"development","error":"getaddrinfo ENOENT sqs.us-east-1.amazonaws.com","instanceId":"Abdullah-pc","level":"error","message":"Error receiving messages","service":"notification-worker-service","timestamp":"I4O8601","version":"1.0.0"}
{"environment":"development","error":"getaddrinfo ENOENT sqs.us-east-1.amazonaws.com","instanceId":"Abdullah-pc","level":"error","message":"Error receiving messages","service":"worker-service","timestamp":"I4O8601","version":"1.0.0"}
{"environment":"development","error":{"$metadata":{"attempts":1,"totalRetryDelay":0},"code":"ENOENT","errno":-4058,"hostname":"sqs.us-east-1.amazonaws.com","syscall":"getaddrinfo"},"instanceId":"Abdullah-pc","level":"error","message":"Full error","service":"worker-service","timestamp":"I4O8601","version":"1.0.0"}
{"environment":"development","error":{"$metadata":{"attempts":1,"totalRetryDelay":0},"code":"ENOENT","errno":-4058,"hostname":"sqs.us-east-1.amazonaws.com","syscall":"getaddrinfo"},"instanceId":"Abdullah-pc","level":"error","message":"Full error","service":"notification-worker-service","timestamp":"I4O8601","version":"1.0.0"}
{"environment":"development","error":"getaddrinfo ENOENT sqs.us-east-1.amazonaws.com","instanceId":"Abdullah-pc","level":"error","message":"Error receiving messages","service":"worker-service","timestamp":"I4O8601","version":"1.0.0"}
{"environment":"development","error":{"$metadata":{"attempts":1,"totalRetryDelay":0},"code":"ENOENT","errno":-4058,"hostname":"sqs.us-east-1.amazonaws.com","syscall":"getaddrinfo"},"instanceId":"Abdullah-pc","level":"error","message":"Full error","service":"worker-service","timestamp":"I4O8601","version":"1.0.0"}
{"environment":"development","error":"getaddrinfo ENOENT sqs.us-east-1.amazonaws.com","instanceId":"Abdullah-pc","level":"error","message":"Error receiving messages","service":"worker-service","timestamp":"I4O8601","version":"1.0.0"}
{"environment":"development","error":"getaddrinfo ENOENT sqs.us-east-1.amazonaws.com","instanceId":"Abdullah-pc","level":"error","message":"Error receiving messages","service":"notification-worker-service","timestamp":"I4O8601","version":"1.0.0"}
{"environment":"development","error":{"$metadata":{"attempts":1,"totalRetryDelay":0},"code":"ENOENT","errno":-4058,"hostname":"sqs.us-east-1.amazonaws.com","syscall":"getaddrinfo"},"instanceId":"Abdullah-pc","level":"error","message":"Full error","service":"notification-worker-service","timestamp":"I4O8601","version":"1.0.0"}
{"environment":"development","error":{"$metadata":{"attempts":1,"totalRetryDelay":0},"code":"ENOENT","errno":-4058,"hostname":"sqs.us-east-1.amazonaws.com","syscall":"getaddrinfo"},"instanceId":"Abdullah-pc","level":"error","message":"Full error","service":"worker-service","timestamp":"I4O8601","version":"1.0.0"}
{"environment":"development","error":"getaddrinfo ENOENT sqs.us-east-1.amazonaws.com","instanceId":"Abdullah-pc","level":"error","message":"Error receiving messages","service":"notification-worker-service","timestamp":"I4O8601","version":"1.0.0"}
{"environment":"development","error":{"$metadata":{"attempts":1,"totalRetryDelay":0},"code":"ENOENT","errno":-4058,"hostname":"sqs.us-east-1.amazonaws.com","syscall":"getaddrinfo"},"instanceId":"Abdullah-pc","level":"error","message":"Full error","service":"notification-worker-service","timestamp":"I4O8601","version":"1.0.0"}
{"environment":"development","error":"getaddrinfo ENOENT sqs.us-east-1.amazonaws.com","instanceId":"Abdullah-pc","level":"error","message":"Error receiving messages","service":"notification-worker-service","timestamp":"I4O8601","version":"1.0.0"}
{"environment":"development","error":"getaddrinfo ENOENT sqs.us-east-1.amazonaws.com","instanceId":"Abdullah-pc","level":"error","message":"Error receiving messages","service":"worker-service","timestamp":"I4O8601","version":"1.0.0"}
{"environment":"development","error":{"$metadata":{"attempts":1,"totalRetryDelay":0},"code":"ENOENT","errno":-4058,"hostname":"sqs.us-east-1.amazonaws.com","syscall":"getaddrinfo"},"instanceId":"Abdullah-pc","level":"error","message":"Full error","service":"worker-service","timestamp":"I4O8601","version":"1.0.0"}
{"environment":"development","error":{"$metadata":{"attempts":1,"totalRetryDelay":0},"code":"ENOENT","errno":-4058,"hostname":"sqs.us-east-1.amazonaws.com","syscall":"getaddrinfo"},"instanceId":"Abdullah-pc","level":"error","message":"Full error","service":"notification-worker-service","timestamp":"I4O8601","version":"1.0.0"}
{"environment":"development","error":"getaddrinfo ENOENT sqs.us-east-1.amazonaws.com","instanceId":"Abdullah-pc","level":"error","message":"Error receiving messages","service":"worker-service","timestamp":"I4O8601","version":"1.0.0"}
{"environment":"development","error":{"$metadata":{"attempts":1,"totalRetryDelay":0},"code":"ENOENT","errno":-4058,"hostname":"sqs.us-east-1.amazonaws.com","syscall":"getaddrinfo"},"instanceId":"Abdullah-pc","level":"error","message":"Full error","service":"worker-service","timestamp":"I4O8601","version":"1.0.0"}
{"environment":"development","error":"getaddrinfo ENOENT sqs.us-east-1.amazonaws.com","instanceId":"Abdullah-pc","level":"error","message":"Error receiving messages","service":"notification-worker-service","timestamp":"I4O8601","version":"1.0.0"}
{"environment":"development","error":{"$metadata":{"attempts":1,"totalRetryDelay":0},"code":"ENOENT","errno":-4058,"hostname":"sqs.us-east-1.amazonaws.com","syscall":"getaddrinfo"},"instanceId":"Abdullah-pc","level":"error","message":"Full error","service":"notification-worker-service","timestamp":"I4O8601","version":"1.0.0"}
{"environment":"development","error":"getaddrinfo ENOENT sqs.us-east-1.amazonaws.com","instanceId":"Abdullah-pc","level":"error","message":"Error receiving messages","service":"notification-worker-service","timestamp":"I4O8601","version":"1.0.0"}
{"environment":"development","error":"getaddrinfo ENOENT sqs.us-east-1.amazonaws.com","instanceId":"Abdullah-pc","level":"error","message":"Error receiving messages","service":"worker-service","timestamp":"I4O8601","version":"1.0.0"}
{"environment":"development","error":{"$metadata":{"attempts":1,"totalRetryDelay":0},"code":"ENOENT","errno":-4058,"hostname":"sqs.us-east-1.amazonaws.com","syscall":"getaddrinfo"},"instanceId":"Abdullah-pc","level":"error","message":"Full error","service":"worker-service","timestamp":"I4O8601","version":"1.0.0"}
{"environment":"development","error":{"$metadata":{"attempts":1,"totalRetryDelay":0},"code":"ENOENT","errno":-4058,"hostname":"sqs.us-east-1.amazonaws.com","syscall":"getaddrinfo"},"instanceId":"Abdullah-pc","level":"error","message":"Full error","service":"notification-worker-service","timestamp":"I4O8601","version":"1.0.0"}
{"environment":"development","error":"getaddrinfo ENOENT sqs.us-east-1.amazonaws.com","instanceId":"Abdullah-pc","level":"error","message":"Error receiving messages","service":"worker-service","timestamp":"I4O8601","version":"1.0.0"}
{"environment":"development","error":{"$metadata":{"attempts":1,"totalRetryDelay":0},"code":"ENOENT","errno":-4058,"hostname":"sqs.us-east-1.amazonaws.com","syscall":"getaddrinfo"},"instanceId":"Abdullah-pc","level":"error","message":"Full error","service":"worker-service","timestamp":"I4O8601","version":"1.0.0"}
{"environment":"development","error":"getaddrinfo ENOENT sqs.us-east-1.amazonaws.com","instanceId":"Abdullah-pc","level":"error","message":"Error receiving messages","service":"notification-worker-service","timestamp":"I4O8601","version":"1.0.0"}
{"environment":"development","error":{"$metadata":{"attempts":1,"totalRetryDelay":0},"code":"ENOENT","errno":-4058,"hostname":"sqs.us-east-1.amazonaws.com","syscall":"getaddrinfo"},"instanceId":"Abdullah-pc","level":"error","message":"Full error","service":"notification-worker-service","timestamp":"I4O8601","version":"1.0.0"}
{"environment":"development","error":"getaddrinfo ENOENT sqs.us-east-1.amazonaws.com","instanceId":"Abdullah-pc","level":"error","message":"Error receiving messages","service":"worker-service","timestamp":"I4O8601","version":"1.0.0"}
{"environment":"development","error":{"$metadata":{"attempts":1,"totalRetryDelay":0},"code":"ENOENT","errno":-4058,"hostname":"sqs.us-east-1.amazonaws.com","syscall":"getaddrinfo"},"instanceId":"Abdullah-pc","level":"error","message":"Full error","service":"worker-service","timestamp":"I4O8601","version":"1.0.0"}
{"environment":"development","error":"getaddrinfo ENOENT sqs.us-east-1.amazonaws.com","instanceId":"Abdullah-pc","level":"error","message":"Error receiving messages","service":"notification-worker-service","timestamp":"I4O8601","version":"1.0.0"}
{"environment":"development","error":{"$metadata":{"attempts":1,"totalRetryDelay":0},"code":"ENOENT","errno":-4058,"hostname":"sqs.us-east-1.amazonaws.com","syscall":"getaddrinfo"},"instanceId":"Abdullah-pc","level":"error","message":"Full error","service":"notification-worker-service","timestamp":"I4O8601","version":"1.0.0"}
{"environment":"development","error":"getaddrinfo ENOENT sqs.us-east-1.amazonaws.com","instanceId":"Abdullah-pc","level":"error","message":"Error receiving messages","service":"worker-service","timestamp":"I4O8601","version":"1.0.0"}
{"environment":"development","error":{"$metadata":{"attempts":1,"totalRetryDelay":0},"code":"ENOENT","errno":-4058,"hostname":"sqs.us-east-1.amazonaws.com","syscall":"getaddrinfo"},"instanceId":"Abdullah-pc","level":"error","message":"Full error","service":"worker-service","timestamp":"I4O8601","version":"1.0.0"}
{"environment":"development","error":"getaddrinfo ENOENT sqs.us-east-1.amazonaws.com","instanceId":"Abdullah-pc","level":"error","message":"Error receiving messages","service":"notification-worker-service","timestamp":"I4O8601","version":"1.0.0"}
{"environment":"development","error":"getaddrinfo ENOENT sqs.us-east-1.amazonaws.com","instanceId":"Abdullah-pc","level":"error","message":"Error receiving messages","service":"worker-service","timestamp":"I4O8601","version":"1.0.0"}
{"environment":"development","error":{"$metadata":{"attempts":1,"totalRetryDelay":0},"code":"ENOENT","errno":-4058,"hostname":"sqs.us-east-1.amazonaws.com","syscall":"getaddrinfo"},"instanceId":"Abdullah-pc","level":"error","message":"Full error","service":"notification-worker-service","timestamp":"I5O8601","version":"1.0.0"}
{"environment":"development","error":{"$metadata":{"attempts":1,"totalRetryDelay":0},"code":"ENOENT","errno":-4058,"hostname":"sqs.us-east-1.amazonaws.com","syscall":"getaddrinfo"},"instanceId":"Abdullah-pc","level":"error","message":"Full error","service":"worker-service","timestamp":"I5O8601","version":"1.0.0"}
{"environment":"development","error":"getaddrinfo ENOENT sqs.us-east-1.amazonaws.com","instanceId":"Abdullah-pc","level":"error","message":"Error receiving messages","service":"notification-worker-service","timestamp":"I5O8601","version":"1.0.0"}
{"environment":"development","error":{"$metadata":{"attempts":1,"totalRetryDelay":0},"code":"ENOENT","errno":-4058,"hostname":"sqs.us-east-1.amazonaws.com","syscall":"getaddrinfo"},"instanceId":"Abdullah-pc","level":"error","message":"Full error","service":"notification-worker-service","timestamp":"I5O8601","version":"1.0.0"}
{"environment":"development","error":"getaddrinfo ENOENT sqs.us-east-1.amazonaws.com","instanceId":"Abdullah-pc","level":"error","message":"Error receiving messages","service":"worker-service","timestamp":"I5O8601","version":"1.0.0"}
{"environment":"development","error":{"$metadata":{"attempts":1,"totalRetryDelay":0},"code":"ENOENT","errno":-4058,"hostname":"sqs.us-east-1.amazonaws.com","syscall":"getaddrinfo"},"instanceId":"Abdullah-pc","level":"error","message":"Full error","service":"worker-service","timestamp":"I5O8601","version":"1.0.0"}
{"environment":"development","error":"getaddrinfo ENOENT sqs.us-east-1.amazonaws.com","instanceId":"Abdullah-pc","level":"error","message":"Error receiving messages","service":"notification-worker-service","timestamp":"I5O8601","version":"1.0.0"}
{"environment":"development","error":"getaddrinfo ENOENT sqs.us-east-1.amazonaws.com","instanceId":"Abdullah-pc","level":"error","message":"Error receiving messages","service":"worker-service","timestamp":"I5O8601","version":"1.0.0"}
{"environment":"development","error":{"$metadata":{"attempts":1,"totalRetryDelay":0},"code":"ENOENT","errno":-4058,"hostname":"sqs.us-east-1.amazonaws.com","syscall":"getaddrinfo"},"instanceId":"Abdullah-pc","level":"error","message":"Full error","service":"notification-worker-service","timestamp":"I5O8601","version":"1.0.0"}
{"environment":"development","error":{"$metadata":{"attempts":1,"totalRetryDelay":0},"code":"ENOENT","errno":-4058,"hostname":"sqs.us-east-1.amazonaws.com","syscall":"getaddrinfo"},"instanceId":"Abdullah-pc","level":"error","message":"Full error","service":"worker-service","timestamp":"I5O8601","version":"1.0.0"}
{"environment":"development","error":"getaddrinfo ENOENT sqs.us-east-1.amazonaws.com","instanceId":"Abdullah-pc","level":"error","message":"Error receiving messages","service":"notification-worker-service","timestamp":"I5O8601","version":"1.0.0"}
{"environment":"development","error":"getaddrinfo ENOENT sqs.us-east-1.amazonaws.com","instanceId":"Abdullah-pc","level":"error","message":"Error receiving messages","service":"worker-service","timestamp":"I5O8601","version":"1.0.0"}
{"environment":"development","error":{"$metadata":{"attempts":1,"totalRetryDelay":0},"code":"ENOENT","errno":-4058,"hostname":"sqs.us-east-1.amazonaws.com","syscall":"getaddrinfo"},"instanceId":"Abdullah-pc","level":"error","message":"Full error","service":"notification-worker-service","timestamp":"I5O8601","version":"1.0.0"}
{"environment":"development","error":{"$metadata":{"attempts":1,"totalRetryDelay":0},"code":"ENOENT","errno":-4058,"hostname":"sqs.us-east-1.amazonaws.com","syscall":"getaddrinfo"},"instanceId":"Abdullah-pc","level":"error","message":"Full error","service":"worker-service","timestamp":"I5O8601","version":"1.0.0"}
{"environment":"development","error":"getaddrinfo ENOENT sqs.us-east-1.amazonaws.com","instanceId":"Abdullah-pc","level":"error","message":"Error receiving messages","service":"notification-worker-service","timestamp":"I5O8601","version":"1.0.0"}
{"environment":"development","error":{"$metadata":{"attempts":1,"totalRetryDelay":0},"code":"ENOENT","errno":-4058,"hostname":"sqs.us-east-1.amazonaws.com","syscall":"getaddrinfo"},"instanceId":"Abdullah-pc","level":"error","message":"Full error","service":"notification-worker-service","timestamp":"I5O8601","version":"1.0.0"}
{"environment":"development","error":"getaddrinfo ENOENT sqs.us-east-1.amazonaws.com","instanceId":"Abdullah-pc","level":"error","message":"Error receiving messages","service":"notification-worker-service","timestamp":"I5O8601","version":"1.0.0"}
{"environment":"development","error":"getaddrinfo ENOENT sqs.us-east-1.amazonaws.com","instanceId":"Abdullah-pc","level":"error","message":"Error receiving messages","service":"worker-service","timestamp":"I5O8601","version":"1.0.0"}
{"environment":"development","error":{"$metadata":{"attempts":1,"totalRetryDelay":0},"code":"ENOENT","errno":-4058,"hostname":"sqs.us-east-1.amazonaws.com","syscall":"getaddrinfo"},"instanceId":"Abdullah-pc","level":"error","message":"Full error","service":"worker-service","timestamp":"I5O8601","version":"1.0.0"}
{"environment":"development","error":{"$metadata":{"attempts":1,"totalRetryDelay":0},"code":"ENOENT","errno":-4058,"hostname":"sqs.us-east-1.amazonaws.com","syscall":"getaddrinfo"},"instanceId":"Abdullah-pc","level":"error","message":"Full error","service":"notification-worker-service","timestamp":"I5O8601","version":"1.0.0"}
{"environment":"development","error":"getaddrinfo ENOENT sqs.us-east-1.amazonaws.com","instanceId":"Abdullah-pc","level":"error","message":"Error receiving messages","service":"worker-service","timestamp":"I5O8601","version":"1.0.0"}
{"environment":"development","error":{"$metadata":{"attempts":1,"totalRetryDelay":0},"code":"ENOENT","errno":-4058,"hostname":"sqs.us-east-1.amazonaws.com","syscall":"getaddrinfo"},"instanceId":"Abdullah-pc","level":"error","message":"Full error","service":"worker-service","timestamp":"I5O8601","version":"1.0.0"}
{"environment":"development","error":"getaddrinfo ENOENT sqs.us-east-1.amazonaws.com","instanceId":"Abdullah-pc","level":"error","message":"Error receiving messages","service":"notification-worker-service","timestamp":"I5O8601","version":"1.0.0"}
{"environment":"development","error":{"$metadata":{"attempts":1,"totalRetryDelay":0},"code":"ENOENT","errno":-4058,"hostname":"sqs.us-east-1.amazonaws.com","syscall":"getaddrinfo"},"instanceId":"Abdullah-pc","level":"error","message":"Full error","service":"notification-worker-service","timestamp":"I5O8601","version":"1.0.0"}
{"environment":"development","error":"getaddrinfo ENOENT sqs.us-east-1.amazonaws.com","instanceId":"Abdullah-pc","level":"error","message":"Error receiving messages","service":"notification-worker-service","timestamp":"I5O8601","version":"1.0.0"}
{"environment":"development","error":"getaddrinfo ENOENT sqs.us-east-1.amazonaws.com","instanceId":"Abdullah-pc","level":"error","message":"Error receiving messages","service":"worker-service","timestamp":"I5O8601","version":"1.0.0"}
{"environment":"development","error":{"$metadata":{"attempts":1,"totalRetryDelay":0},"code":"ENOENT","errno":-4058,"hostname":"sqs.us-east-1.amazonaws.com","syscall":"getaddrinfo"},"instanceId":"Abdullah-pc","level":"error","message":"Full error","service":"notification-worker-service","timestamp":"I5O8601","version":"1.0.0"}
{"environment":"development","error":{"$metadata":{"attempts":1,"totalRetryDelay":0},"code":"ENOENT","errno":-4058,"hostname":"sqs.us-east-1.amazonaws.com","syscall":"getaddrinfo"},"instanceId":"Abdullah-pc","level":"error","message":"Full error","service":"worker-service","timestamp":"I5O8601","version":"1.0.0"}
{"environment":"development","error":"getaddrinfo ENOENT sqs.us-east-1.amazonaws.com","instanceId":"Abdullah-pc","level":"error","message":"Error receiving messages","service":"worker-service","timestamp":"I5O8601","version":"1.0.0"}
{"environment":"development","error":"getaddrinfo ENOENT sqs.us-east-1.amazonaws.com","instanceId":"Abdullah-pc","level":"error","message":"Error receiving messages","service":"notification-worker-service","timestamp":"I5O8601","version":"1.0.0"}
{"environment":"development","error":{"$metadata":{"attempts":1,"totalRetryDelay":0},"code":"ENOENT","errno":-4058,"hostname":"sqs.us-east-1.amazonaws.com","syscall":"getaddrinfo"},"instanceId":"Abdullah-pc","level":"error","message":"Full error","service":"notification-worker-service","timestamp":"I5O8601","version":"1.0.0"}
{"environment":"development","error":{"$metadata":{"attempts":1,"totalRetryDelay":0},"code":"ENOENT","errno":-4058,"hostname":"sqs.us-east-1.amazonaws.com","syscall":"getaddrinfo"},"instanceId":"Abdullah-pc","level":"error","message":"Full error","service":"worker-service","timestamp":"I5O8601","version":"1.0.0"}
{"environment":"development","error":"getaddrinfo ENOENT sqs.us-east-1.amazonaws.com","instanceId":"Abdullah-pc","level":"error","message":"Error receiving messages","service":"notification-worker-service","timestamp":"I5O8601","version":"1.0.0"}
{"environment":"development","error":"getaddrinfo ENOENT sqs.us-east-1.amazonaws.com","instanceId":"Abdullah-pc","level":"error","message":"Error receiving messages","service":"worker-service","timestamp":"I5O8601","version":"1.0.0"}
{"environment":"development","error":{"$metadata":{"attempts":1,"totalRetryDelay":0},"code":"ENOENT","errno":-4058,"hostname":"sqs.us-east-1.amazonaws.com","syscall":"getaddrinfo"},"instanceId":"Abdullah-pc","level":"error","message":"Full error","service":"notification-worker-service","timestamp":"I5O8601","version":"1.0.0"}
{"environment":"development","error":{"$metadata":{"attempts":1,"totalRetryDelay":0},"code":"ENOENT","errno":-4058,"hostname":"sqs.us-east-1.amazonaws.com","syscall":"getaddrinfo"},"instanceId":"Abdullah-pc","level":"error","message":"Full error","service":"worker-service","timestamp":"I5O8601","version":"1.0.0"}
{"environment":"development","error":"getaddrinfo ENOENT sqs.us-east-1.amazonaws.com","instanceId":"Abdullah-pc","level":"error","message":"Error receiving messages","service":"notification-worker-service","timestamp":"I5O8601","version":"1.0.0"}
{"environment":"development","error":"getaddrinfo ENOENT sqs.us-east-1.amazonaws.com","instanceId":"Abdullah-pc","level":"error","message":"Error receiving messages","service":"worker-service","timestamp":"I5O8601","version":"1.0.0"}
{"environment":"development","error":{"$metadata":{"attempts":1,"totalRetryDelay":0},"code":"ENOENT","errno":-4058,"hostname":"sqs.us-east-1.amazonaws.com","syscall":"getaddrinfo"},"instanceId":"Abdullah-pc","level":"error","message":"Full error","service":"worker-service","timestamp":"I5O8601","version":"1.0.0"}
{"environment":"development","error":"getaddrinfo ENOENT sqs.us-east-1.amazonaws.com","instanceId":"Abdullah-pc","level":"error","message":"Error receiving messages","service":"worker-service","timestamp":"I5O8601","version":"1.0.0"}
{"environment":"development","error":{"$metadata":{"attempts":1,"totalRetryDelay":0},"code":"ENOENT","errno":-4058,"hostname":"sqs.us-east-1.amazonaws.com","syscall":"getaddrinfo"},"instanceId":"Abdullah-pc","level":"error","message":"Full error","service":"notification-worker-service","timestamp":"I5O8601","version":"1.0.0"}
{"environment":"development","error":"getaddrinfo ENOENT sqs.us-east-1.amazonaws.com","instanceId":"Abdullah-pc","level":"error","message":"Error receiving messages","service":"notification-worker-service","timestamp":"I5O8601","version":"1.0.0"}
{"environment":"development","error":{"$metadata":{"attempts":1,"totalRetryDelay":0},"code":"ENOENT","errno":-4058,"hostname":"sqs.us-east-1.amazonaws.com","syscall":"getaddrinfo"},"instanceId":"Abdullah-pc","level":"error","message":"Full error","service":"worker-service","timestamp":"I5O8601","version":"1.0.0"}
{"environment":"development","error":"getaddrinfo ENOENT sqs.us-east-1.amazonaws.com","instanceId":"Abdullah-pc","level":"error","message":"Error receiving messages","service":"worker-service","timestamp":"I6O8601","version":"1.0.0"}
{"environment":"development","error":{"$metadata":{"attempts":1,"totalRetryDelay":0},"code":"ENOENT","errno":-4058,"hostname":"sqs.us-east-1.amazonaws.com","syscall":"getaddrinfo"},"instanceId":"Abdullah-pc","level":"error","message":"Full error","service":"notification-worker-service","timestamp":"I5O8601","version":"1.0.0"}
{"environment":"development","error":{"$metadata":{"attempts":1,"totalRetryDelay":0},"code":"ENOENT","errno":-4058,"hostname":"sqs.us-east-1.amazonaws.com","syscall":"getaddrinfo"},"instanceId":"Abdullah-pc","level":"error","message":"Full error","service":"worker-service","timestamp":"I6O8601","version":"1.0.0"}
{"environment":"development","error":"getaddrinfo ENOENT sqs.us-east-1.amazonaws.com","instanceId":"Abdullah-pc","level":"error","message":"Error receiving messages","service":"notification-worker-service","timestamp":"I6O8601","version":"1.0.0"}
{"environment":"development","error":{"$metadata":{"attempts":1,"totalRetryDelay":0},"code":"ENOENT","errno":-4058,"hostname":"sqs.us-east-1.amazonaws.com","syscall":"getaddrinfo"},"instanceId":"Abdullah-pc","level":"error","message":"Full error","service":"notification-worker-service","timestamp":"I6O8601","version":"1.0.0"}
{"environment":"development","error":"getaddrinfo ENOENT sqs.us-east-1.amazonaws.com","instanceId":"Abdullah-pc","level":"error","message":"Error receiving messages","service":"worker-service","timestamp":"I6O8601","version":"1.0.0"}
{"environment":"development","error":{"$metadata":{"attempts":1,"totalRetryDelay":0},"code":"ENOENT","errno":-4058,"hostname":"sqs.us-east-1.amazonaws.com","syscall":"getaddrinfo"},"instanceId":"Abdullah-pc","level":"error","message":"Full error","service":"worker-service","timestamp":"I6O8601","version":"1.0.0"}
{"environment":"development","error":"getaddrinfo ENOENT sqs.us-east-1.amazonaws.com","instanceId":"Abdullah-pc","level":"error","message":"Error receiving messages","service":"notification-worker-service","timestamp":"I6O8601","version":"1.0.0"}
{"environment":"development","error":{"$metadata":{"attempts":1,"totalRetryDelay":0},"code":"ENOENT","errno":-4058,"hostname":"sqs.us-east-1.amazonaws.com","syscall":"getaddrinfo"},"instanceId":"Abdullah-pc","level":"error","message":"Full error","service":"notification-worker-service","timestamp":"I6O8601","version":"1.0.0"}
{"environment":"development","error":"getaddrinfo ENOENT sqs.us-east-1.amazonaws.com","instanceId":"Abdullah-pc","level":"error","message":"Error receiving messages","service":"worker-service","timestamp":"I6O8601","version":"1.0.0"}
{"environment":"development","error":{"$metadata":{"attempts":1,"totalRetryDelay":0},"code":"ENOENT","errno":-4058,"hostname":"sqs.us-east-1.amazonaws.com","syscall":"getaddrinfo"},"instanceId":"Abdullah-pc","level":"error","message":"Full error","service":"worker-service","timestamp":"I6O8601","version":"1.0.0"}
{"environment":"development","error":"getaddrinfo ENOENT sqs.us-east-1.amazonaws.com","instanceId":"Abdullah-pc","level":"error","message":"Error receiving messages","service":"notification-worker-service","timestamp":"I6O8601","version":"1.0.0"}
{"environment":"development","error":"getaddrinfo ENOENT sqs.us-east-1.amazonaws.com","instanceId":"Abdullah-pc","level":"error","message":"Error receiving messages","service":"worker-service","timestamp":"I6O8601","version":"1.0.0"}
{"environment":"development","error":{"$metadata":{"attempts":1,"totalRetryDelay":0},"code":"ENOENT","errno":-4058,"hostname":"sqs.us-east-1.amazonaws.com","syscall":"getaddrinfo"},"instanceId":"Abdullah-pc","level":"error","message":"Full error","service":"worker-service","timestamp":"I6O8601","version":"1.0.0"}
{"environment":"development","error":"getaddrinfo ENOENT sqs.us-east-1.amazonaws.com","instanceId":"Abdullah-pc","level":"error","message":"Error receiving messages","service":"worker-service","timestamp":"I6O8601","version":"1.0.0"}
{"environment":"development","error":{"$metadata":{"attempts":1,"totalRetryDelay":0},"code":"ENOENT","errno":-4058,"hostname":"sqs.us-east-1.amazonaws.com","syscall":"getaddrinfo"},"instanceId":"Abdullah-pc","level":"error","message":"Full error","service":"worker-service","timestamp":"I6O8601","version":"1.0.0"}
{"environment":"development","error":{"$metadata":{"attempts":1,"totalRetryDelay":0},"code":"ENOENT","errno":-4058,"hostname":"sqs.us-east-1.amazonaws.com","syscall":"getaddrinfo"},"instanceId":"Abdullah-pc","level":"error","message":"Full error","service":"notification-worker-service","timestamp":"I6O8601","version":"1.0.0"}
{"environment":"development","error":"getaddrinfo ENOENT sqs.us-east-1.amazonaws.com","instanceId":"Abdullah-pc","level":"error","message":"Error receiving messages","service":"worker-service","timestamp":"I6O8601","version":"1.0.0"}
{"environment":"development","error":{"$metadata":{"attempts":1,"totalRetryDelay":0},"code":"ENOENT","errno":-4058,"hostname":"sqs.us-east-1.amazonaws.com","syscall":"getaddrinfo"},"instanceId":"Abdullah-pc","level":"error","message":"Full error","service":"worker-service","timestamp":"I6O8601","version":"1.0.0"}
{"environment":"development","error":"getaddrinfo ENOENT sqs.us-east-1.amazonaws.com","instanceId":"Abdullah-pc","level":"error","message":"Error receiving messages","service":"worker-service","timestamp":"I6O8601","version":"1.0.0"}
{"environment":"development","error":"getaddrinfo ENOENT sqs.us-east-1.amazonaws.com","instanceId":"Abdullah-pc","level":"error","message":"Error receiving messages","service":"notification-worker-service","timestamp":"I6O8601","version":"1.0.0"}
{"environment":"development","error":{"$metadata":{"attempts":1,"totalRetryDelay":0},"code":"ENOENT","errno":-4058,"hostname":"sqs.us-east-1.amazonaws.com","syscall":"getaddrinfo"},"instanceId":"Abdullah-pc","level":"error","message":"Full error","service":"notification-worker-service","timestamp":"I6O8601","version":"1.0.0"}
{"environment":"development","error":{"$metadata":{"attempts":1,"totalRetryDelay":0},"code":"ENOENT","errno":-4058,"hostname":"sqs.us-east-1.amazonaws.com","syscall":"getaddrinfo"},"instanceId":"Abdullah-pc","level":"error","message":"Full error","service":"worker-service","timestamp":"I6O8601","version":"1.0.0"}
{"environment":"development","error":"getaddrinfo ENOENT sqs.us-east-1.amazonaws.com","instanceId":"Abdullah-pc","level":"error","message":"Error receiving messages","service":"notification-worker-service","timestamp":"I6O8601","version":"1.0.0"}
{"environment":"development","error":{"$metadata":{"attempts":1,"totalRetryDelay":0},"code":"ENOENT","errno":-4058,"hostname":"sqs.us-east-1.amazonaws.com","syscall":"getaddrinfo"},"instanceId":"Abdullah-pc","level":"error","message":"Full error","service":"notification-worker-service","timestamp":"I6O8601","version":"1.0.0"}
{"environment":"development","error":"getaddrinfo ENOENT sqs.us-east-1.amazonaws.com","instanceId":"Abdullah-pc","level":"error","message":"Error receiving messages","service":"worker-service","timestamp":"I6O8601","version":"1.0.0"}
{"environment":"development","error":{"$metadata":{"attempts":1,"totalRetryDelay":0},"code":"ENOENT","errno":-4058,"hostname":"sqs.us-east-1.amazonaws.com","syscall":"getaddrinfo"},"instanceId":"Abdullah-pc","level":"error","message":"Full error","service":"worker-service","timestamp":"I6O8601","version":"1.0.0"}
{"environment":"development","error":"getaddrinfo ENOENT sqs.us-east-1.amazonaws.com","instanceId":"Abdullah-pc","level":"error","message":"Error receiving messages","service":"worker-service","timestamp":"I6O8601","version":"1.0.0"}
{"environment":"development","error":"getaddrinfo ENOENT sqs.us-east-1.amazonaws.com","instanceId":"Abdullah-pc","level":"error","message":"Error receiving messages","service":"notification-worker-service","timestamp":"I6O8601","version":"1.0.0"}
{"environment":"development","error":{"$metadata":{"attempts":1,"totalRetryDelay":0},"code":"ENOENT","errno":-4058,"hostname":"sqs.us-east-1.amazonaws.com","syscall":"getaddrinfo"},"instanceId":"Abdullah-pc","level":"error","message":"Full error","service":"notification-worker-service","timestamp":"I6O8601","version":"1.0.0"}
{"environment":"development","error":"getaddrinfo ENOENT sqs.us-east-1.amazonaws.com","instanceId":"Abdullah-pc","level":"error","message":"Error receiving messages","service":"notification-worker-service","timestamp":"I6O8601","version":"1.0.0"}
{"environment":"development","error":{"$metadata":{"attempts":1,"totalRetryDelay":0},"code":"ENOENT","errno":-4058,"hostname":"sqs.us-east-1.amazonaws.com","syscall":"getaddrinfo"},"instanceId":"Abdullah-pc","level":"error","message":"Full error","service":"worker-service","timestamp":"I6O8601","version":"1.0.0"}
{"environment":"development","error":{"$metadata":{"attempts":1,"totalRetryDelay":0},"code":"ENOENT","errno":-4058,"hostname":"sqs.us-east-1.amazonaws.com","syscall":"getaddrinfo"},"instanceId":"Abdullah-pc","level":"error","message":"Full error","service":"notification-worker-service","timestamp":"I7O8601","version":"1.0.0"}
{"environment":"development","error":"getaddrinfo ENOENT sqs.us-east-1.amazonaws.com","instanceId":"Abdullah-pc","level":"error","message":"Error receiving messages","service":"worker-service","timestamp":"I7O8601","version":"1.0.0"}
{"environment":"development","error":{"$metadata":{"attempts":1,"totalRetryDelay":0},"code":"ENOENT","errno":-4058,"hostname":"sqs.us-east-1.amazonaws.com","syscall":"getaddrinfo"},"instanceId":"Abdullah-pc","level":"error","message":"Full error","service":"worker-service","timestamp":"I7O8601","version":"1.0.0"}
{"environment":"development","error":"getaddrinfo ENOENT sqs.us-east-1.amazonaws.com","instanceId":"Abdullah-pc","level":"error","message":"Error receiving messages","service":"notification-worker-service","timestamp":"I7O8601","version":"1.0.0"}
{"environment":"development","error":{"$metadata":{"attempts":1,"totalRetryDelay":0},"code":"ENOENT","errno":-4058,"hostname":"sqs.us-east-1.amazonaws.com","syscall":"getaddrinfo"},"instanceId":"Abdullah-pc","level":"error","message":"Full error","service":"notification-worker-service","timestamp":"I7O8601","version":"1.0.0"}
{"environment":"development","error":"getaddrinfo ENOENT sqs.us-east-1.amazonaws.com","instanceId":"Abdullah-pc","level":"error","message":"Error receiving messages","service":"worker-service","timestamp":"I7O8601","version":"1.0.0"}
{"environment":"development","error":{"$metadata":{"attempts":1,"totalRetryDelay":0},"code":"ENOENT","errno":-4058,"hostname":"sqs.us-east-1.amazonaws.com","syscall":"getaddrinfo"},"instanceId":"Abdullah-pc","level":"error","message":"Full error","service":"worker-service","timestamp":"I7O8601","version":"1.0.0"}
{"environment":"development","error":"getaddrinfo ENOENT sqs.us-east-1.amazonaws.com","instanceId":"Abdullah-pc","level":"error","message":"Error receiving messages","service":"notification-worker-service","timestamp":"I8O8601","version":"1.0.0"}
{"environment":"development","error":{"$metadata":{"attempts":1,"totalRetryDelay":0},"code":"ENOENT","errno":-4058,"hostname":"sqs.us-east-1.amazonaws.com","syscall":"getaddrinfo"},"instanceId":"Abdullah-pc","level":"error","message":"Full error","service":"notification-worker-service","timestamp":"I8O8601","version":"1.0.0"}
{"environment":"development","error":"getaddrinfo ENOENT sqs.us-east-1.amazonaws.com","instanceId":"Abdullah-pc","level":"error","message":"Error receiving messages","service":"worker-service","timestamp":"I8O8601","version":"1.0.0"}
{"environment":"development","error":{"$metadata":{"attempts":1,"totalRetryDelay":0},"code":"ENOENT","errno":-4058,"hostname":"sqs.us-east-1.amazonaws.com","syscall":"getaddrinfo"},"instanceId":"Abdullah-pc","level":"error","message":"Full error","service":"worker-service","timestamp":"I8O8601","version":"1.0.0"}
{"environment":"development","error":"getaddrinfo ENOENT sqs.us-east-1.amazonaws.com","instanceId":"Abdullah-pc","level":"error","message":"Error receiving messages","service":"notification-worker-service","timestamp":"I8O8601","version":"1.0.0"}
{"environment":"development","error":{"$metadata":{"attempts":1,"totalRetryDelay":0},"code":"ENOENT","errno":-4058,"hostname":"sqs.us-east-1.amazonaws.com","syscall":"getaddrinfo"},"instanceId":"Abdullah-pc","level":"error","message":"Full error","service":"notification-worker-service","timestamp":"I8O8601","version":"1.0.0"}
{"environment":"development","error":"getaddrinfo ENOENT sqs.us-east-1.amazonaws.com","instanceId":"Abdullah-pc","level":"error","message":"Error receiving messages","service":"worker-service","timestamp":"I8O8601","version":"1.0.0"}
{"environment":"development","error":{"$metadata":{"attempts":1,"totalRetryDelay":0},"code":"ENOENT","errno":-4058,"hostname":"sqs.us-east-1.amazonaws.com","syscall":"getaddrinfo"},"instanceId":"Abdullah-pc","level":"error","message":"Full error","service":"worker-service","timestamp":"I8O8601","version":"1.0.0"}
{"environment":"development","error":"getaddrinfo ENOENT sqs.us-east-1.amazonaws.com","instanceId":"Abdullah-pc","level":"error","message":"Error receiving messages","service":"notification-worker-service","timestamp":"I8O8601","version":"1.0.0"}
{"environment":"development","error":"getaddrinfo ENOENT sqs.us-east-1.amazonaws.com","instanceId":"Abdullah-pc","level":"error","message":"Error receiving messages","service":"worker-service","timestamp":"I8O8601","version":"1.0.0"}
{"environment":"development","error":{"$metadata":{"attempts":1,"totalRetryDelay":0},"code":"ENOENT","errno":-4058,"hostname":"sqs.us-east-1.amazonaws.com","syscall":"getaddrinfo"},"instanceId":"Abdullah-pc","level":"error","message":"Full error","service":"notification-worker-service","timestamp":"I8O8601","version":"1.0.0"}
{"environment":"development","error":{"$metadata":{"attempts":1,"totalRetryDelay":0},"code":"ENOENT","errno":-4058,"hostname":"sqs.us-east-1.amazonaws.com","syscall":"getaddrinfo"},"instanceId":"Abdullah-pc","level":"error","message":"Full error","service":"worker-service","timestamp":"I8O8601","version":"1.0.0"}
{"environment":"development","error":"getaddrinfo ENOTFOUND sqs.us-east-1.amazonaws.com","instanceId":"Abdullah-pc","level":"error","message":"Error receiving messages","service":"notification-worker-service","timestamp":"I0O8601","version":"1.0.0"}
{"environment":"development","error":{"$metadata":{"attempts":3,"totalRetryDelay":146},"code":"ENOTFOUND","errno":-3008,"hostname":"sqs.us-east-1.amazonaws.com","syscall":"getaddrinfo"},"instanceId":"Abdullah-pc","level":"error","message":"Full error","service":"notification-worker-service","timestamp":"I0O8601","version":"1.0.0"}
{"environment":"development","error":"getaddrinfo ENOTFOUND sqs.us-east-1.amazonaws.com","instanceId":"Abdullah-pc","level":"error","message":"Error receiving messages","service":"worker-service","timestamp":"I0O8601","version":"1.0.0"}
{"environment":"development","error":{"$metadata":{"attempts":3,"totalRetryDelay":165},"code":"ENOTFOUND","errno":-3008,"hostname":"sqs.us-east-1.amazonaws.com","syscall":"getaddrinfo"},"instanceId":"Abdullah-pc","level":"error","message":"Full error","service":"worker-service","timestamp":"I0O8601","version":"1.0.0"}
{"environment":"development","error":"getaddrinfo ENOENT sqs.us-east-1.amazonaws.com","instanceId":"Abdullah-pc","level":"error","message":"Error receiving messages","service":"worker-service","timestamp":"I2O8601","version":"1.0.0"}
{"environment":"development","error":"getaddrinfo ENOENT sqs.us-east-1.amazonaws.com","instanceId":"Abdullah-pc","level":"error","message":"Error receiving messages","service":"notification-worker-service","timestamp":"I3O8601","version":"1.0.0"}
{"environment":"development","error":{"$metadata":{"attempts":1,"totalRetryDelay":0},"code":"ENOENT","errno":-4058,"hostname":"sqs.us-east-1.amazonaws.com","syscall":"getaddrinfo"},"instanceId":"Abdullah-pc","level":"error","message":"Full error","service":"worker-service","timestamp":"I2O8601","version":"1.0.0"}
{"environment":"development","error":{"$metadata":{"attempts":2,"totalRetryDelay":17},"code":"ENOENT","errno":-4058,"hostname":"sqs.us-east-1.amazonaws.com","syscall":"getaddrinfo"},"instanceId":"Abdullah-pc","level":"error","message":"Full error","service":"notification-worker-service","timestamp":"I3O8601","version":"1.0.0"}
{"environment":"development","error":"getaddrinfo ENOENT sqs.us-east-1.amazonaws.com","instanceId":"Abdullah-pc","level":"error","message":"Error receiving messages","service":"worker-service","timestamp":"I3O8601","version":"1.0.0"}
{"environment":"development","error":{"$metadata":{"attempts":1,"totalRetryDelay":0},"code":"ENOENT","errno":-4058,"hostname":"sqs.us-east-1.amazonaws.com","syscall":"getaddrinfo"},"instanceId":"Abdullah-pc","level":"error","message":"Full error","service":"worker-service","timestamp":"I3O8601","version":"1.0.0"}
{"environment":"development","error":"getaddrinfo ENOENT sqs.us-east-1.amazonaws.com","instanceId":"Abdullah-pc","level":"error","message":"Error receiving messages","service":"notification-worker-service","timestamp":"I3O8601","version":"1.0.0"}
{"environment":"development","error":{"$metadata":{"attempts":1,"totalRetryDelay":0},"code":"ENOENT","errno":-4058,"hostname":"sqs.us-east-1.amazonaws.com","syscall":"getaddrinfo"},"instanceId":"Abdullah-pc","level":"error","message":"Full error","service":"notification-worker-service","timestamp":"I3O8601","version":"1.0.0"}
{"environment":"development","error":"getaddrinfo ENOENT sqs.us-east-1.amazonaws.com","instanceId":"Abdullah-pc","level":"error","message":"Error receiving messages","service":"notification-worker-service","timestamp":"I3O8601","version":"1.0.0"}
{"environment":"development","error":"getaddrinfo ENOENT sqs.us-east-1.amazonaws.com","instanceId":"Abdullah-pc","level":"error","message":"Error receiving messages","service":"worker-service","timestamp":"I3O8601","version":"1.0.0"}
{"environment":"development","error":{"$metadata":{"attempts":1,"totalRetryDelay":0},"code":"ENOENT","errno":-4058,"hostname":"sqs.us-east-1.amazonaws.com","syscall":"getaddrinfo"},"instanceId":"Abdullah-pc","level":"error","message":"Full error","service":"worker-service","timestamp":"I3O8601","version":"1.0.0"}
{"environment":"development","error":{"$metadata":{"attempts":1,"totalRetryDelay":0},"code":"ENOENT","errno":-4058,"hostname":"sqs.us-east-1.amazonaws.com","syscall":"getaddrinfo"},"instanceId":"Abdullah-pc","level":"error","message":"Full error","service":"notification-worker-service","timestamp":"I3O8601","version":"1.0.0"}
{"environment":"development","error":"getaddrinfo ENOENT sqs.us-east-1.amazonaws.com","instanceId":"Abdullah-pc","level":"error","message":"Error receiving messages","service":"worker-service","timestamp":"I3O8601","version":"1.0.0"}
{"environment":"development","error":"getaddrinfo ENOENT sqs.us-east-1.amazonaws.com","instanceId":"Abdullah-pc","level":"error","message":"Error receiving messages","service":"notification-worker-service","timestamp":"I3O8601","version":"1.0.0"}
{"environment":"development","error":{"$metadata":{"attempts":1,"totalRetryDelay":0},"code":"ENOENT","errno":-4058,"hostname":"sqs.us-east-1.amazonaws.com","syscall":"getaddrinfo"},"instanceId":"Abdullah-pc","level":"error","message":"Full error","service":"notification-worker-service","timestamp":"I3O8601","version":"1.0.0"}
{"environment":"development","error":{"$metadata":{"attempts":1,"totalRetryDelay":0},"code":"ENOENT","errno":-4058,"hostname":"sqs.us-east-1.amazonaws.com","syscall":"getaddrinfo"},"instanceId":"Abdullah-pc","level":"error","message":"Full error","service":"worker-service","timestamp":"I3O8601","version":"1.0.0"}
{"environment":"development","error":"getaddrinfo ENOENT sqs.us-east-1.amazonaws.com","instanceId":"Abdullah-pc","level":"error","message":"Error receiving messages","service":"notification-worker-service","timestamp":"I3O8601","version":"1.0.0"}
{"environment":"development","error":{"$metadata":{"attempts":1,"totalRetryDelay":0},"code":"ENOENT","errno":-4058,"hostname":"sqs.us-east-1.amazonaws.com","syscall":"getaddrinfo"},"instanceId":"Abdullah-pc","level":"error","message":"Full error","service":"notification-worker-service","timestamp":"I3O8601","version":"1.0.0"}
{"environment":"development","error":"getaddrinfo ENOENT sqs.us-east-1.amazonaws.com","instanceId":"Abdullah-pc","level":"error","message":"Error receiving messages","service":"worker-service","timestamp":"I3O8601","version":"1.0.0"}
{"environment":"development","error":{"$metadata":{"attempts":1,"totalRetryDelay":0},"code":"ENOENT","errno":-4058,"hostname":"sqs.us-east-1.amazonaws.com","syscall":"getaddrinfo"},"instanceId":"Abdullah-pc","level":"error","message":"Full error","service":"worker-service","timestamp":"I3O8601","version":"1.0.0"}
{"environment":"development","error":"getaddrinfo ENOENT sqs.us-east-1.amazonaws.com","instanceId":"Abdullah-pc","level":"error","message":"Error receiving messages","service":"notification-worker-service","timestamp":"I3O8601","version":"1.0.0"}
{"environment":"development","error":{"$metadata":{"attempts":1,"totalRetryDelay":0},"code":"ENOENT","errno":-4058,"hostname":"sqs.us-east-1.amazonaws.com","syscall":"getaddrinfo"},"instanceId":"Abdullah-pc","level":"error","message":"Full error","service":"notification-worker-service","timestamp":"I3O8601","version":"1.0.0"}
{"environment":"development","error":"getaddrinfo ENOENT sqs.us-east-1.amazonaws.com","instanceId":"Abdullah-pc","level":"error","message":"Error receiving messages","service":"worker-service","timestamp":"I3O8601","version":"1.0.0"}
{"environment":"development","error":{"$metadata":{"attempts":1,"totalRetryDelay":0},"code":"ENOENT","errno":-4058,"hostname":"sqs.us-east-1.amazonaws.com","syscall":"getaddrinfo"},"instanceId":"Abdullah-pc","level":"error","message":"Full error","service":"worker-service","timestamp":"I3O8601","version":"1.0.0"}
{"environment":"development","error":"getaddrinfo ENOENT sqs.us-east-1.amazonaws.com","instanceId":"Abdullah-pc","level":"error","message":"Error receiving messages","service":"notification-worker-service","timestamp":"I3O8601","version":"1.0.0"}
{"environment":"development","error":{"$metadata":{"attempts":1,"totalRetryDelay":0},"code":"ENOENT","errno":-4058,"hostname":"sqs.us-east-1.amazonaws.com","syscall":"getaddrinfo"},"instanceId":"Abdullah-pc","level":"error","message":"Full error","service":"notification-worker-service","timestamp":"I3O8601","version":"1.0.0"}
{"environment":"development","error":"getaddrinfo ENOENT sqs.us-east-1.amazonaws.com","instanceId":"Abdullah-pc","level":"error","message":"Error receiving messages","service":"worker-service","timestamp":"I3O8601","version":"1.0.0"}
{"environment":"development","error":"getaddrinfo ENOENT sqs.us-east-1.amazonaws.com","instanceId":"Abdullah-pc","level":"error","message":"Error receiving messages","service":"notification-worker-service","timestamp":"I3O8601","version":"1.0.0"}
{"environment":"development","error":{"$metadata":{"attempts":1,"totalRetryDelay":0},"code":"ENOENT","errno":-4058,"hostname":"sqs.us-east-1.amazonaws.com","syscall":"getaddrinfo"},"instanceId":"Abdullah-pc","level":"error","message":"Full error","service":"notification-worker-service","timestamp":"I3O8601","version":"1.0.0"}
{"environment":"development","error":{"$metadata":{"attempts":1,"totalRetryDelay":0},"code":"ENOENT","errno":-4058,"hostname":"sqs.us-east-1.amazonaws.com","syscall":"getaddrinfo"},"instanceId":"Abdullah-pc","level":"error","message":"Full error","service":"worker-service","timestamp":"I3O8601","version":"1.0.0"}
{"environment":"development","error":"getaddrinfo ENOENT sqs.us-east-1.amazonaws.com","instanceId":"Abdullah-pc","level":"error","message":"Error receiving messages","service":"worker-service","timestamp":"I3O8601","version":"1.0.0"}
{"environment":"development","error":{"$metadata":{"attempts":1,"totalRetryDelay":0},"code":"ENOENT","errno":-4058,"hostname":"sqs.us-east-1.amazonaws.com","syscall":"getaddrinfo"},"instanceId":"Abdullah-pc","level":"error","message":"Full error","service":"worker-service","timestamp":"I3O8601","version":"1.0.0"}
{"environment":"development","error":"getaddrinfo ENOENT sqs.us-east-1.amazonaws.com","instanceId":"Abdullah-pc","level":"error","message":"Error receiving messages","service":"notification-worker-service","timestamp":"I3O8601","version":"1.0.0"}
{"environment":"development","error":{"$metadata":{"attempts":1,"totalRetryDelay":0},"code":"ENOENT","errno":-4058,"hostname":"sqs.us-east-1.amazonaws.com","syscall":"getaddrinfo"},"instanceId":"Abdullah-pc","level":"error","message":"Full error","service":"notification-worker-service","timestamp":"I3O8601","version":"1.0.0"}
{"environment":"development","error":"getaddrinfo ENOENT sqs.us-east-1.amazonaws.com","instanceId":"Abdullah-pc","level":"error","message":"Error receiving messages","service":"worker-service","timestamp":"I3O8601","version":"1.0.0"}
{"environment":"development","error":{"$metadata":{"attempts":1,"totalRetryDelay":0},"code":"ENOENT","errno":-4058,"hostname":"sqs.us-east-1.amazonaws.com","syscall":"getaddrinfo"},"instanceId":"Abdullah-pc","level":"error","message":"Full error","service":"worker-service","timestamp":"I3O8601","version":"1.0.0"}
{"environment":"development","error":"getaddrinfo ENOENT sqs.us-east-1.amazonaws.com","instanceId":"Abdullah-pc","level":"error","message":"Error receiving messages","service":"notification-worker-service","timestamp":"I3O8601","version":"1.0.0"}
{"environment":"development","error":{"$metadata":{"attempts":1,"totalRetryDelay":0},"code":"ENOENT","errno":-4058,"hostname":"sqs.us-east-1.amazonaws.com","syscall":"getaddrinfo"},"instanceId":"Abdullah-pc","level":"error","message":"Full error","service":"notification-worker-service","timestamp":"I3O8601","version":"1.0.0"}
{"environment":"development","error":"getaddrinfo ENOENT sqs.us-east-1.amazonaws.com","instanceId":"Abdullah-pc","level":"error","message":"Error receiving messages","service":"worker-service","timestamp":"I3O8601","version":"1.0.0"}
{"environment":"development","error":{"$metadata":{"attempts":1,"totalRetryDelay":0},"code":"ENOENT","errno":-4058,"hostname":"sqs.us-east-1.amazonaws.com","syscall":"getaddrinfo"},"instanceId":"Abdullah-pc","level":"error","message":"Full error","service":"worker-service","timestamp":"I3O8601","version":"1.0.0"}
{"environment":"development","error":"getaddrinfo ENOENT sqs.us-east-1.amazonaws.com","instanceId":"Abdullah-pc","level":"error","message":"Error receiving messages","service":"worker-service","timestamp":"I3O8601","version":"1.0.0"}
{"environment":"development","error":{"$metadata":{"attempts":1,"totalRetryDelay":0},"code":"ENOENT","errno":-4058,"hostname":"sqs.us-east-1.amazonaws.com","syscall":"getaddrinfo"},"instanceId":"Abdullah-pc","level":"error","message":"Full error","service":"worker-service","timestamp":"I3O8601","version":"1.0.0"}
{"environment":"development","error":"getaddrinfo ENOENT sqs.us-east-1.amazonaws.com","instanceId":"Abdullah-pc","level":"error","message":"Error receiving messages","service":"notification-worker-service","timestamp":"I3O8601","version":"1.0.0"}
{"environment":"development","error":{"$metadata":{"attempts":1,"totalRetryDelay":0},"code":"ENOENT","errno":-4058,"hostname":"sqs.us-east-1.amazonaws.com","syscall":"getaddrinfo"},"instanceId":"Abdullah-pc","level":"error","message":"Full error","service":"notification-worker-service","timestamp":"I3O8601","version":"1.0.0"}
{"environment":"development","error":"getaddrinfo ENOENT sqs.us-east-1.amazonaws.com","instanceId":"Abdullah-pc","level":"error","message":"Error receiving messages","service":"notification-worker-service","timestamp":"I3O8601","version":"1.0.0"}
{"environment":"development","error":{"$metadata":{"attempts":1,"totalRetryDelay":0},"code":"ENOENT","errno":-4058,"hostname":"sqs.us-east-1.amazonaws.com","syscall":"getaddrinfo"},"instanceId":"Abdullah-pc","level":"error","message":"Full error","service":"notification-worker-service","timestamp":"I3O8601","version":"1.0.0"}
{"environment":"development","error":"getaddrinfo ENOENT sqs.us-east-1.amazonaws.com","instanceId":"Abdullah-pc","level":"error","message":"Error receiving messages","service":"worker-service","timestamp":"I3O8601","version":"1.0.0"}
{"environment":"development","error":{"$metadata":{"attempts":1,"totalRetryDelay":0},"code":"ENOENT","errno":-4058,"hostname":"sqs.us-east-1.amazonaws.com","syscall":"getaddrinfo"},"instanceId":"Abdullah-pc","level":"error","message":"Full error","service":"worker-service","timestamp":"I3O8601","version":"1.0.0"}
{"environment":"development","error":"getaddrinfo ENOENT sqs.us-east-1.amazonaws.com","instanceId":"Abdullah-pc","level":"error","message":"Error receiving messages","service":"notification-worker-service","timestamp":"I3O8601","version":"1.0.0"}
{"environment":"development","error":{"$metadata":{"attempts":1,"totalRetryDelay":0},"code":"ENOENT","errno":-4058,"hostname":"sqs.us-east-1.amazonaws.com","syscall":"getaddrinfo"},"instanceId":"Abdullah-pc","level":"error","message":"Full error","service":"notification-worker-service","timestamp":"I3O8601","version":"1.0.0"}
{"environment":"development","error":"getaddrinfo ENOENT sqs.us-east-1.amazonaws.com","instanceId":"Abdullah-pc","level":"error","message":"Error receiving messages","service":"worker-service","timestamp":"I3O8601","version":"1.0.0"}
{"environment":"development","error":{"$metadata":{"attempts":1,"totalRetryDelay":0},"code":"ENOENT","errno":-4058,"hostname":"sqs.us-east-1.amazonaws.com","syscall":"getaddrinfo"},"instanceId":"Abdullah-pc","level":"error","message":"Full error","service":"worker-service","timestamp":"I3O8601","version":"1.0.0"}
{"environment":"development","error":"getaddrinfo ENOENT sqs.us-east-1.amazonaws.com","instanceId":"Abdullah-pc","level":"error","message":"Error receiving messages","service":"notification-worker-service","timestamp":"I4O8601","version":"1.0.0"}
{"environment":"development","error":{"$metadata":{"attempts":1,"totalRetryDelay":0},"code":"ENOENT","errno":-4058,"hostname":"sqs.us-east-1.amazonaws.com","syscall":"getaddrinfo"},"instanceId":"Abdullah-pc","level":"error","message":"Full error","service":"notification-worker-service","timestamp":"I4O8601","version":"1.0.0"}
{"environment":"development","error":"getaddrinfo ENOENT sqs.us-east-1.amazonaws.com","instanceId":"Abdullah-pc","level":"error","message":"Error receiving messages","service":"worker-service","timestamp":"I4O8601","version":"1.0.0"}
{"environment":"development","error":{"$metadata":{"attempts":1,"totalRetryDelay":0},"code":"ENOENT","errno":-4058,"hostname":"sqs.us-east-1.amazonaws.com","syscall":"getaddrinfo"},"instanceId":"Abdullah-pc","level":"error","message":"Full error","service":"worker-service","timestamp":"I4O8601","version":"1.0.0"}
{"environment":"development","error":"getaddrinfo ENOENT sqs.us-east-1.amazonaws.com","instanceId":"Abdullah-pc","level":"error","message":"Error receiving messages","service":"notification-worker-service","timestamp":"I4O8601","version":"1.0.0"}
{"environment":"development","error":{"$metadata":{"attempts":1,"totalRetryDelay":0},"code":"ENOENT","errno":-4058,"hostname":"sqs.us-east-1.amazonaws.com","syscall":"getaddrinfo"},"instanceId":"Abdullah-pc","level":"error","message":"Full error","service":"notification-worker-service","timestamp":"I4O8601","version":"1.0.0"}
{"environment":"development","error":"getaddrinfo ENOENT sqs.us-east-1.amazonaws.com","instanceId":"Abdullah-pc","level":"error","message":"Error receiving messages","service":"worker-service","timestamp":"I4O8601","version":"1.0.0"}
{"environment":"development","error":"getaddrinfo ENOENT sqs.us-east-1.amazonaws.com","instanceId":"Abdullah-pc","level":"error","message":"Error receiving messages","service":"notification-worker-service","timestamp":"I4O8601","version":"1.0.0"}
{"environment":"development","error":{"$metadata":{"attempts":1,"totalRetryDelay":0},"code":"ENOENT","errno":-4058,"hostname":"sqs.us-east-1.amazonaws.com","syscall":"getaddrinfo"},"instanceId":"Abdullah-pc","level":"error","message":"Full error","service":"notification-worker-service","timestamp":"I4O8601","version":"1.0.0"}
{"environment":"development","error":{"$metadata":{"attempts":1,"totalRetryDelay":0},"code":"ENOENT","errno":-4058,"hostname":"sqs.us-east-1.amazonaws.com","syscall":"getaddrinfo"},"instanceId":"Abdullah-pc","level":"error","message":"Full error","service":"worker-service","timestamp":"I4O8601","version":"1.0.0"}
{"environment":"development","error":"getaddrinfo ENOENT sqs.us-east-1.amazonaws.com","instanceId":"Abdullah-pc","level":"error","message":"Error receiving messages","service":"worker-service","timestamp":"I4O8601","version":"1.0.0"}
{"environment":"development","error":"getaddrinfo ENOENT sqs.us-east-1.amazonaws.com","instanceId":"Abdullah-pc","level":"error","message":"Error receiving messages","service":"notification-worker-service","timestamp":"I4O8601","version":"1.0.0"}
{"environment":"development","error":{"$metadata":{"attempts":1,"totalRetryDelay":0},"code":"ENOENT","errno":-4058,"hostname":"sqs.us-east-1.amazonaws.com","syscall":"getaddrinfo"},"instanceId":"Abdullah-pc","level":"error","message":"Full error","service":"worker-service","timestamp":"I4O8601","version":"1.0.0"}
{"environment":"development","error":"getaddrinfo ENOENT sqs.us-east-1.amazonaws.com","instanceId":"Abdullah-pc","level":"error","message":"Error receiving messages","service":"worker-service","timestamp":"I4O8601","version":"1.0.0"}
{"environment":"development","error":{"$metadata":{"attempts":1,"totalRetryDelay":0},"code":"ENOENT","errno":-4058,"hostname":"sqs.us-east-1.amazonaws.com","syscall":"getaddrinfo"},"instanceId":"Abdullah-pc","level":"error","message":"Full error","service":"notification-worker-service","timestamp":"I4O8601","version":"1.0.0"}
{"environment":"development","error":{"$metadata":{"attempts":1,"totalRetryDelay":0},"code":"ENOENT","errno":-4058,"hostname":"sqs.us-east-1.amazonaws.com","syscall":"getaddrinfo"},"instanceId":"Abdullah-pc","level":"error","message":"Full error","service":"worker-service","timestamp":"I4O8601","version":"1.0.0"}
{"environment":"development","error":"getaddrinfo ENOENT sqs.us-east-1.amazonaws.com","instanceId":"Abdullah-pc","level":"error","message":"Error receiving messages","service":"notification-worker-service","timestamp":"I4O8601","version":"1.0.0"}
{"environment":"development","error":"getaddrinfo ENOENT sqs.us-east-1.amazonaws.com","instanceId":"Abdullah-pc","level":"error","message":"Error receiving messages","service":"worker-service","timestamp":"I4O8601","version":"1.0.0"}
{"environment":"development","error":{"$metadata":{"attempts":1,"totalRetryDelay":0},"code":"ENOENT","errno":-4058,"hostname":"sqs.us-east-1.amazonaws.com","syscall":"getaddrinfo"},"instanceId":"Abdullah-pc","level":"error","message":"Full error","service":"worker-service","timestamp":"I4O8601","version":"1.0.0"}
{"environment":"development","error":{"$metadata":{"attempts":1,"totalRetryDelay":0},"code":"ENOENT","errno":-4058,"hostname":"sqs.us-east-1.amazonaws.com","syscall":"getaddrinfo"},"instanceId":"Abdullah-pc","level":"error","message":"Full error","service":"notification-worker-service","timestamp":"I4O8601","version":"1.0.0"}
{"environment":"development","error":"getaddrinfo ENOENT sqs.us-east-1.amazonaws.com","instanceId":"Abdullah-pc","level":"error","message":"Error receiving messages","service":"worker-service","timestamp":"I4O8601","version":"1.0.0"}
{"environment":"development","error":"getaddrinfo ENOENT sqs.us-east-1.amazonaws.com","instanceId":"Abdullah-pc","level":"error","message":"Error receiving messages","service":"notification-worker-service","timestamp":"I4O8601","version":"1.0.0"}
{"environment":"development","error":{"$metadata":{"attempts":1,"totalRetryDelay":0},"code":"ENOENT","errno":-4058,"hostname":"sqs.us-east-1.amazonaws.com","syscall":"getaddrinfo"},"instanceId":"Abdullah-pc","level":"error","message":"Full error","service":"notification-worker-service","timestamp":"I4O8601","version":"1.0.0"}
{"environment":"development","error":{"$metadata":{"attempts":1,"totalRetryDelay":0},"code":"ENOENT","errno":-4058,"hostname":"sqs.us-east-1.amazonaws.com","syscall":"getaddrinfo"},"instanceId":"Abdullah-pc","level":"error","message":"Full error","service":"worker-service","timestamp":"I4O8601","version":"1.0.0"}
{"environment":"development","error":"getaddrinfo ENOENT sqs.us-east-1.amazonaws.com","instanceId":"Abdullah-pc","level":"error","message":"Error receiving messages","service":"worker-service","timestamp":"I4O8601","version":"1.0.0"}
{"environment":"development","error":"getaddrinfo ENOENT sqs.us-east-1.amazonaws.com","instanceId":"Abdullah-pc","level":"error","message":"Error receiving messages","service":"notification-worker-service","timestamp":"I4O8601","version":"1.0.0"}
{"environment":"development","error":{"$metadata":{"attempts":1,"totalRetryDelay":0},"code":"ENOENT","errno":-4058,"hostname":"sqs.us-east-1.amazonaws.com","syscall":"getaddrinfo"},"instanceId":"Abdullah-pc","level":"error","message":"Full error","service":"worker-service","timestamp":"I4O8601","version":"1.0.0"}
{"environment":"development","error":{"$metadata":{"attempts":1,"totalRetryDelay":0},"code":"ENOENT","errno":-4058,"hostname":"sqs.us-east-1.amazonaws.com","syscall":"getaddrinfo"},"instanceId":"Abdullah-pc","level":"error","message":"Full error","service":"notification-worker-service","timestamp":"I4O8601","version":"1.0.0"}
{"environment":"development","error":"getaddrinfo ENOENT sqs.us-east-1.amazonaws.com","instanceId":"Abdullah-pc","level":"error","message":"Error receiving messages","service":"worker-service","timestamp":"I4O8601","version":"1.0.0"}
{"environment":"development","error":"getaddrinfo ENOENT sqs.us-east-1.amazonaws.com","instanceId":"Abdullah-pc","level":"error","message":"Error receiving messages","service":"notification-worker-service","timestamp":"I4O8601","version":"1.0.0"}
{"environment":"development","error":{"$metadata":{"attempts":1,"totalRetryDelay":0},"code":"ENOENT","errno":-4058,"hostname":"sqs.us-east-1.amazonaws.com","syscall":"getaddrinfo"},"instanceId":"Abdullah-pc","level":"error","message":"Full error","service":"notification-worker-service","timestamp":"I4O8601","version":"1.0.0"}
{"environment":"development","error":{"$metadata":{"attempts":1,"totalRetryDelay":0},"code":"ENOENT","errno":-4058,"hostname":"sqs.us-east-1.amazonaws.com","syscall":"getaddrinfo"},"instanceId":"Abdullah-pc","level":"error","message":"Full error","service":"worker-service","timestamp":"I4O8601","version":"1.0.0"}
{"environment":"development","error":"getaddrinfo ENOENT sqs.us-east-1.amazonaws.com","instanceId":"Abdullah-pc","level":"error","message":"Error receiving messages","service":"notification-worker-service","timestamp":"I4O8601","version":"1.0.0"}
{"environment":"development","error":{"$metadata":{"attempts":1,"totalRetryDelay":0},"code":"ENOENT","errno":-4058,"hostname":"sqs.us-east-1.amazonaws.com","syscall":"getaddrinfo"},"instanceId":"Abdullah-pc","level":"error","message":"Full error","service":"notification-worker-service","timestamp":"I4O8601","version":"1.0.0"}
{"environment":"development","error":"getaddrinfo ENOENT sqs.us-east-1.amazonaws.com","instanceId":"Abdullah-pc","level":"error","message":"Error receiving messages","service":"worker-service","timestamp":"I4O8601","version":"1.0.0"}
{"environment":"development","error":{"$metadata":{"attempts":1,"totalRetryDelay":0},"code":"ENOENT","errno":-4058,"hostname":"sqs.us-east-1.amazonaws.com","syscall":"getaddrinfo"},"instanceId":"Abdullah-pc","level":"error","message":"Full error","service":"worker-service","timestamp":"I4O8601","version":"1.0.0"}
{"environment":"development","error":"getaddrinfo ENOENT sqs.us-east-1.amazonaws.com","instanceId":"Abdullah-pc","level":"error","message":"Error receiving messages","service":"notification-worker-service","timestamp":"I4O8601","version":"1.0.0"}
{"environment":"development","error":{"$metadata":{"attempts":1,"totalRetryDelay":0},"code":"ENOENT","errno":-4058,"hostname":"sqs.us-east-1.amazonaws.com","syscall":"getaddrinfo"},"instanceId":"Abdullah-pc","level":"error","message":"Full error","service":"notification-worker-service","timestamp":"I4O8601","version":"1.0.0"}
{"environment":"development","error":"getaddrinfo ENOENT sqs.us-east-1.amazonaws.com","instanceId":"Abdullah-pc","level":"error","message":"Error receiving messages","service":"worker-service","timestamp":"I4O8601","version":"1.0.0"}
{"environment":"development","error":{"$metadata":{"attempts":1,"totalRetryDelay":0},"code":"ENOENT","errno":-4058,"hostname":"sqs.us-east-1.amazonaws.com","syscall":"getaddrinfo"},"instanceId":"Abdullah-pc","level":"error","message":"Full error","service":"worker-service","timestamp":"I4O8601","version":"1.0.0"}
{"environment":"development","error":"getaddrinfo ENOENT sqs.us-east-1.amazonaws.com","instanceId":"Abdullah-pc","level":"error","message":"Error receiving messages","service":"notification-worker-service","timestamp":"I4O8601","version":"1.0.0"}
{"environment":"development","error":"getaddrinfo ENOENT sqs.us-east-1.amazonaws.com","instanceId":"Abdullah-pc","level":"error","message":"Error receiving messages","service":"worker-service","timestamp":"I4O8601","version":"1.0.0"}
{"environment":"development","error":{"$metadata":{"attempts":1,"totalRetryDelay":0},"code":"ENOENT","errno":-4058,"hostname":"sqs.us-east-1.amazonaws.com","syscall":"getaddrinfo"},"instanceId":"Abdullah-pc","level":"error","message":"Full error","service":"worker-service","timestamp":"I4O8601","version":"1.0.0"}
{"environment":"development","error":{"$metadata":{"attempts":1,"totalRetryDelay":0},"code":"ENOENT","errno":-4058,"hostname":"sqs.us-east-1.amazonaws.com","syscall":"getaddrinfo"},"instanceId":"Abdullah-pc","level":"error","message":"Full error","service":"notification-worker-service","timestamp":"I4O8601","version":"1.0.0"}
{"environment":"development","error":"getaddrinfo ENOENT sqs.us-east-1.amazonaws.com","instanceId":"Abdullah-pc","level":"error","message":"Error receiving messages","service":"worker-service","timestamp":"I4O8601","version":"1.0.0"}
{"environment":"development","error":"getaddrinfo ENOENT sqs.us-east-1.amazonaws.com","instanceId":"Abdullah-pc","level":"error","message":"Error receiving messages","service":"notification-worker-service","timestamp":"I4O8601","version":"1.0.0"}
{"environment":"development","error":{"$metadata":{"attempts":1,"totalRetryDelay":0},"code":"ENOENT","errno":-4058,"hostname":"sqs.us-east-1.amazonaws.com","syscall":"getaddrinfo"},"instanceId":"Abdullah-pc","level":"error","message":"Full error","service":"notification-worker-service","timestamp":"I4O8601","version":"1.0.0"}
{"environment":"development","error":"getaddrinfo ENOENT sqs.us-east-1.amazonaws.com","instanceId":"Abdullah-pc","level":"error","message":"Error receiving messages","service":"notification-worker-service","timestamp":"I4O8601","version":"1.0.0"}
{"environment":"development","error":{"$metadata":{"attempts":1,"totalRetryDelay":0},"code":"ENOENT","errno":-4058,"hostname":"sqs.us-east-1.amazonaws.com","syscall":"getaddrinfo"},"instanceId":"Abdullah-pc","level":"error","message":"Full error","service":"worker-service","timestamp":"I4O8601","version":"1.0.0"}
{"environment":"development","error":{"$metadata":{"attempts":1,"totalRetryDelay":0},"code":"ENOENT","errno":-4058,"hostname":"sqs.us-east-1.amazonaws.com","syscall":"getaddrinfo"},"instanceId":"Abdullah-pc","level":"error","message":"Full error","service":"notification-worker-service","timestamp":"I4O8601","version":"1.0.0"}
{"environment":"development","error":"getaddrinfo ENOENT sqs.us-east-1.amazonaws.com","instanceId":"Abdullah-pc","level":"error","message":"Error receiving messages","service":"worker-service","timestamp":"I4O8601","version":"1.0.0"}
{"environment":"development","error":{"$metadata":{"attempts":1,"totalRetryDelay":0},"code":"ENOENT","errno":-4058,"hostname":"sqs.us-east-1.amazonaws.com","syscall":"getaddrinfo"},"instanceId":"Abdullah-pc","level":"error","message":"Full error","service":"worker-service","timestamp":"I4O8601","version":"1.0.0"}
{"environment":"development","error":"getaddrinfo ENOENT sqs.us-east-1.amazonaws.com","instanceId":"Abdullah-pc","level":"error","message":"Error receiving messages","service":"notification-worker-service","timestamp":"I4O8601","version":"1.0.0"}
{"environment":"development","error":{"$metadata":{"attempts":1,"totalRetryDelay":0},"code":"ENOENT","errno":-4058,"hostname":"sqs.us-east-1.amazonaws.com","syscall":"getaddrinfo"},"instanceId":"Abdullah-pc","level":"error","message":"Full error","service":"notification-worker-service","timestamp":"I4O8601","version":"1.0.0"}
{"environment":"development","error":"getaddrinfo ENOENT sqs.us-east-1.amazonaws.com","instanceId":"Abdullah-pc","level":"error","message":"Error receiving messages","service":"worker-service","timestamp":"I4O8601","version":"1.0.0"}
{"environment":"development","error":{"$metadata":{"attempts":1,"totalRetryDelay":0},"code":"ENOENT","errno":-4058,"hostname":"sqs.us-east-1.amazonaws.com","syscall":"getaddrinfo"},"instanceId":"Abdullah-pc","level":"error","message":"Full error","service":"worker-service","timestamp":"I4O8601","version":"1.0.0"}
{"environment":"development","error":"getaddrinfo ENOENT sqs.us-east-1.amazonaws.com","instanceId":"Abdullah-pc","level":"error","message":"Error receiving messages","service":"notification-worker-service","timestamp":"I4O8601","version":"1.0.0"}
{"environment":"development","error":{"$metadata":{"attempts":1,"totalRetryDelay":0},"code":"ENOENT","errno":-4058,"hostname":"sqs.us-east-1.amazonaws.com","syscall":"getaddrinfo"},"instanceId":"Abdullah-pc","level":"error","message":"Full error","service":"notification-worker-service","timestamp":"I4O8601","version":"1.0.0"}
{"environment":"development","error":"getaddrinfo ENOENT sqs.us-east-1.amazonaws.com","instanceId":"Abdullah-pc","level":"error","message":"Error receiving messages","service":"worker-service","timestamp":"I4O8601","version":"1.0.0"}
{"environment":"development","error":{"$metadata":{"attempts":1,"totalRetryDelay":0},"code":"ENOENT","errno":-4058,"hostname":"sqs.us-east-1.amazonaws.com","syscall":"getaddrinfo"},"instanceId":"Abdullah-pc","level":"error","message":"Full error","service":"worker-service","timestamp":"I4O8601","version":"1.0.0"}
{"environment":"development","error":"getaddrinfo ENOENT sqs.us-east-1.amazonaws.com","instanceId":"Abdullah-pc","level":"error","message":"Error receiving messages","service":"notification-worker-service","timestamp":"I4O8601","version":"1.0.0"}
{"environment":"development","error":{"$metadata":{"attempts":1,"totalRetryDelay":0},"code":"ENOENT","errno":-4058,"hostname":"sqs.us-east-1.amazonaws.com","syscall":"getaddrinfo"},"instanceId":"Abdullah-pc","level":"error","message":"Full error","service":"notification-worker-service","timestamp":"I4O8601","version":"1.0.0"}
{"environment":"development","error":"getaddrinfo ENOENT sqs.us-east-1.amazonaws.com","instanceId":"Abdullah-pc","level":"error","message":"Error receiving messages","service":"worker-service","timestamp":"I4O8601","version":"1.0.0"}
{"environment":"development","error":{"$metadata":{"attempts":1,"totalRetryDelay":0},"code":"ENOENT","errno":-4058,"hostname":"sqs.us-east-1.amazonaws.com","syscall":"getaddrinfo"},"instanceId":"Abdullah-pc","level":"error","message":"Full error","service":"worker-service","timestamp":"I4O8601","version":"1.0.0"}
{"environment":"development","error":"getaddrinfo ENOENT sqs.us-east-1.amazonaws.com","instanceId":"Abdullah-pc","level":"error","message":"Error receiving messages","service":"notification-worker-service","timestamp":"I4O8601","version":"1.0.0"}
{"environment":"development","error":"getaddrinfo ENOENT sqs.us-east-1.amazonaws.com","instanceId":"Abdullah-pc","level":"error","message":"Error receiving messages","service":"worker-service","timestamp":"I4O8601","version":"1.0.0"}
{"environment":"development","error":{"$metadata":{"attempts":1,"totalRetryDelay":0},"code":"ENOENT","errno":-4058,"hostname":"sqs.us-east-1.amazonaws.com","syscall":"getaddrinfo"},"instanceId":"Abdullah-pc","level":"error","message":"Full error","service":"notification-worker-service","timestamp":"I4O8601","version":"1.0.0"}
{"environment":"development","error":{"$metadata":{"attempts":1,"totalRetryDelay":0},"code":"ENOENT","errno":-4058,"hostname":"sqs.us-east-1.amazonaws.com","syscall":"getaddrinfo"},"instanceId":"Abdullah-pc","level":"error","message":"Full error","service":"worker-service","timestamp":"I4O8601","version":"1.0.0"}
{"environment":"development","error":"getaddrinfo ENOENT sqs.us-east-1.amazonaws.com","instanceId":"Abdullah-pc","level":"error","message":"Error receiving messages","service":"notification-worker-service","timestamp":"I4O8601","version":"1.0.0"}
{"environment":"development","error":"getaddrinfo ENOENT sqs.us-east-1.amazonaws.com","instanceId":"Abdullah-pc","level":"error","message":"Error receiving messages","service":"worker-service","timestamp":"I4O8601","version":"1.0.0"}
{"environment":"development","error":{"$metadata":{"attempts":1,"totalRetryDelay":0},"code":"ENOENT","errno":-4058,"hostname":"sqs.us-east-1.amazonaws.com","syscall":"getaddrinfo"},"instanceId":"Abdullah-pc","level":"error","message":"Full error","service":"notification-worker-service","timestamp":"I5O8601","version":"1.0.0"}
{"environment":"development","error":{"$metadata":{"attempts":1,"totalRetryDelay":0},"code":"ENOENT","errno":-4058,"hostname":"sqs.us-east-1.amazonaws.com","syscall":"getaddrinfo"},"instanceId":"Abdullah-pc","level":"error","message":"Full error","service":"worker-service","timestamp":"I5O8601","version":"1.0.0"}
{"environment":"development","error":"read ECONNRESET","instanceId":"Abdullah-pc","level":"error","message":"Error receiving messages","service":"worker-service","timestamp":"I4O8601","version":"1.0.0"}
{"environment":"development","error":"read ECONNRESET","instanceId":"Abdullah-pc","level":"error","message":"Error receiving messages","service":"notification-worker-service","timestamp":"I4O8601","version":"1.0.0"}
{"environment":"development","error":{"$metadata":{"attempts":3,"totalRetryDelay":20},"code":"ECONNRESET","errno":-4077,"name":"TimeoutError","syscall":"read"},"instanceId":"Abdullah-pc","level":"error","message":"Full error","service":"worker-service","timestamp":"I8O8601","version":"1.0.0"}
{"environment":"development","error":{"$metadata":{"attempts":3,"totalRetryDelay":193},"code":"ECONNRESET","errno":-4077,"name":"TimeoutError","syscall":"read"},"instanceId":"Abdullah-pc","level":"error","message":"Full error","service":"notification-worker-service","timestamp":"I7O8601","version":"1.0.0"}
